"","ID","Rate","N","SD","signal"
"1",1,0.5,100,1,1
"2",2,0.75,100,1,1
"3",3,1,100,1,1
"4",4,1.5,100,1,1
"5",5,2,100,1,1
"6",6,0.5,100,2,1
"7",7,0.75,100,2,1
"8",8,1,100,2,1
"9",9,1.5,100,2,1
"10",10,2,100,2,1
"11",11,0.5,100,3,1
"12",12,0.75,100,3,1
"13",13,1,100,3,1
"14",14,1.5,100,3,1
"15",15,2,100,3,1
"16",16,0.5,100,4,1
"17",17,0.75,100,4,1
"18",18,1,100,4,1
"19",19,1.5,100,4,1
"20",20,2,100,4,1
"21",21,0.5,100,6,1
"22",22,0.75,100,6,1
"23",23,1,100,6,1
"24",24,1.5,100,6,1
"25",25,2,100,6,1
"26",26,0.5,100,8,1
"27",27,0.75,100,8,1
"28",28,1,100,8,1
"29",29,1.5,100,8,1
"30",30,2,100,8,1
"31",31,0.5,100,12,1
"32",32,0.75,100,12,1
"33",33,1,100,12,1
"34",34,1.5,100,12,1
"35",35,2,100,12,1
"36",36,0.5,200,1,1
"37",37,0.75,200,1,1
"38",38,1,200,1,1
"39",39,1.5,200,1,1
"40",40,2,200,1,1
"41",41,0.5,200,2,1
"42",42,0.75,200,2,1
"43",43,1,200,2,1
"44",44,1.5,200,2,1
"45",45,2,200,2,1
"46",46,0.5,200,3,1
"47",47,0.75,200,3,1
"48",48,1,200,3,1
"49",49,1.5,200,3,1
"50",50,2,200,3,1
"51",51,0.5,200,4,1
"52",52,0.75,200,4,1
"53",53,1,200,4,1
"54",54,1.5,200,4,1
"55",55,2,200,4,1
"56",56,0.5,200,6,1
"57",57,0.75,200,6,1
"58",58,1,200,6,1
"59",59,1.5,200,6,1
"60",60,2,200,6,1
"61",61,0.5,200,8,1
"62",62,0.75,200,8,1
"63",63,1,200,8,1
"64",64,1.5,200,8,1
"65",65,2,200,8,1
"66",66,0.5,200,12,1
"67",67,0.75,200,12,1
"68",68,1,200,12,1
"69",69,1.5,200,12,1
"70",70,2,200,12,1
"71",71,0.5,300,1,1
"72",72,0.75,300,1,1
"73",73,1,300,1,1
"74",74,1.5,300,1,1
"75",75,2,300,1,1
"76",76,0.5,300,2,1
"77",77,0.75,300,2,1
"78",78,1,300,2,1
"79",79,1.5,300,2,1
"80",80,2,300,2,1
"81",81,0.5,300,3,1
"82",82,0.75,300,3,1
"83",83,1,300,3,1
"84",84,1.5,300,3,1
"85",85,2,300,3,1
"86",86,0.5,300,4,1
"87",87,0.75,300,4,1
"88",88,1,300,4,1
"89",89,1.5,300,4,1
"90",90,2,300,4,1
"91",91,0.5,300,6,1
"92",92,0.75,300,6,1
"93",93,1,300,6,1
"94",94,1.5,300,6,1
"95",95,2,300,6,1
"96",96,0.5,300,8,1
"97",97,0.75,300,8,1
"98",98,1,300,8,1
"99",99,1.5,300,8,1
"100",100,2,300,8,1
"101",101,0.5,300,12,1
"102",102,0.75,300,12,1
"103",103,1,300,12,1
"104",104,1.5,300,12,1
"105",105,2,300,12,1
"106",106,0.5,400,1,1
"107",107,0.75,400,1,1
"108",108,1,400,1,1
"109",109,1.5,400,1,1
"110",110,2,400,1,1
"111",111,0.5,400,2,1
"112",112,0.75,400,2,1
"113",113,1,400,2,1
"114",114,1.5,400,2,1
"115",115,2,400,2,1
"116",116,0.5,400,3,1
"117",117,0.75,400,3,1
"118",118,1,400,3,1
"119",119,1.5,400,3,1
"120",120,2,400,3,1
"121",121,0.5,400,4,1
"122",122,0.75,400,4,1
"123",123,1,400,4,1
"124",124,1.5,400,4,1
"125",125,2,400,4,1
"126",126,0.5,400,6,1
"127",127,0.75,400,6,1
"128",128,1,400,6,1
"129",129,1.5,400,6,1
"130",130,2,400,6,1
"131",131,0.5,400,8,1
"132",132,0.75,400,8,1
"133",133,1,400,8,1
"134",134,1.5,400,8,1
"135",135,2,400,8,1
"136",136,0.5,400,12,1
"137",137,0.75,400,12,1
"138",138,1,400,12,1
"139",139,1.5,400,12,1
"140",140,2,400,12,1
"141",141,0.5,500,1,1
"142",142,0.75,500,1,1
"143",143,1,500,1,1
"144",144,1.5,500,1,1
"145",145,2,500,1,1
"146",146,0.5,500,2,1
"147",147,0.75,500,2,1
"148",148,1,500,2,1
"149",149,1.5,500,2,1
"150",150,2,500,2,1
"151",151,0.5,500,3,1
"152",152,0.75,500,3,1
"153",153,1,500,3,1
"154",154,1.5,500,3,1
"155",155,2,500,3,1
"156",156,0.5,500,4,1
"157",157,0.75,500,4,1
"158",158,1,500,4,1
"159",159,1.5,500,4,1
"160",160,2,500,4,1
"161",161,0.5,500,6,1
"162",162,0.75,500,6,1
"163",163,1,500,6,1
"164",164,1.5,500,6,1
"165",165,2,500,6,1
"166",166,0.5,500,8,1
"167",167,0.75,500,8,1
"168",168,1,500,8,1
"169",169,1.5,500,8,1
"170",170,2,500,8,1
"171",171,0.5,500,12,1
"172",172,0.75,500,12,1
"173",173,1,500,12,1
"174",174,1.5,500,12,1
"175",175,2,500,12,1
"176",176,0.5,100,1,1
"177",177,0.75,100,1,1
"178",178,1,100,1,1
"179",179,1.5,100,1,1
"180",180,2,100,1,1
"181",181,0.5,100,2,1
"182",182,0.75,100,2,1
"183",183,1,100,2,1
"184",184,1.5,100,2,1
"185",185,2,100,2,1
"186",186,0.5,100,3,1
"187",187,0.75,100,3,1
"188",188,1,100,3,1
"189",189,1.5,100,3,1
"190",190,2,100,3,1
"191",191,0.5,100,4,1
"192",192,0.75,100,4,1
"193",193,1,100,4,1
"194",194,1.5,100,4,1
"195",195,2,100,4,1
"196",196,0.5,100,6,1
"197",197,0.75,100,6,1
"198",198,1,100,6,1
"199",199,1.5,100,6,1
"200",200,2,100,6,1
"201",201,0.5,100,8,1
"202",202,0.75,100,8,1
"203",203,1,100,8,1
"204",204,1.5,100,8,1
"205",205,2,100,8,1
"206",206,0.5,100,12,1
"207",207,0.75,100,12,1
"208",208,1,100,12,1
"209",209,1.5,100,12,1
"210",210,2,100,12,1
"211",211,0.5,200,1,1
"212",212,0.75,200,1,1
"213",213,1,200,1,1
"214",214,1.5,200,1,1
"215",215,2,200,1,1
"216",216,0.5,200,2,1
"217",217,0.75,200,2,1
"218",218,1,200,2,1
"219",219,1.5,200,2,1
"220",220,2,200,2,1
"221",221,0.5,200,3,1
"222",222,0.75,200,3,1
"223",223,1,200,3,1
"224",224,1.5,200,3,1
"225",225,2,200,3,1
"226",226,0.5,200,4,1
"227",227,0.75,200,4,1
"228",228,1,200,4,1
"229",229,1.5,200,4,1
"230",230,2,200,4,1
"231",231,0.5,200,6,1
"232",232,0.75,200,6,1
"233",233,1,200,6,1
"234",234,1.5,200,6,1
"235",235,2,200,6,1
"236",236,0.5,200,8,1
"237",237,0.75,200,8,1
"238",238,1,200,8,1
"239",239,1.5,200,8,1
"240",240,2,200,8,1
"241",241,0.5,200,12,1
"242",242,0.75,200,12,1
"243",243,1,200,12,1
"244",244,1.5,200,12,1
"245",245,2,200,12,1
"246",246,0.5,300,1,1
"247",247,0.75,300,1,1
"248",248,1,300,1,1
"249",249,1.5,300,1,1
"250",250,2,300,1,1
"251",251,0.5,300,2,1
"252",252,0.75,300,2,1
"253",253,1,300,2,1
"254",254,1.5,300,2,1
"255",255,2,300,2,1
"256",256,0.5,300,3,1
"257",257,0.75,300,3,1
"258",258,1,300,3,1
"259",259,1.5,300,3,1
"260",260,2,300,3,1
"261",261,0.5,300,4,1
"262",262,0.75,300,4,1
"263",263,1,300,4,1
"264",264,1.5,300,4,1
"265",265,2,300,4,1
"266",266,0.5,300,6,1
"267",267,0.75,300,6,1
"268",268,1,300,6,1
"269",269,1.5,300,6,1
"270",270,2,300,6,1
"271",271,0.5,300,8,1
"272",272,0.75,300,8,1
"273",273,1,300,8,1
"274",274,1.5,300,8,1
"275",275,2,300,8,1
"276",276,0.5,300,12,1
"277",277,0.75,300,12,1
"278",278,1,300,12,1
"279",279,1.5,300,12,1
"280",280,2,300,12,1
"281",281,0.5,400,1,1
"282",282,0.75,400,1,1
"283",283,1,400,1,1
"284",284,1.5,400,1,1
"285",285,2,400,1,1
"286",286,0.5,400,2,1
"287",287,0.75,400,2,1
"288",288,1,400,2,1
"289",289,1.5,400,2,1
"290",290,2,400,2,1
"291",291,0.5,400,3,1
"292",292,0.75,400,3,1
"293",293,1,400,3,1
"294",294,1.5,400,3,1
"295",295,2,400,3,1
"296",296,0.5,400,4,1
"297",297,0.75,400,4,1
"298",298,1,400,4,1
"299",299,1.5,400,4,1
"300",300,2,400,4,1
"301",301,0.5,400,6,1
"302",302,0.75,400,6,1
"303",303,1,400,6,1
"304",304,1.5,400,6,1
"305",305,2,400,6,1
"306",306,0.5,400,8,1
"307",307,0.75,400,8,1
"308",308,1,400,8,1
"309",309,1.5,400,8,1
"310",310,2,400,8,1
"311",311,0.5,400,12,1
"312",312,0.75,400,12,1
"313",313,1,400,12,1
"314",314,1.5,400,12,1
"315",315,2,400,12,1
"316",316,0.5,500,1,1
"317",317,0.75,500,1,1
"318",318,1,500,1,1
"319",319,1.5,500,1,1
"320",320,2,500,1,1
"321",321,0.5,500,2,1
"322",322,0.75,500,2,1
"323",323,1,500,2,1
"324",324,1.5,500,2,1
"325",325,2,500,2,1
"326",326,0.5,500,3,1
"327",327,0.75,500,3,1
"328",328,1,500,3,1
"329",329,1.5,500,3,1
"330",330,2,500,3,1
"331",331,0.5,500,4,1
"332",332,0.75,500,4,1
"333",333,1,500,4,1
"334",334,1.5,500,4,1
"335",335,2,500,4,1
"336",336,0.5,500,6,1
"337",337,0.75,500,6,1
"338",338,1,500,6,1
"339",339,1.5,500,6,1
"340",340,2,500,6,1
"341",341,0.5,500,8,1
"342",342,0.75,500,8,1
"343",343,1,500,8,1
"344",344,1.5,500,8,1
"345",345,2,500,8,1
"346",346,0.5,500,12,1
"347",347,0.75,500,12,1
"348",348,1,500,12,1
"349",349,1.5,500,12,1
"350",350,2,500,12,1
"351",351,0.5,100,1,1
"352",352,0.75,100,1,1
"353",353,1,100,1,1
"354",354,1.5,100,1,1
"355",355,2,100,1,1
"356",356,0.5,100,2,1
"357",357,0.75,100,2,1
"358",358,1,100,2,1
"359",359,1.5,100,2,1
"360",360,2,100,2,1
"361",361,0.5,100,3,1
"362",362,0.75,100,3,1
"363",363,1,100,3,1
"364",364,1.5,100,3,1
"365",365,2,100,3,1
"366",366,0.5,100,4,1
"367",367,0.75,100,4,1
"368",368,1,100,4,1
"369",369,1.5,100,4,1
"370",370,2,100,4,1
"371",371,0.5,100,6,1
"372",372,0.75,100,6,1
"373",373,1,100,6,1
"374",374,1.5,100,6,1
"375",375,2,100,6,1
"376",376,0.5,100,8,1
"377",377,0.75,100,8,1
"378",378,1,100,8,1
"379",379,1.5,100,8,1
"380",380,2,100,8,1
"381",381,0.5,100,12,1
"382",382,0.75,100,12,1
"383",383,1,100,12,1
"384",384,1.5,100,12,1
"385",385,2,100,12,1
"386",386,0.5,200,1,1
"387",387,0.75,200,1,1
"388",388,1,200,1,1
"389",389,1.5,200,1,1
"390",390,2,200,1,1
"391",391,0.5,200,2,1
"392",392,0.75,200,2,1
"393",393,1,200,2,1
"394",394,1.5,200,2,1
"395",395,2,200,2,1
"396",396,0.5,200,3,1
"397",397,0.75,200,3,1
"398",398,1,200,3,1
"399",399,1.5,200,3,1
"400",400,2,200,3,1
"401",401,0.5,200,4,1
"402",402,0.75,200,4,1
"403",403,1,200,4,1
"404",404,1.5,200,4,1
"405",405,2,200,4,1
"406",406,0.5,200,6,1
"407",407,0.75,200,6,1
"408",408,1,200,6,1
"409",409,1.5,200,6,1
"410",410,2,200,6,1
"411",411,0.5,200,8,1
"412",412,0.75,200,8,1
"413",413,1,200,8,1
"414",414,1.5,200,8,1
"415",415,2,200,8,1
"416",416,0.5,200,12,1
"417",417,0.75,200,12,1
"418",418,1,200,12,1
"419",419,1.5,200,12,1
"420",420,2,200,12,1
"421",421,0.5,300,1,1
"422",422,0.75,300,1,1
"423",423,1,300,1,1
"424",424,1.5,300,1,1
"425",425,2,300,1,1
"426",426,0.5,300,2,1
"427",427,0.75,300,2,1
"428",428,1,300,2,1
"429",429,1.5,300,2,1
"430",430,2,300,2,1
"431",431,0.5,300,3,1
"432",432,0.75,300,3,1
"433",433,1,300,3,1
"434",434,1.5,300,3,1
"435",435,2,300,3,1
"436",436,0.5,300,4,1
"437",437,0.75,300,4,1
"438",438,1,300,4,1
"439",439,1.5,300,4,1
"440",440,2,300,4,1
"441",441,0.5,300,6,1
"442",442,0.75,300,6,1
"443",443,1,300,6,1
"444",444,1.5,300,6,1
"445",445,2,300,6,1
"446",446,0.5,300,8,1
"447",447,0.75,300,8,1
"448",448,1,300,8,1
"449",449,1.5,300,8,1
"450",450,2,300,8,1
"451",451,0.5,300,12,1
"452",452,0.75,300,12,1
"453",453,1,300,12,1
"454",454,1.5,300,12,1
"455",455,2,300,12,1
"456",456,0.5,400,1,1
"457",457,0.75,400,1,1
"458",458,1,400,1,1
"459",459,1.5,400,1,1
"460",460,2,400,1,1
"461",461,0.5,400,2,1
"462",462,0.75,400,2,1
"463",463,1,400,2,1
"464",464,1.5,400,2,1
"465",465,2,400,2,1
"466",466,0.5,400,3,1
"467",467,0.75,400,3,1
"468",468,1,400,3,1
"469",469,1.5,400,3,1
"470",470,2,400,3,1
"471",471,0.5,400,4,1
"472",472,0.75,400,4,1
"473",473,1,400,4,1
"474",474,1.5,400,4,1
"475",475,2,400,4,1
"476",476,0.5,400,6,1
"477",477,0.75,400,6,1
"478",478,1,400,6,1
"479",479,1.5,400,6,1
"480",480,2,400,6,1
"481",481,0.5,400,8,1
"482",482,0.75,400,8,1
"483",483,1,400,8,1
"484",484,1.5,400,8,1
"485",485,2,400,8,1
"486",486,0.5,400,12,1
"487",487,0.75,400,12,1
"488",488,1,400,12,1
"489",489,1.5,400,12,1
"490",490,2,400,12,1
"491",491,0.5,500,1,1
"492",492,0.75,500,1,1
"493",493,1,500,1,1
"494",494,1.5,500,1,1
"495",495,2,500,1,1
"496",496,0.5,500,2,1
"497",497,0.75,500,2,1
"498",498,1,500,2,1
"499",499,1.5,500,2,1
"500",500,2,500,2,1
"501",501,0.5,500,3,1
"502",502,0.75,500,3,1
"503",503,1,500,3,1
"504",504,1.5,500,3,1
"505",505,2,500,3,1
"506",506,0.5,500,4,1
"507",507,0.75,500,4,1
"508",508,1,500,4,1
"509",509,1.5,500,4,1
"510",510,2,500,4,1
"511",511,0.5,500,6,1
"512",512,0.75,500,6,1
"513",513,1,500,6,1
"514",514,1.5,500,6,1
"515",515,2,500,6,1
"516",516,0.5,500,8,1
"517",517,0.75,500,8,1
"518",518,1,500,8,1
"519",519,1.5,500,8,1
"520",520,2,500,8,1
"521",521,0.5,500,12,1
"522",522,0.75,500,12,1
"523",523,1,500,12,1
"524",524,1.5,500,12,1
"525",525,2,500,12,1
"526",526,0.5,100,1,1
"527",527,0.75,100,1,1
"528",528,1,100,1,1
"529",529,1.5,100,1,1
"530",530,2,100,1,1
"531",531,0.5,100,2,1
"532",532,0.75,100,2,1
"533",533,1,100,2,1
"534",534,1.5,100,2,1
"535",535,2,100,2,1
"536",536,0.5,100,3,1
"537",537,0.75,100,3,1
"538",538,1,100,3,1
"539",539,1.5,100,3,1
"540",540,2,100,3,1
"541",541,0.5,100,4,1
"542",542,0.75,100,4,1
"543",543,1,100,4,1
"544",544,1.5,100,4,1
"545",545,2,100,4,1
"546",546,0.5,100,6,1
"547",547,0.75,100,6,1
"548",548,1,100,6,1
"549",549,1.5,100,6,1
"550",550,2,100,6,1
"551",551,0.5,100,8,1
"552",552,0.75,100,8,1
"553",553,1,100,8,1
"554",554,1.5,100,8,1
"555",555,2,100,8,1
"556",556,0.5,100,12,1
"557",557,0.75,100,12,1
"558",558,1,100,12,1
"559",559,1.5,100,12,1
"560",560,2,100,12,1
"561",561,0.5,200,1,1
"562",562,0.75,200,1,1
"563",563,1,200,1,1
"564",564,1.5,200,1,1
"565",565,2,200,1,1
"566",566,0.5,200,2,1
"567",567,0.75,200,2,1
"568",568,1,200,2,1
"569",569,1.5,200,2,1
"570",570,2,200,2,1
"571",571,0.5,200,3,1
"572",572,0.75,200,3,1
"573",573,1,200,3,1
"574",574,1.5,200,3,1
"575",575,2,200,3,1
"576",576,0.5,200,4,1
"577",577,0.75,200,4,1
"578",578,1,200,4,1
"579",579,1.5,200,4,1
"580",580,2,200,4,1
"581",581,0.5,200,6,1
"582",582,0.75,200,6,1
"583",583,1,200,6,1
"584",584,1.5,200,6,1
"585",585,2,200,6,1
"586",586,0.5,200,8,1
"587",587,0.75,200,8,1
"588",588,1,200,8,1
"589",589,1.5,200,8,1
"590",590,2,200,8,1
"591",591,0.5,200,12,1
"592",592,0.75,200,12,1
"593",593,1,200,12,1
"594",594,1.5,200,12,1
"595",595,2,200,12,1
"596",596,0.5,300,1,1
"597",597,0.75,300,1,1
"598",598,1,300,1,1
"599",599,1.5,300,1,1
"600",600,2,300,1,1
"601",601,0.5,300,2,1
"602",602,0.75,300,2,1
"603",603,1,300,2,1
"604",604,1.5,300,2,1
"605",605,2,300,2,1
"606",606,0.5,300,3,1
"607",607,0.75,300,3,1
"608",608,1,300,3,1
"609",609,1.5,300,3,1
"610",610,2,300,3,1
"611",611,0.5,300,4,1
"612",612,0.75,300,4,1
"613",613,1,300,4,1
"614",614,1.5,300,4,1
"615",615,2,300,4,1
"616",616,0.5,300,6,1
"617",617,0.75,300,6,1
"618",618,1,300,6,1
"619",619,1.5,300,6,1
"620",620,2,300,6,1
"621",621,0.5,300,8,1
"622",622,0.75,300,8,1
"623",623,1,300,8,1
"624",624,1.5,300,8,1
"625",625,2,300,8,1
"626",626,0.5,300,12,1
"627",627,0.75,300,12,1
"628",628,1,300,12,1
"629",629,1.5,300,12,1
"630",630,2,300,12,1
"631",631,0.5,400,1,1
"632",632,0.75,400,1,1
"633",633,1,400,1,1
"634",634,1.5,400,1,1
"635",635,2,400,1,1
"636",636,0.5,400,2,1
"637",637,0.75,400,2,1
"638",638,1,400,2,1
"639",639,1.5,400,2,1
"640",640,2,400,2,1
"641",641,0.5,400,3,1
"642",642,0.75,400,3,1
"643",643,1,400,3,1
"644",644,1.5,400,3,1
"645",645,2,400,3,1
"646",646,0.5,400,4,1
"647",647,0.75,400,4,1
"648",648,1,400,4,1
"649",649,1.5,400,4,1
"650",650,2,400,4,1
"651",651,0.5,400,6,1
"652",652,0.75,400,6,1
"653",653,1,400,6,1
"654",654,1.5,400,6,1
"655",655,2,400,6,1
"656",656,0.5,400,8,1
"657",657,0.75,400,8,1
"658",658,1,400,8,1
"659",659,1.5,400,8,1
"660",660,2,400,8,1
"661",661,0.5,400,12,1
"662",662,0.75,400,12,1
"663",663,1,400,12,1
"664",664,1.5,400,12,1
"665",665,2,400,12,1
"666",666,0.5,500,1,1
"667",667,0.75,500,1,1
"668",668,1,500,1,1
"669",669,1.5,500,1,1
"670",670,2,500,1,1
"671",671,0.5,500,2,1
"672",672,0.75,500,2,1
"673",673,1,500,2,1
"674",674,1.5,500,2,1
"675",675,2,500,2,1
"676",676,0.5,500,3,1
"677",677,0.75,500,3,1
"678",678,1,500,3,1
"679",679,1.5,500,3,1
"680",680,2,500,3,1
"681",681,0.5,500,4,1
"682",682,0.75,500,4,1
"683",683,1,500,4,1
"684",684,1.5,500,4,1
"685",685,2,500,4,1
"686",686,0.5,500,6,1
"687",687,0.75,500,6,1
"688",688,1,500,6,1
"689",689,1.5,500,6,1
"690",690,2,500,6,1
"691",691,0.5,500,8,1
"692",692,0.75,500,8,1
"693",693,1,500,8,1
"694",694,1.5,500,8,1
"695",695,2,500,8,1
"696",696,0.5,500,12,1
"697",697,0.75,500,12,1
"698",698,1,500,12,1
"699",699,1.5,500,12,1
"700",700,2,500,12,1
"701",701,0.5,100,1,1
"702",702,0.75,100,1,1
"703",703,1,100,1,1
"704",704,1.5,100,1,1
"705",705,2,100,1,1
"706",706,0.5,100,2,1
"707",707,0.75,100,2,1
"708",708,1,100,2,1
"709",709,1.5,100,2,1
"710",710,2,100,2,1
"711",711,0.5,100,3,1
"712",712,0.75,100,3,1
"713",713,1,100,3,1
"714",714,1.5,100,3,1
"715",715,2,100,3,1
"716",716,0.5,100,4,1
"717",717,0.75,100,4,1
"718",718,1,100,4,1
"719",719,1.5,100,4,1
"720",720,2,100,4,1
"721",721,0.5,100,6,1
"722",722,0.75,100,6,1
"723",723,1,100,6,1
"724",724,1.5,100,6,1
"725",725,2,100,6,1
"726",726,0.5,100,8,1
"727",727,0.75,100,8,1
"728",728,1,100,8,1
"729",729,1.5,100,8,1
"730",730,2,100,8,1
"731",731,0.5,100,12,1
"732",732,0.75,100,12,1
"733",733,1,100,12,1
"734",734,1.5,100,12,1
"735",735,2,100,12,1
"736",736,0.5,200,1,1
"737",737,0.75,200,1,1
"738",738,1,200,1,1
"739",739,1.5,200,1,1
"740",740,2,200,1,1
"741",741,0.5,200,2,1
"742",742,0.75,200,2,1
"743",743,1,200,2,1
"744",744,1.5,200,2,1
"745",745,2,200,2,1
"746",746,0.5,200,3,1
"747",747,0.75,200,3,1
"748",748,1,200,3,1
"749",749,1.5,200,3,1
"750",750,2,200,3,1
"751",751,0.5,200,4,1
"752",752,0.75,200,4,1
"753",753,1,200,4,1
"754",754,1.5,200,4,1
"755",755,2,200,4,1
"756",756,0.5,200,6,1
"757",757,0.75,200,6,1
"758",758,1,200,6,1
"759",759,1.5,200,6,1
"760",760,2,200,6,1
"761",761,0.5,200,8,1
"762",762,0.75,200,8,1
"763",763,1,200,8,1
"764",764,1.5,200,8,1
"765",765,2,200,8,1
"766",766,0.5,200,12,1
"767",767,0.75,200,12,1
"768",768,1,200,12,1
"769",769,1.5,200,12,1
"770",770,2,200,12,1
"771",771,0.5,300,1,1
"772",772,0.75,300,1,1
"773",773,1,300,1,1
"774",774,1.5,300,1,1
"775",775,2,300,1,1
"776",776,0.5,300,2,1
"777",777,0.75,300,2,1
"778",778,1,300,2,1
"779",779,1.5,300,2,1
"780",780,2,300,2,1
"781",781,0.5,300,3,1
"782",782,0.75,300,3,1
"783",783,1,300,3,1
"784",784,1.5,300,3,1
"785",785,2,300,3,1
"786",786,0.5,300,4,1
"787",787,0.75,300,4,1
"788",788,1,300,4,1
"789",789,1.5,300,4,1
"790",790,2,300,4,1
"791",791,0.5,300,6,1
"792",792,0.75,300,6,1
"793",793,1,300,6,1
"794",794,1.5,300,6,1
"795",795,2,300,6,1
"796",796,0.5,300,8,1
"797",797,0.75,300,8,1
"798",798,1,300,8,1
"799",799,1.5,300,8,1
"800",800,2,300,8,1
"801",801,0.5,300,12,1
"802",802,0.75,300,12,1
"803",803,1,300,12,1
"804",804,1.5,300,12,1
"805",805,2,300,12,1
"806",806,0.5,400,1,1
"807",807,0.75,400,1,1
"808",808,1,400,1,1
"809",809,1.5,400,1,1
"810",810,2,400,1,1
"811",811,0.5,400,2,1
"812",812,0.75,400,2,1
"813",813,1,400,2,1
"814",814,1.5,400,2,1
"815",815,2,400,2,1
"816",816,0.5,400,3,1
"817",817,0.75,400,3,1
"818",818,1,400,3,1
"819",819,1.5,400,3,1
"820",820,2,400,3,1
"821",821,0.5,400,4,1
"822",822,0.75,400,4,1
"823",823,1,400,4,1
"824",824,1.5,400,4,1
"825",825,2,400,4,1
"826",826,0.5,400,6,1
"827",827,0.75,400,6,1
"828",828,1,400,6,1
"829",829,1.5,400,6,1
"830",830,2,400,6,1
"831",831,0.5,400,8,1
"832",832,0.75,400,8,1
"833",833,1,400,8,1
"834",834,1.5,400,8,1
"835",835,2,400,8,1
"836",836,0.5,400,12,1
"837",837,0.75,400,12,1
"838",838,1,400,12,1
"839",839,1.5,400,12,1
"840",840,2,400,12,1
"841",841,0.5,500,1,1
"842",842,0.75,500,1,1
"843",843,1,500,1,1
"844",844,1.5,500,1,1
"845",845,2,500,1,1
"846",846,0.5,500,2,1
"847",847,0.75,500,2,1
"848",848,1,500,2,1
"849",849,1.5,500,2,1
"850",850,2,500,2,1
"851",851,0.5,500,3,1
"852",852,0.75,500,3,1
"853",853,1,500,3,1
"854",854,1.5,500,3,1
"855",855,2,500,3,1
"856",856,0.5,500,4,1
"857",857,0.75,500,4,1
"858",858,1,500,4,1
"859",859,1.5,500,4,1
"860",860,2,500,4,1
"861",861,0.5,500,6,1
"862",862,0.75,500,6,1
"863",863,1,500,6,1
"864",864,1.5,500,6,1
"865",865,2,500,6,1
"866",866,0.5,500,8,1
"867",867,0.75,500,8,1
"868",868,1,500,8,1
"869",869,1.5,500,8,1
"870",870,2,500,8,1
"871",871,0.5,500,12,1
"872",872,0.75,500,12,1
"873",873,1,500,12,1
"874",874,1.5,500,12,1
"875",875,2,500,12,1
"876",876,0.5,100,1,1
"877",877,0.75,100,1,1
"878",878,1,100,1,1
"879",879,1.5,100,1,1
"880",880,2,100,1,1
"881",881,0.5,100,2,1
"882",882,0.75,100,2,1
"883",883,1,100,2,1
"884",884,1.5,100,2,1
"885",885,2,100,2,1
"886",886,0.5,100,3,1
"887",887,0.75,100,3,1
"888",888,1,100,3,1
"889",889,1.5,100,3,1
"890",890,2,100,3,1
"891",891,0.5,100,4,1
"892",892,0.75,100,4,1
"893",893,1,100,4,1
"894",894,1.5,100,4,1
"895",895,2,100,4,1
"896",896,0.5,100,6,1
"897",897,0.75,100,6,1
"898",898,1,100,6,1
"899",899,1.5,100,6,1
"900",900,2,100,6,1
"901",901,0.5,100,8,1
"902",902,0.75,100,8,1
"903",903,1,100,8,1
"904",904,1.5,100,8,1
"905",905,2,100,8,1
"906",906,0.5,100,12,1
"907",907,0.75,100,12,1
"908",908,1,100,12,1
"909",909,1.5,100,12,1
"910",910,2,100,12,1
"911",911,0.5,200,1,1
"912",912,0.75,200,1,1
"913",913,1,200,1,1
"914",914,1.5,200,1,1
"915",915,2,200,1,1
"916",916,0.5,200,2,1
"917",917,0.75,200,2,1
"918",918,1,200,2,1
"919",919,1.5,200,2,1
"920",920,2,200,2,1
"921",921,0.5,200,3,1
"922",922,0.75,200,3,1
"923",923,1,200,3,1
"924",924,1.5,200,3,1
"925",925,2,200,3,1
"926",926,0.5,200,4,1
"927",927,0.75,200,4,1
"928",928,1,200,4,1
"929",929,1.5,200,4,1
"930",930,2,200,4,1
"931",931,0.5,200,6,1
"932",932,0.75,200,6,1
"933",933,1,200,6,1
"934",934,1.5,200,6,1
"935",935,2,200,6,1
"936",936,0.5,200,8,1
"937",937,0.75,200,8,1
"938",938,1,200,8,1
"939",939,1.5,200,8,1
"940",940,2,200,8,1
"941",941,0.5,200,12,1
"942",942,0.75,200,12,1
"943",943,1,200,12,1
"944",944,1.5,200,12,1
"945",945,2,200,12,1
"946",946,0.5,300,1,1
"947",947,0.75,300,1,1
"948",948,1,300,1,1
"949",949,1.5,300,1,1
"950",950,2,300,1,1
"951",951,0.5,300,2,1
"952",952,0.75,300,2,1
"953",953,1,300,2,1
"954",954,1.5,300,2,1
"955",955,2,300,2,1
"956",956,0.5,300,3,1
"957",957,0.75,300,3,1
"958",958,1,300,3,1
"959",959,1.5,300,3,1
"960",960,2,300,3,1
"961",961,0.5,300,4,1
"962",962,0.75,300,4,1
"963",963,1,300,4,1
"964",964,1.5,300,4,1
"965",965,2,300,4,1
"966",966,0.5,300,6,1
"967",967,0.75,300,6,1
"968",968,1,300,6,1
"969",969,1.5,300,6,1
"970",970,2,300,6,1
"971",971,0.5,300,8,1
"972",972,0.75,300,8,1
"973",973,1,300,8,1
"974",974,1.5,300,8,1
"975",975,2,300,8,1
"976",976,0.5,300,12,1
"977",977,0.75,300,12,1
"978",978,1,300,12,1
"979",979,1.5,300,12,1
"980",980,2,300,12,1
"981",981,0.5,400,1,1
"982",982,0.75,400,1,1
"983",983,1,400,1,1
"984",984,1.5,400,1,1
"985",985,2,400,1,1
"986",986,0.5,400,2,1
"987",987,0.75,400,2,1
"988",988,1,400,2,1
"989",989,1.5,400,2,1
"990",990,2,400,2,1
"991",991,0.5,400,3,1
"992",992,0.75,400,3,1
"993",993,1,400,3,1
"994",994,1.5,400,3,1
"995",995,2,400,3,1
"996",996,0.5,400,4,1
"997",997,0.75,400,4,1
"998",998,1,400,4,1
"999",999,1.5,400,4,1
"1000",1000,2,400,4,1
"1001",1001,0.5,400,6,1
"1002",1002,0.75,400,6,1
"1003",1003,1,400,6,1
"1004",1004,1.5,400,6,1
"1005",1005,2,400,6,1
"1006",1006,0.5,400,8,1
"1007",1007,0.75,400,8,1
"1008",1008,1,400,8,1
"1009",1009,1.5,400,8,1
"1010",1010,2,400,8,1
"1011",1011,0.5,400,12,1
"1012",1012,0.75,400,12,1
"1013",1013,1,400,12,1
"1014",1014,1.5,400,12,1
"1015",1015,2,400,12,1
"1016",1016,0.5,500,1,1
"1017",1017,0.75,500,1,1
"1018",1018,1,500,1,1
"1019",1019,1.5,500,1,1
"1020",1020,2,500,1,1
"1021",1021,0.5,500,2,1
"1022",1022,0.75,500,2,1
"1023",1023,1,500,2,1
"1024",1024,1.5,500,2,1
"1025",1025,2,500,2,1
"1026",1026,0.5,500,3,1
"1027",1027,0.75,500,3,1
"1028",1028,1,500,3,1
"1029",1029,1.5,500,3,1
"1030",1030,2,500,3,1
"1031",1031,0.5,500,4,1
"1032",1032,0.75,500,4,1
"1033",1033,1,500,4,1
"1034",1034,1.5,500,4,1
"1035",1035,2,500,4,1
"1036",1036,0.5,500,6,1
"1037",1037,0.75,500,6,1
"1038",1038,1,500,6,1
"1039",1039,1.5,500,6,1
"1040",1040,2,500,6,1
"1041",1041,0.5,500,8,1
"1042",1042,0.75,500,8,1
"1043",1043,1,500,8,1
"1044",1044,1.5,500,8,1
"1045",1045,2,500,8,1
"1046",1046,0.5,500,12,1
"1047",1047,0.75,500,12,1
"1048",1048,1,500,12,1
"1049",1049,1.5,500,12,1
"1050",1050,2,500,12,1
"1051",1051,0.5,100,1,1
"1052",1052,0.75,100,1,1
"1053",1053,1,100,1,1
"1054",1054,1.5,100,1,1
"1055",1055,2,100,1,1
"1056",1056,0.5,100,2,1
"1057",1057,0.75,100,2,1
"1058",1058,1,100,2,1
"1059",1059,1.5,100,2,1
"1060",1060,2,100,2,1
"1061",1061,0.5,100,3,1
"1062",1062,0.75,100,3,1
"1063",1063,1,100,3,1
"1064",1064,1.5,100,3,1
"1065",1065,2,100,3,1
"1066",1066,0.5,100,4,1
"1067",1067,0.75,100,4,1
"1068",1068,1,100,4,1
"1069",1069,1.5,100,4,1
"1070",1070,2,100,4,1
"1071",1071,0.5,100,6,1
"1072",1072,0.75,100,6,1
"1073",1073,1,100,6,1
"1074",1074,1.5,100,6,1
"1075",1075,2,100,6,1
"1076",1076,0.5,100,8,1
"1077",1077,0.75,100,8,1
"1078",1078,1,100,8,1
"1079",1079,1.5,100,8,1
"1080",1080,2,100,8,1
"1081",1081,0.5,100,12,1
"1082",1082,0.75,100,12,1
"1083",1083,1,100,12,1
"1084",1084,1.5,100,12,1
"1085",1085,2,100,12,1
"1086",1086,0.5,200,1,1
"1087",1087,0.75,200,1,1
"1088",1088,1,200,1,1
"1089",1089,1.5,200,1,1
"1090",1090,2,200,1,1
"1091",1091,0.5,200,2,1
"1092",1092,0.75,200,2,1
"1093",1093,1,200,2,1
"1094",1094,1.5,200,2,1
"1095",1095,2,200,2,1
"1096",1096,0.5,200,3,1
"1097",1097,0.75,200,3,1
"1098",1098,1,200,3,1
"1099",1099,1.5,200,3,1
"1100",1100,2,200,3,1
"1101",1101,0.5,200,4,1
"1102",1102,0.75,200,4,1
"1103",1103,1,200,4,1
"1104",1104,1.5,200,4,1
"1105",1105,2,200,4,1
"1106",1106,0.5,200,6,1
"1107",1107,0.75,200,6,1
"1108",1108,1,200,6,1
"1109",1109,1.5,200,6,1
"1110",1110,2,200,6,1
"1111",1111,0.5,200,8,1
"1112",1112,0.75,200,8,1
"1113",1113,1,200,8,1
"1114",1114,1.5,200,8,1
"1115",1115,2,200,8,1
"1116",1116,0.5,200,12,1
"1117",1117,0.75,200,12,1
"1118",1118,1,200,12,1
"1119",1119,1.5,200,12,1
"1120",1120,2,200,12,1
"1121",1121,0.5,300,1,1
"1122",1122,0.75,300,1,1
"1123",1123,1,300,1,1
"1124",1124,1.5,300,1,1
"1125",1125,2,300,1,1
"1126",1126,0.5,300,2,1
"1127",1127,0.75,300,2,1
"1128",1128,1,300,2,1
"1129",1129,1.5,300,2,1
"1130",1130,2,300,2,1
"1131",1131,0.5,300,3,1
"1132",1132,0.75,300,3,1
"1133",1133,1,300,3,1
"1134",1134,1.5,300,3,1
"1135",1135,2,300,3,1
"1136",1136,0.5,300,4,1
"1137",1137,0.75,300,4,1
"1138",1138,1,300,4,1
"1139",1139,1.5,300,4,1
"1140",1140,2,300,4,1
"1141",1141,0.5,300,6,1
"1142",1142,0.75,300,6,1
"1143",1143,1,300,6,1
"1144",1144,1.5,300,6,1
"1145",1145,2,300,6,1
"1146",1146,0.5,300,8,1
"1147",1147,0.75,300,8,1
"1148",1148,1,300,8,1
"1149",1149,1.5,300,8,1
"1150",1150,2,300,8,1
"1151",1151,0.5,300,12,1
"1152",1152,0.75,300,12,1
"1153",1153,1,300,12,1
"1154",1154,1.5,300,12,1
"1155",1155,2,300,12,1
"1156",1156,0.5,400,1,1
"1157",1157,0.75,400,1,1
"1158",1158,1,400,1,1
"1159",1159,1.5,400,1,1
"1160",1160,2,400,1,1
"1161",1161,0.5,400,2,1
"1162",1162,0.75,400,2,1
"1163",1163,1,400,2,1
"1164",1164,1.5,400,2,1
"1165",1165,2,400,2,1
"1166",1166,0.5,400,3,1
"1167",1167,0.75,400,3,1
"1168",1168,1,400,3,1
"1169",1169,1.5,400,3,1
"1170",1170,2,400,3,1
"1171",1171,0.5,400,4,1
"1172",1172,0.75,400,4,1
"1173",1173,1,400,4,1
"1174",1174,1.5,400,4,1
"1175",1175,2,400,4,1
"1176",1176,0.5,400,6,1
"1177",1177,0.75,400,6,1
"1178",1178,1,400,6,1
"1179",1179,1.5,400,6,1
"1180",1180,2,400,6,1
"1181",1181,0.5,400,8,1
"1182",1182,0.75,400,8,1
"1183",1183,1,400,8,1
"1184",1184,1.5,400,8,1
"1185",1185,2,400,8,1
"1186",1186,0.5,400,12,1
"1187",1187,0.75,400,12,1
"1188",1188,1,400,12,1
"1189",1189,1.5,400,12,1
"1190",1190,2,400,12,1
"1191",1191,0.5,500,1,1
"1192",1192,0.75,500,1,1
"1193",1193,1,500,1,1
"1194",1194,1.5,500,1,1
"1195",1195,2,500,1,1
"1196",1196,0.5,500,2,1
"1197",1197,0.75,500,2,1
"1198",1198,1,500,2,1
"1199",1199,1.5,500,2,1
"1200",1200,2,500,2,1
"1201",1201,0.5,500,3,1
"1202",1202,0.75,500,3,1
"1203",1203,1,500,3,1
"1204",1204,1.5,500,3,1
"1205",1205,2,500,3,1
"1206",1206,0.5,500,4,1
"1207",1207,0.75,500,4,1
"1208",1208,1,500,4,1
"1209",1209,1.5,500,4,1
"1210",1210,2,500,4,1
"1211",1211,0.5,500,6,1
"1212",1212,0.75,500,6,1
"1213",1213,1,500,6,1
"1214",1214,1.5,500,6,1
"1215",1215,2,500,6,1
"1216",1216,0.5,500,8,1
"1217",1217,0.75,500,8,1
"1218",1218,1,500,8,1
"1219",1219,1.5,500,8,1
"1220",1220,2,500,8,1
"1221",1221,0.5,500,12,1
"1222",1222,0.75,500,12,1
"1223",1223,1,500,12,1
"1224",1224,1.5,500,12,1
"1225",1225,2,500,12,1
"1226",1226,0.5,100,1,1
"1227",1227,0.75,100,1,1
"1228",1228,1,100,1,1
"1229",1229,1.5,100,1,1
"1230",1230,2,100,1,1
"1231",1231,0.5,100,2,1
"1232",1232,0.75,100,2,1
"1233",1233,1,100,2,1
"1234",1234,1.5,100,2,1
"1235",1235,2,100,2,1
"1236",1236,0.5,100,3,1
"1237",1237,0.75,100,3,1
"1238",1238,1,100,3,1
"1239",1239,1.5,100,3,1
"1240",1240,2,100,3,1
"1241",1241,0.5,100,4,1
"1242",1242,0.75,100,4,1
"1243",1243,1,100,4,1
"1244",1244,1.5,100,4,1
"1245",1245,2,100,4,1
"1246",1246,0.5,100,6,1
"1247",1247,0.75,100,6,1
"1248",1248,1,100,6,1
"1249",1249,1.5,100,6,1
"1250",1250,2,100,6,1
"1251",1251,0.5,100,8,1
"1252",1252,0.75,100,8,1
"1253",1253,1,100,8,1
"1254",1254,1.5,100,8,1
"1255",1255,2,100,8,1
"1256",1256,0.5,100,12,1
"1257",1257,0.75,100,12,1
"1258",1258,1,100,12,1
"1259",1259,1.5,100,12,1
"1260",1260,2,100,12,1
"1261",1261,0.5,200,1,1
"1262",1262,0.75,200,1,1
"1263",1263,1,200,1,1
"1264",1264,1.5,200,1,1
"1265",1265,2,200,1,1
"1266",1266,0.5,200,2,1
"1267",1267,0.75,200,2,1
"1268",1268,1,200,2,1
"1269",1269,1.5,200,2,1
"1270",1270,2,200,2,1
"1271",1271,0.5,200,3,1
"1272",1272,0.75,200,3,1
"1273",1273,1,200,3,1
"1274",1274,1.5,200,3,1
"1275",1275,2,200,3,1
"1276",1276,0.5,200,4,1
"1277",1277,0.75,200,4,1
"1278",1278,1,200,4,1
"1279",1279,1.5,200,4,1
"1280",1280,2,200,4,1
"1281",1281,0.5,200,6,1
"1282",1282,0.75,200,6,1
"1283",1283,1,200,6,1
"1284",1284,1.5,200,6,1
"1285",1285,2,200,6,1
"1286",1286,0.5,200,8,1
"1287",1287,0.75,200,8,1
"1288",1288,1,200,8,1
"1289",1289,1.5,200,8,1
"1290",1290,2,200,8,1
"1291",1291,0.5,200,12,1
"1292",1292,0.75,200,12,1
"1293",1293,1,200,12,1
"1294",1294,1.5,200,12,1
"1295",1295,2,200,12,1
"1296",1296,0.5,300,1,1
"1297",1297,0.75,300,1,1
"1298",1298,1,300,1,1
"1299",1299,1.5,300,1,1
"1300",1300,2,300,1,1
"1301",1301,0.5,300,2,1
"1302",1302,0.75,300,2,1
"1303",1303,1,300,2,1
"1304",1304,1.5,300,2,1
"1305",1305,2,300,2,1
"1306",1306,0.5,300,3,1
"1307",1307,0.75,300,3,1
"1308",1308,1,300,3,1
"1309",1309,1.5,300,3,1
"1310",1310,2,300,3,1
"1311",1311,0.5,300,4,1
"1312",1312,0.75,300,4,1
"1313",1313,1,300,4,1
"1314",1314,1.5,300,4,1
"1315",1315,2,300,4,1
"1316",1316,0.5,300,6,1
"1317",1317,0.75,300,6,1
"1318",1318,1,300,6,1
"1319",1319,1.5,300,6,1
"1320",1320,2,300,6,1
"1321",1321,0.5,300,8,1
"1322",1322,0.75,300,8,1
"1323",1323,1,300,8,1
"1324",1324,1.5,300,8,1
"1325",1325,2,300,8,1
"1326",1326,0.5,300,12,1
"1327",1327,0.75,300,12,1
"1328",1328,1,300,12,1
"1329",1329,1.5,300,12,1
"1330",1330,2,300,12,1
"1331",1331,0.5,400,1,1
"1332",1332,0.75,400,1,1
"1333",1333,1,400,1,1
"1334",1334,1.5,400,1,1
"1335",1335,2,400,1,1
"1336",1336,0.5,400,2,1
"1337",1337,0.75,400,2,1
"1338",1338,1,400,2,1
"1339",1339,1.5,400,2,1
"1340",1340,2,400,2,1
"1341",1341,0.5,400,3,1
"1342",1342,0.75,400,3,1
"1343",1343,1,400,3,1
"1344",1344,1.5,400,3,1
"1345",1345,2,400,3,1
"1346",1346,0.5,400,4,1
"1347",1347,0.75,400,4,1
"1348",1348,1,400,4,1
"1349",1349,1.5,400,4,1
"1350",1350,2,400,4,1
"1351",1351,0.5,400,6,1
"1352",1352,0.75,400,6,1
"1353",1353,1,400,6,1
"1354",1354,1.5,400,6,1
"1355",1355,2,400,6,1
"1356",1356,0.5,400,8,1
"1357",1357,0.75,400,8,1
"1358",1358,1,400,8,1
"1359",1359,1.5,400,8,1
"1360",1360,2,400,8,1
"1361",1361,0.5,400,12,1
"1362",1362,0.75,400,12,1
"1363",1363,1,400,12,1
"1364",1364,1.5,400,12,1
"1365",1365,2,400,12,1
"1366",1366,0.5,500,1,1
"1367",1367,0.75,500,1,1
"1368",1368,1,500,1,1
"1369",1369,1.5,500,1,1
"1370",1370,2,500,1,1
"1371",1371,0.5,500,2,1
"1372",1372,0.75,500,2,1
"1373",1373,1,500,2,1
"1374",1374,1.5,500,2,1
"1375",1375,2,500,2,1
"1376",1376,0.5,500,3,1
"1377",1377,0.75,500,3,1
"1378",1378,1,500,3,1
"1379",1379,1.5,500,3,1
"1380",1380,2,500,3,1
"1381",1381,0.5,500,4,1
"1382",1382,0.75,500,4,1
"1383",1383,1,500,4,1
"1384",1384,1.5,500,4,1
"1385",1385,2,500,4,1
"1386",1386,0.5,500,6,1
"1387",1387,0.75,500,6,1
"1388",1388,1,500,6,1
"1389",1389,1.5,500,6,1
"1390",1390,2,500,6,1
"1391",1391,0.5,500,8,1
"1392",1392,0.75,500,8,1
"1393",1393,1,500,8,1
"1394",1394,1.5,500,8,1
"1395",1395,2,500,8,1
"1396",1396,0.5,500,12,1
"1397",1397,0.75,500,12,1
"1398",1398,1,500,12,1
"1399",1399,1.5,500,12,1
"1400",1400,2,500,12,1
"1401",1401,0.5,100,1,1
"1402",1402,0.75,100,1,1
"1403",1403,1,100,1,1
"1404",1404,1.5,100,1,1
"1405",1405,2,100,1,1
"1406",1406,0.5,100,2,1
"1407",1407,0.75,100,2,1
"1408",1408,1,100,2,1
"1409",1409,1.5,100,2,1
"1410",1410,2,100,2,1
"1411",1411,0.5,100,3,1
"1412",1412,0.75,100,3,1
"1413",1413,1,100,3,1
"1414",1414,1.5,100,3,1
"1415",1415,2,100,3,1
"1416",1416,0.5,100,4,1
"1417",1417,0.75,100,4,1
"1418",1418,1,100,4,1
"1419",1419,1.5,100,4,1
"1420",1420,2,100,4,1
"1421",1421,0.5,100,6,1
"1422",1422,0.75,100,6,1
"1423",1423,1,100,6,1
"1424",1424,1.5,100,6,1
"1425",1425,2,100,6,1
"1426",1426,0.5,100,8,1
"1427",1427,0.75,100,8,1
"1428",1428,1,100,8,1
"1429",1429,1.5,100,8,1
"1430",1430,2,100,8,1
"1431",1431,0.5,100,12,1
"1432",1432,0.75,100,12,1
"1433",1433,1,100,12,1
"1434",1434,1.5,100,12,1
"1435",1435,2,100,12,1
"1436",1436,0.5,200,1,1
"1437",1437,0.75,200,1,1
"1438",1438,1,200,1,1
"1439",1439,1.5,200,1,1
"1440",1440,2,200,1,1
"1441",1441,0.5,200,2,1
"1442",1442,0.75,200,2,1
"1443",1443,1,200,2,1
"1444",1444,1.5,200,2,1
"1445",1445,2,200,2,1
"1446",1446,0.5,200,3,1
"1447",1447,0.75,200,3,1
"1448",1448,1,200,3,1
"1449",1449,1.5,200,3,1
"1450",1450,2,200,3,1
"1451",1451,0.5,200,4,1
"1452",1452,0.75,200,4,1
"1453",1453,1,200,4,1
"1454",1454,1.5,200,4,1
"1455",1455,2,200,4,1
"1456",1456,0.5,200,6,1
"1457",1457,0.75,200,6,1
"1458",1458,1,200,6,1
"1459",1459,1.5,200,6,1
"1460",1460,2,200,6,1
"1461",1461,0.5,200,8,1
"1462",1462,0.75,200,8,1
"1463",1463,1,200,8,1
"1464",1464,1.5,200,8,1
"1465",1465,2,200,8,1
"1466",1466,0.5,200,12,1
"1467",1467,0.75,200,12,1
"1468",1468,1,200,12,1
"1469",1469,1.5,200,12,1
"1470",1470,2,200,12,1
"1471",1471,0.5,300,1,1
"1472",1472,0.75,300,1,1
"1473",1473,1,300,1,1
"1474",1474,1.5,300,1,1
"1475",1475,2,300,1,1
"1476",1476,0.5,300,2,1
"1477",1477,0.75,300,2,1
"1478",1478,1,300,2,1
"1479",1479,1.5,300,2,1
"1480",1480,2,300,2,1
"1481",1481,0.5,300,3,1
"1482",1482,0.75,300,3,1
"1483",1483,1,300,3,1
"1484",1484,1.5,300,3,1
"1485",1485,2,300,3,1
"1486",1486,0.5,300,4,1
"1487",1487,0.75,300,4,1
"1488",1488,1,300,4,1
"1489",1489,1.5,300,4,1
"1490",1490,2,300,4,1
"1491",1491,0.5,300,6,1
"1492",1492,0.75,300,6,1
"1493",1493,1,300,6,1
"1494",1494,1.5,300,6,1
"1495",1495,2,300,6,1
"1496",1496,0.5,300,8,1
"1497",1497,0.75,300,8,1
"1498",1498,1,300,8,1
"1499",1499,1.5,300,8,1
"1500",1500,2,300,8,1
"1501",1501,0.5,300,12,1
"1502",1502,0.75,300,12,1
"1503",1503,1,300,12,1
"1504",1504,1.5,300,12,1
"1505",1505,2,300,12,1
"1506",1506,0.5,400,1,1
"1507",1507,0.75,400,1,1
"1508",1508,1,400,1,1
"1509",1509,1.5,400,1,1
"1510",1510,2,400,1,1
"1511",1511,0.5,400,2,1
"1512",1512,0.75,400,2,1
"1513",1513,1,400,2,1
"1514",1514,1.5,400,2,1
"1515",1515,2,400,2,1
"1516",1516,0.5,400,3,1
"1517",1517,0.75,400,3,1
"1518",1518,1,400,3,1
"1519",1519,1.5,400,3,1
"1520",1520,2,400,3,1
"1521",1521,0.5,400,4,1
"1522",1522,0.75,400,4,1
"1523",1523,1,400,4,1
"1524",1524,1.5,400,4,1
"1525",1525,2,400,4,1
"1526",1526,0.5,400,6,1
"1527",1527,0.75,400,6,1
"1528",1528,1,400,6,1
"1529",1529,1.5,400,6,1
"1530",1530,2,400,6,1
"1531",1531,0.5,400,8,1
"1532",1532,0.75,400,8,1
"1533",1533,1,400,8,1
"1534",1534,1.5,400,8,1
"1535",1535,2,400,8,1
"1536",1536,0.5,400,12,1
"1537",1537,0.75,400,12,1
"1538",1538,1,400,12,1
"1539",1539,1.5,400,12,1
"1540",1540,2,400,12,1
"1541",1541,0.5,500,1,1
"1542",1542,0.75,500,1,1
"1543",1543,1,500,1,1
"1544",1544,1.5,500,1,1
"1545",1545,2,500,1,1
"1546",1546,0.5,500,2,1
"1547",1547,0.75,500,2,1
"1548",1548,1,500,2,1
"1549",1549,1.5,500,2,1
"1550",1550,2,500,2,1
"1551",1551,0.5,500,3,1
"1552",1552,0.75,500,3,1
"1553",1553,1,500,3,1
"1554",1554,1.5,500,3,1
"1555",1555,2,500,3,1
"1556",1556,0.5,500,4,1
"1557",1557,0.75,500,4,1
"1558",1558,1,500,4,1
"1559",1559,1.5,500,4,1
"1560",1560,2,500,4,1
"1561",1561,0.5,500,6,1
"1562",1562,0.75,500,6,1
"1563",1563,1,500,6,1
"1564",1564,1.5,500,6,1
"1565",1565,2,500,6,1
"1566",1566,0.5,500,8,1
"1567",1567,0.75,500,8,1
"1568",1568,1,500,8,1
"1569",1569,1.5,500,8,1
"1570",1570,2,500,8,1
"1571",1571,0.5,500,12,1
"1572",1572,0.75,500,12,1
"1573",1573,1,500,12,1
"1574",1574,1.5,500,12,1
"1575",1575,2,500,12,1
"1576",1576,0.5,100,1,1
"1577",1577,0.75,100,1,1
"1578",1578,1,100,1,1
"1579",1579,1.5,100,1,1
"1580",1580,2,100,1,1
"1581",1581,0.5,100,2,1
"1582",1582,0.75,100,2,1
"1583",1583,1,100,2,1
"1584",1584,1.5,100,2,1
"1585",1585,2,100,2,1
"1586",1586,0.5,100,3,1
"1587",1587,0.75,100,3,1
"1588",1588,1,100,3,1
"1589",1589,1.5,100,3,1
"1590",1590,2,100,3,1
"1591",1591,0.5,100,4,1
"1592",1592,0.75,100,4,1
"1593",1593,1,100,4,1
"1594",1594,1.5,100,4,1
"1595",1595,2,100,4,1
"1596",1596,0.5,100,6,1
"1597",1597,0.75,100,6,1
"1598",1598,1,100,6,1
"1599",1599,1.5,100,6,1
"1600",1600,2,100,6,1
"1601",1601,0.5,100,8,1
"1602",1602,0.75,100,8,1
"1603",1603,1,100,8,1
"1604",1604,1.5,100,8,1
"1605",1605,2,100,8,1
"1606",1606,0.5,100,12,1
"1607",1607,0.75,100,12,1
"1608",1608,1,100,12,1
"1609",1609,1.5,100,12,1
"1610",1610,2,100,12,1
"1611",1611,0.5,200,1,1
"1612",1612,0.75,200,1,1
"1613",1613,1,200,1,1
"1614",1614,1.5,200,1,1
"1615",1615,2,200,1,1
"1616",1616,0.5,200,2,1
"1617",1617,0.75,200,2,1
"1618",1618,1,200,2,1
"1619",1619,1.5,200,2,1
"1620",1620,2,200,2,1
"1621",1621,0.5,200,3,1
"1622",1622,0.75,200,3,1
"1623",1623,1,200,3,1
"1624",1624,1.5,200,3,1
"1625",1625,2,200,3,1
"1626",1626,0.5,200,4,1
"1627",1627,0.75,200,4,1
"1628",1628,1,200,4,1
"1629",1629,1.5,200,4,1
"1630",1630,2,200,4,1
"1631",1631,0.5,200,6,1
"1632",1632,0.75,200,6,1
"1633",1633,1,200,6,1
"1634",1634,1.5,200,6,1
"1635",1635,2,200,6,1
"1636",1636,0.5,200,8,1
"1637",1637,0.75,200,8,1
"1638",1638,1,200,8,1
"1639",1639,1.5,200,8,1
"1640",1640,2,200,8,1
"1641",1641,0.5,200,12,1
"1642",1642,0.75,200,12,1
"1643",1643,1,200,12,1
"1644",1644,1.5,200,12,1
"1645",1645,2,200,12,1
"1646",1646,0.5,300,1,1
"1647",1647,0.75,300,1,1
"1648",1648,1,300,1,1
"1649",1649,1.5,300,1,1
"1650",1650,2,300,1,1
"1651",1651,0.5,300,2,1
"1652",1652,0.75,300,2,1
"1653",1653,1,300,2,1
"1654",1654,1.5,300,2,1
"1655",1655,2,300,2,1
"1656",1656,0.5,300,3,1
"1657",1657,0.75,300,3,1
"1658",1658,1,300,3,1
"1659",1659,1.5,300,3,1
"1660",1660,2,300,3,1
"1661",1661,0.5,300,4,1
"1662",1662,0.75,300,4,1
"1663",1663,1,300,4,1
"1664",1664,1.5,300,4,1
"1665",1665,2,300,4,1
"1666",1666,0.5,300,6,1
"1667",1667,0.75,300,6,1
"1668",1668,1,300,6,1
"1669",1669,1.5,300,6,1
"1670",1670,2,300,6,1
"1671",1671,0.5,300,8,1
"1672",1672,0.75,300,8,1
"1673",1673,1,300,8,1
"1674",1674,1.5,300,8,1
"1675",1675,2,300,8,1
"1676",1676,0.5,300,12,1
"1677",1677,0.75,300,12,1
"1678",1678,1,300,12,1
"1679",1679,1.5,300,12,1
"1680",1680,2,300,12,1
"1681",1681,0.5,400,1,1
"1682",1682,0.75,400,1,1
"1683",1683,1,400,1,1
"1684",1684,1.5,400,1,1
"1685",1685,2,400,1,1
"1686",1686,0.5,400,2,1
"1687",1687,0.75,400,2,1
"1688",1688,1,400,2,1
"1689",1689,1.5,400,2,1
"1690",1690,2,400,2,1
"1691",1691,0.5,400,3,1
"1692",1692,0.75,400,3,1
"1693",1693,1,400,3,1
"1694",1694,1.5,400,3,1
"1695",1695,2,400,3,1
"1696",1696,0.5,400,4,1
"1697",1697,0.75,400,4,1
"1698",1698,1,400,4,1
"1699",1699,1.5,400,4,1
"1700",1700,2,400,4,1
"1701",1701,0.5,400,6,1
"1702",1702,0.75,400,6,1
"1703",1703,1,400,6,1
"1704",1704,1.5,400,6,1
"1705",1705,2,400,6,1
"1706",1706,0.5,400,8,1
"1707",1707,0.75,400,8,1
"1708",1708,1,400,8,1
"1709",1709,1.5,400,8,1
"1710",1710,2,400,8,1
"1711",1711,0.5,400,12,1
"1712",1712,0.75,400,12,1
"1713",1713,1,400,12,1
"1714",1714,1.5,400,12,1
"1715",1715,2,400,12,1
"1716",1716,0.5,500,1,1
"1717",1717,0.75,500,1,1
"1718",1718,1,500,1,1
"1719",1719,1.5,500,1,1
"1720",1720,2,500,1,1
"1721",1721,0.5,500,2,1
"1722",1722,0.75,500,2,1
"1723",1723,1,500,2,1
"1724",1724,1.5,500,2,1
"1725",1725,2,500,2,1
"1726",1726,0.5,500,3,1
"1727",1727,0.75,500,3,1
"1728",1728,1,500,3,1
"1729",1729,1.5,500,3,1
"1730",1730,2,500,3,1
"1731",1731,0.5,500,4,1
"1732",1732,0.75,500,4,1
"1733",1733,1,500,4,1
"1734",1734,1.5,500,4,1
"1735",1735,2,500,4,1
"1736",1736,0.5,500,6,1
"1737",1737,0.75,500,6,1
"1738",1738,1,500,6,1
"1739",1739,1.5,500,6,1
"1740",1740,2,500,6,1
"1741",1741,0.5,500,8,1
"1742",1742,0.75,500,8,1
"1743",1743,1,500,8,1
"1744",1744,1.5,500,8,1
"1745",1745,2,500,8,1
"1746",1746,0.5,500,12,1
"1747",1747,0.75,500,12,1
"1748",1748,1,500,12,1
"1749",1749,1.5,500,12,1
"1750",1750,2,500,12,1
"1751",1751,0.5,100,1,0
"1752",1752,0.75,100,1,0
"1753",1753,1,100,1,0
"1754",1754,1.5,100,1,0
"1755",1755,2,100,1,0
"1756",1756,0.5,100,2,0
"1757",1757,0.75,100,2,0
"1758",1758,1,100,2,0
"1759",1759,1.5,100,2,0
"1760",1760,2,100,2,0
"1761",1761,0.5,100,3,0
"1762",1762,0.75,100,3,0
"1763",1763,1,100,3,0
"1764",1764,1.5,100,3,0
"1765",1765,2,100,3,0
"1766",1766,0.5,100,4,0
"1767",1767,0.75,100,4,0
"1768",1768,1,100,4,0
"1769",1769,1.5,100,4,0
"1770",1770,2,100,4,0
"1771",1771,0.5,100,6,0
"1772",1772,0.75,100,6,0
"1773",1773,1,100,6,0
"1774",1774,1.5,100,6,0
"1775",1775,2,100,6,0
"1776",1776,0.5,100,8,0
"1777",1777,0.75,100,8,0
"1778",1778,1,100,8,0
"1779",1779,1.5,100,8,0
"1780",1780,2,100,8,0
"1781",1781,0.5,100,12,0
"1782",1782,0.75,100,12,0
"1783",1783,1,100,12,0
"1784",1784,1.5,100,12,0
"1785",1785,2,100,12,0
"1786",1786,0.5,200,1,0
"1787",1787,0.75,200,1,0
"1788",1788,1,200,1,0
"1789",1789,1.5,200,1,0
"1790",1790,2,200,1,0
"1791",1791,0.5,200,2,0
"1792",1792,0.75,200,2,0
"1793",1793,1,200,2,0
"1794",1794,1.5,200,2,0
"1795",1795,2,200,2,0
"1796",1796,0.5,200,3,0
"1797",1797,0.75,200,3,0
"1798",1798,1,200,3,0
"1799",1799,1.5,200,3,0
"1800",1800,2,200,3,0
"1801",1801,0.5,200,4,0
"1802",1802,0.75,200,4,0
"1803",1803,1,200,4,0
"1804",1804,1.5,200,4,0
"1805",1805,2,200,4,0
"1806",1806,0.5,200,6,0
"1807",1807,0.75,200,6,0
"1808",1808,1,200,6,0
"1809",1809,1.5,200,6,0
"1810",1810,2,200,6,0
"1811",1811,0.5,200,8,0
"1812",1812,0.75,200,8,0
"1813",1813,1,200,8,0
"1814",1814,1.5,200,8,0
"1815",1815,2,200,8,0
"1816",1816,0.5,200,12,0
"1817",1817,0.75,200,12,0
"1818",1818,1,200,12,0
"1819",1819,1.5,200,12,0
"1820",1820,2,200,12,0
"1821",1821,0.5,300,1,0
"1822",1822,0.75,300,1,0
"1823",1823,1,300,1,0
"1824",1824,1.5,300,1,0
"1825",1825,2,300,1,0
"1826",1826,0.5,300,2,0
"1827",1827,0.75,300,2,0
"1828",1828,1,300,2,0
"1829",1829,1.5,300,2,0
"1830",1830,2,300,2,0
"1831",1831,0.5,300,3,0
"1832",1832,0.75,300,3,0
"1833",1833,1,300,3,0
"1834",1834,1.5,300,3,0
"1835",1835,2,300,3,0
"1836",1836,0.5,300,4,0
"1837",1837,0.75,300,4,0
"1838",1838,1,300,4,0
"1839",1839,1.5,300,4,0
"1840",1840,2,300,4,0
"1841",1841,0.5,300,6,0
"1842",1842,0.75,300,6,0
"1843",1843,1,300,6,0
"1844",1844,1.5,300,6,0
"1845",1845,2,300,6,0
"1846",1846,0.5,300,8,0
"1847",1847,0.75,300,8,0
"1848",1848,1,300,8,0
"1849",1849,1.5,300,8,0
"1850",1850,2,300,8,0
"1851",1851,0.5,300,12,0
"1852",1852,0.75,300,12,0
"1853",1853,1,300,12,0
"1854",1854,1.5,300,12,0
"1855",1855,2,300,12,0
"1856",1856,0.5,400,1,0
"1857",1857,0.75,400,1,0
"1858",1858,1,400,1,0
"1859",1859,1.5,400,1,0
"1860",1860,2,400,1,0
"1861",1861,0.5,400,2,0
"1862",1862,0.75,400,2,0
"1863",1863,1,400,2,0
"1864",1864,1.5,400,2,0
"1865",1865,2,400,2,0
"1866",1866,0.5,400,3,0
"1867",1867,0.75,400,3,0
"1868",1868,1,400,3,0
"1869",1869,1.5,400,3,0
"1870",1870,2,400,3,0
"1871",1871,0.5,400,4,0
"1872",1872,0.75,400,4,0
"1873",1873,1,400,4,0
"1874",1874,1.5,400,4,0
"1875",1875,2,400,4,0
"1876",1876,0.5,400,6,0
"1877",1877,0.75,400,6,0
"1878",1878,1,400,6,0
"1879",1879,1.5,400,6,0
"1880",1880,2,400,6,0
"1881",1881,0.5,400,8,0
"1882",1882,0.75,400,8,0
"1883",1883,1,400,8,0
"1884",1884,1.5,400,8,0
"1885",1885,2,400,8,0
"1886",1886,0.5,400,12,0
"1887",1887,0.75,400,12,0
"1888",1888,1,400,12,0
"1889",1889,1.5,400,12,0
"1890",1890,2,400,12,0
"1891",1891,0.5,500,1,0
"1892",1892,0.75,500,1,0
"1893",1893,1,500,1,0
"1894",1894,1.5,500,1,0
"1895",1895,2,500,1,0
"1896",1896,0.5,500,2,0
"1897",1897,0.75,500,2,0
"1898",1898,1,500,2,0
"1899",1899,1.5,500,2,0
"1900",1900,2,500,2,0
"1901",1901,0.5,500,3,0
"1902",1902,0.75,500,3,0
"1903",1903,1,500,3,0
"1904",1904,1.5,500,3,0
"1905",1905,2,500,3,0
"1906",1906,0.5,500,4,0
"1907",1907,0.75,500,4,0
"1908",1908,1,500,4,0
"1909",1909,1.5,500,4,0
"1910",1910,2,500,4,0
"1911",1911,0.5,500,6,0
"1912",1912,0.75,500,6,0
"1913",1913,1,500,6,0
"1914",1914,1.5,500,6,0
"1915",1915,2,500,6,0
"1916",1916,0.5,500,8,0
"1917",1917,0.75,500,8,0
"1918",1918,1,500,8,0
"1919",1919,1.5,500,8,0
"1920",1920,2,500,8,0
"1921",1921,0.5,500,12,0
"1922",1922,0.75,500,12,0
"1923",1923,1,500,12,0
"1924",1924,1.5,500,12,0
"1925",1925,2,500,12,0
"1926",1926,0.5,100,1,0
"1927",1927,0.75,100,1,0
"1928",1928,1,100,1,0
"1929",1929,1.5,100,1,0
"1930",1930,2,100,1,0
"1931",1931,0.5,100,2,0
"1932",1932,0.75,100,2,0
"1933",1933,1,100,2,0
"1934",1934,1.5,100,2,0
"1935",1935,2,100,2,0
"1936",1936,0.5,100,3,0
"1937",1937,0.75,100,3,0
"1938",1938,1,100,3,0
"1939",1939,1.5,100,3,0
"1940",1940,2,100,3,0
"1941",1941,0.5,100,4,0
"1942",1942,0.75,100,4,0
"1943",1943,1,100,4,0
"1944",1944,1.5,100,4,0
"1945",1945,2,100,4,0
"1946",1946,0.5,100,6,0
"1947",1947,0.75,100,6,0
"1948",1948,1,100,6,0
"1949",1949,1.5,100,6,0
"1950",1950,2,100,6,0
"1951",1951,0.5,100,8,0
"1952",1952,0.75,100,8,0
"1953",1953,1,100,8,0
"1954",1954,1.5,100,8,0
"1955",1955,2,100,8,0
"1956",1956,0.5,100,12,0
"1957",1957,0.75,100,12,0
"1958",1958,1,100,12,0
"1959",1959,1.5,100,12,0
"1960",1960,2,100,12,0
"1961",1961,0.5,200,1,0
"1962",1962,0.75,200,1,0
"1963",1963,1,200,1,0
"1964",1964,1.5,200,1,0
"1965",1965,2,200,1,0
"1966",1966,0.5,200,2,0
"1967",1967,0.75,200,2,0
"1968",1968,1,200,2,0
"1969",1969,1.5,200,2,0
"1970",1970,2,200,2,0
"1971",1971,0.5,200,3,0
"1972",1972,0.75,200,3,0
"1973",1973,1,200,3,0
"1974",1974,1.5,200,3,0
"1975",1975,2,200,3,0
"1976",1976,0.5,200,4,0
"1977",1977,0.75,200,4,0
"1978",1978,1,200,4,0
"1979",1979,1.5,200,4,0
"1980",1980,2,200,4,0
"1981",1981,0.5,200,6,0
"1982",1982,0.75,200,6,0
"1983",1983,1,200,6,0
"1984",1984,1.5,200,6,0
"1985",1985,2,200,6,0
"1986",1986,0.5,200,8,0
"1987",1987,0.75,200,8,0
"1988",1988,1,200,8,0
"1989",1989,1.5,200,8,0
"1990",1990,2,200,8,0
"1991",1991,0.5,200,12,0
"1992",1992,0.75,200,12,0
"1993",1993,1,200,12,0
"1994",1994,1.5,200,12,0
"1995",1995,2,200,12,0
"1996",1996,0.5,300,1,0
"1997",1997,0.75,300,1,0
"1998",1998,1,300,1,0
"1999",1999,1.5,300,1,0
"2000",2000,2,300,1,0
"2001",2001,0.5,300,2,0
"2002",2002,0.75,300,2,0
"2003",2003,1,300,2,0
"2004",2004,1.5,300,2,0
"2005",2005,2,300,2,0
"2006",2006,0.5,300,3,0
"2007",2007,0.75,300,3,0
"2008",2008,1,300,3,0
"2009",2009,1.5,300,3,0
"2010",2010,2,300,3,0
"2011",2011,0.5,300,4,0
"2012",2012,0.75,300,4,0
"2013",2013,1,300,4,0
"2014",2014,1.5,300,4,0
"2015",2015,2,300,4,0
"2016",2016,0.5,300,6,0
"2017",2017,0.75,300,6,0
"2018",2018,1,300,6,0
"2019",2019,1.5,300,6,0
"2020",2020,2,300,6,0
"2021",2021,0.5,300,8,0
"2022",2022,0.75,300,8,0
"2023",2023,1,300,8,0
"2024",2024,1.5,300,8,0
"2025",2025,2,300,8,0
"2026",2026,0.5,300,12,0
"2027",2027,0.75,300,12,0
"2028",2028,1,300,12,0
"2029",2029,1.5,300,12,0
"2030",2030,2,300,12,0
"2031",2031,0.5,400,1,0
"2032",2032,0.75,400,1,0
"2033",2033,1,400,1,0
"2034",2034,1.5,400,1,0
"2035",2035,2,400,1,0
"2036",2036,0.5,400,2,0
"2037",2037,0.75,400,2,0
"2038",2038,1,400,2,0
"2039",2039,1.5,400,2,0
"2040",2040,2,400,2,0
"2041",2041,0.5,400,3,0
"2042",2042,0.75,400,3,0
"2043",2043,1,400,3,0
"2044",2044,1.5,400,3,0
"2045",2045,2,400,3,0
"2046",2046,0.5,400,4,0
"2047",2047,0.75,400,4,0
"2048",2048,1,400,4,0
"2049",2049,1.5,400,4,0
"2050",2050,2,400,4,0
"2051",2051,0.5,400,6,0
"2052",2052,0.75,400,6,0
"2053",2053,1,400,6,0
"2054",2054,1.5,400,6,0
"2055",2055,2,400,6,0
"2056",2056,0.5,400,8,0
"2057",2057,0.75,400,8,0
"2058",2058,1,400,8,0
"2059",2059,1.5,400,8,0
"2060",2060,2,400,8,0
"2061",2061,0.5,400,12,0
"2062",2062,0.75,400,12,0
"2063",2063,1,400,12,0
"2064",2064,1.5,400,12,0
"2065",2065,2,400,12,0
"2066",2066,0.5,500,1,0
"2067",2067,0.75,500,1,0
"2068",2068,1,500,1,0
"2069",2069,1.5,500,1,0
"2070",2070,2,500,1,0
"2071",2071,0.5,500,2,0
"2072",2072,0.75,500,2,0
"2073",2073,1,500,2,0
"2074",2074,1.5,500,2,0
"2075",2075,2,500,2,0
"2076",2076,0.5,500,3,0
"2077",2077,0.75,500,3,0
"2078",2078,1,500,3,0
"2079",2079,1.5,500,3,0
"2080",2080,2,500,3,0
"2081",2081,0.5,500,4,0
"2082",2082,0.75,500,4,0
"2083",2083,1,500,4,0
"2084",2084,1.5,500,4,0
"2085",2085,2,500,4,0
"2086",2086,0.5,500,6,0
"2087",2087,0.75,500,6,0
"2088",2088,1,500,6,0
"2089",2089,1.5,500,6,0
"2090",2090,2,500,6,0
"2091",2091,0.5,500,8,0
"2092",2092,0.75,500,8,0
"2093",2093,1,500,8,0
"2094",2094,1.5,500,8,0
"2095",2095,2,500,8,0
"2096",2096,0.5,500,12,0
"2097",2097,0.75,500,12,0
"2098",2098,1,500,12,0
"2099",2099,1.5,500,12,0
"2100",2100,2,500,12,0
"2101",2101,0.5,100,1,0
"2102",2102,0.75,100,1,0
"2103",2103,1,100,1,0
"2104",2104,1.5,100,1,0
"2105",2105,2,100,1,0
"2106",2106,0.5,100,2,0
"2107",2107,0.75,100,2,0
"2108",2108,1,100,2,0
"2109",2109,1.5,100,2,0
"2110",2110,2,100,2,0
"2111",2111,0.5,100,3,0
"2112",2112,0.75,100,3,0
"2113",2113,1,100,3,0
"2114",2114,1.5,100,3,0
"2115",2115,2,100,3,0
"2116",2116,0.5,100,4,0
"2117",2117,0.75,100,4,0
"2118",2118,1,100,4,0
"2119",2119,1.5,100,4,0
"2120",2120,2,100,4,0
"2121",2121,0.5,100,6,0
"2122",2122,0.75,100,6,0
"2123",2123,1,100,6,0
"2124",2124,1.5,100,6,0
"2125",2125,2,100,6,0
"2126",2126,0.5,100,8,0
"2127",2127,0.75,100,8,0
"2128",2128,1,100,8,0
"2129",2129,1.5,100,8,0
"2130",2130,2,100,8,0
"2131",2131,0.5,100,12,0
"2132",2132,0.75,100,12,0
"2133",2133,1,100,12,0
"2134",2134,1.5,100,12,0
"2135",2135,2,100,12,0
"2136",2136,0.5,200,1,0
"2137",2137,0.75,200,1,0
"2138",2138,1,200,1,0
"2139",2139,1.5,200,1,0
"2140",2140,2,200,1,0
"2141",2141,0.5,200,2,0
"2142",2142,0.75,200,2,0
"2143",2143,1,200,2,0
"2144",2144,1.5,200,2,0
"2145",2145,2,200,2,0
"2146",2146,0.5,200,3,0
"2147",2147,0.75,200,3,0
"2148",2148,1,200,3,0
"2149",2149,1.5,200,3,0
"2150",2150,2,200,3,0
"2151",2151,0.5,200,4,0
"2152",2152,0.75,200,4,0
"2153",2153,1,200,4,0
"2154",2154,1.5,200,4,0
"2155",2155,2,200,4,0
"2156",2156,0.5,200,6,0
"2157",2157,0.75,200,6,0
"2158",2158,1,200,6,0
"2159",2159,1.5,200,6,0
"2160",2160,2,200,6,0
"2161",2161,0.5,200,8,0
"2162",2162,0.75,200,8,0
"2163",2163,1,200,8,0
"2164",2164,1.5,200,8,0
"2165",2165,2,200,8,0
"2166",2166,0.5,200,12,0
"2167",2167,0.75,200,12,0
"2168",2168,1,200,12,0
"2169",2169,1.5,200,12,0
"2170",2170,2,200,12,0
"2171",2171,0.5,300,1,0
"2172",2172,0.75,300,1,0
"2173",2173,1,300,1,0
"2174",2174,1.5,300,1,0
"2175",2175,2,300,1,0
"2176",2176,0.5,300,2,0
"2177",2177,0.75,300,2,0
"2178",2178,1,300,2,0
"2179",2179,1.5,300,2,0
"2180",2180,2,300,2,0
"2181",2181,0.5,300,3,0
"2182",2182,0.75,300,3,0
"2183",2183,1,300,3,0
"2184",2184,1.5,300,3,0
"2185",2185,2,300,3,0
"2186",2186,0.5,300,4,0
"2187",2187,0.75,300,4,0
"2188",2188,1,300,4,0
"2189",2189,1.5,300,4,0
"2190",2190,2,300,4,0
"2191",2191,0.5,300,6,0
"2192",2192,0.75,300,6,0
"2193",2193,1,300,6,0
"2194",2194,1.5,300,6,0
"2195",2195,2,300,6,0
"2196",2196,0.5,300,8,0
"2197",2197,0.75,300,8,0
"2198",2198,1,300,8,0
"2199",2199,1.5,300,8,0
"2200",2200,2,300,8,0
"2201",2201,0.5,300,12,0
"2202",2202,0.75,300,12,0
"2203",2203,1,300,12,0
"2204",2204,1.5,300,12,0
"2205",2205,2,300,12,0
"2206",2206,0.5,400,1,0
"2207",2207,0.75,400,1,0
"2208",2208,1,400,1,0
"2209",2209,1.5,400,1,0
"2210",2210,2,400,1,0
"2211",2211,0.5,400,2,0
"2212",2212,0.75,400,2,0
"2213",2213,1,400,2,0
"2214",2214,1.5,400,2,0
"2215",2215,2,400,2,0
"2216",2216,0.5,400,3,0
"2217",2217,0.75,400,3,0
"2218",2218,1,400,3,0
"2219",2219,1.5,400,3,0
"2220",2220,2,400,3,0
"2221",2221,0.5,400,4,0
"2222",2222,0.75,400,4,0
"2223",2223,1,400,4,0
"2224",2224,1.5,400,4,0
"2225",2225,2,400,4,0
"2226",2226,0.5,400,6,0
"2227",2227,0.75,400,6,0
"2228",2228,1,400,6,0
"2229",2229,1.5,400,6,0
"2230",2230,2,400,6,0
"2231",2231,0.5,400,8,0
"2232",2232,0.75,400,8,0
"2233",2233,1,400,8,0
"2234",2234,1.5,400,8,0
"2235",2235,2,400,8,0
"2236",2236,0.5,400,12,0
"2237",2237,0.75,400,12,0
"2238",2238,1,400,12,0
"2239",2239,1.5,400,12,0
"2240",2240,2,400,12,0
"2241",2241,0.5,500,1,0
"2242",2242,0.75,500,1,0
"2243",2243,1,500,1,0
"2244",2244,1.5,500,1,0
"2245",2245,2,500,1,0
"2246",2246,0.5,500,2,0
"2247",2247,0.75,500,2,0
"2248",2248,1,500,2,0
"2249",2249,1.5,500,2,0
"2250",2250,2,500,2,0
"2251",2251,0.5,500,3,0
"2252",2252,0.75,500,3,0
"2253",2253,1,500,3,0
"2254",2254,1.5,500,3,0
"2255",2255,2,500,3,0
"2256",2256,0.5,500,4,0
"2257",2257,0.75,500,4,0
"2258",2258,1,500,4,0
"2259",2259,1.5,500,4,0
"2260",2260,2,500,4,0
"2261",2261,0.5,500,6,0
"2262",2262,0.75,500,6,0
"2263",2263,1,500,6,0
"2264",2264,1.5,500,6,0
"2265",2265,2,500,6,0
"2266",2266,0.5,500,8,0
"2267",2267,0.75,500,8,0
"2268",2268,1,500,8,0
"2269",2269,1.5,500,8,0
"2270",2270,2,500,8,0
"2271",2271,0.5,500,12,0
"2272",2272,0.75,500,12,0
"2273",2273,1,500,12,0
"2274",2274,1.5,500,12,0
"2275",2275,2,500,12,0
"2276",2276,0.5,100,1,0
"2277",2277,0.75,100,1,0
"2278",2278,1,100,1,0
"2279",2279,1.5,100,1,0
"2280",2280,2,100,1,0
"2281",2281,0.5,100,2,0
"2282",2282,0.75,100,2,0
"2283",2283,1,100,2,0
"2284",2284,1.5,100,2,0
"2285",2285,2,100,2,0
"2286",2286,0.5,100,3,0
"2287",2287,0.75,100,3,0
"2288",2288,1,100,3,0
"2289",2289,1.5,100,3,0
"2290",2290,2,100,3,0
"2291",2291,0.5,100,4,0
"2292",2292,0.75,100,4,0
"2293",2293,1,100,4,0
"2294",2294,1.5,100,4,0
"2295",2295,2,100,4,0
"2296",2296,0.5,100,6,0
"2297",2297,0.75,100,6,0
"2298",2298,1,100,6,0
"2299",2299,1.5,100,6,0
"2300",2300,2,100,6,0
"2301",2301,0.5,100,8,0
"2302",2302,0.75,100,8,0
"2303",2303,1,100,8,0
"2304",2304,1.5,100,8,0
"2305",2305,2,100,8,0
"2306",2306,0.5,100,12,0
"2307",2307,0.75,100,12,0
"2308",2308,1,100,12,0
"2309",2309,1.5,100,12,0
"2310",2310,2,100,12,0
"2311",2311,0.5,200,1,0
"2312",2312,0.75,200,1,0
"2313",2313,1,200,1,0
"2314",2314,1.5,200,1,0
"2315",2315,2,200,1,0
"2316",2316,0.5,200,2,0
"2317",2317,0.75,200,2,0
"2318",2318,1,200,2,0
"2319",2319,1.5,200,2,0
"2320",2320,2,200,2,0
"2321",2321,0.5,200,3,0
"2322",2322,0.75,200,3,0
"2323",2323,1,200,3,0
"2324",2324,1.5,200,3,0
"2325",2325,2,200,3,0
"2326",2326,0.5,200,4,0
"2327",2327,0.75,200,4,0
"2328",2328,1,200,4,0
"2329",2329,1.5,200,4,0
"2330",2330,2,200,4,0
"2331",2331,0.5,200,6,0
"2332",2332,0.75,200,6,0
"2333",2333,1,200,6,0
"2334",2334,1.5,200,6,0
"2335",2335,2,200,6,0
"2336",2336,0.5,200,8,0
"2337",2337,0.75,200,8,0
"2338",2338,1,200,8,0
"2339",2339,1.5,200,8,0
"2340",2340,2,200,8,0
"2341",2341,0.5,200,12,0
"2342",2342,0.75,200,12,0
"2343",2343,1,200,12,0
"2344",2344,1.5,200,12,0
"2345",2345,2,200,12,0
"2346",2346,0.5,300,1,0
"2347",2347,0.75,300,1,0
"2348",2348,1,300,1,0
"2349",2349,1.5,300,1,0
"2350",2350,2,300,1,0
"2351",2351,0.5,300,2,0
"2352",2352,0.75,300,2,0
"2353",2353,1,300,2,0
"2354",2354,1.5,300,2,0
"2355",2355,2,300,2,0
"2356",2356,0.5,300,3,0
"2357",2357,0.75,300,3,0
"2358",2358,1,300,3,0
"2359",2359,1.5,300,3,0
"2360",2360,2,300,3,0
"2361",2361,0.5,300,4,0
"2362",2362,0.75,300,4,0
"2363",2363,1,300,4,0
"2364",2364,1.5,300,4,0
"2365",2365,2,300,4,0
"2366",2366,0.5,300,6,0
"2367",2367,0.75,300,6,0
"2368",2368,1,300,6,0
"2369",2369,1.5,300,6,0
"2370",2370,2,300,6,0
"2371",2371,0.5,300,8,0
"2372",2372,0.75,300,8,0
"2373",2373,1,300,8,0
"2374",2374,1.5,300,8,0
"2375",2375,2,300,8,0
"2376",2376,0.5,300,12,0
"2377",2377,0.75,300,12,0
"2378",2378,1,300,12,0
"2379",2379,1.5,300,12,0
"2380",2380,2,300,12,0
"2381",2381,0.5,400,1,0
"2382",2382,0.75,400,1,0
"2383",2383,1,400,1,0
"2384",2384,1.5,400,1,0
"2385",2385,2,400,1,0
"2386",2386,0.5,400,2,0
"2387",2387,0.75,400,2,0
"2388",2388,1,400,2,0
"2389",2389,1.5,400,2,0
"2390",2390,2,400,2,0
"2391",2391,0.5,400,3,0
"2392",2392,0.75,400,3,0
"2393",2393,1,400,3,0
"2394",2394,1.5,400,3,0
"2395",2395,2,400,3,0
"2396",2396,0.5,400,4,0
"2397",2397,0.75,400,4,0
"2398",2398,1,400,4,0
"2399",2399,1.5,400,4,0
"2400",2400,2,400,4,0
"2401",2401,0.5,400,6,0
"2402",2402,0.75,400,6,0
"2403",2403,1,400,6,0
"2404",2404,1.5,400,6,0
"2405",2405,2,400,6,0
"2406",2406,0.5,400,8,0
"2407",2407,0.75,400,8,0
"2408",2408,1,400,8,0
"2409",2409,1.5,400,8,0
"2410",2410,2,400,8,0
"2411",2411,0.5,400,12,0
"2412",2412,0.75,400,12,0
"2413",2413,1,400,12,0
"2414",2414,1.5,400,12,0
"2415",2415,2,400,12,0
"2416",2416,0.5,500,1,0
"2417",2417,0.75,500,1,0
"2418",2418,1,500,1,0
"2419",2419,1.5,500,1,0
"2420",2420,2,500,1,0
"2421",2421,0.5,500,2,0
"2422",2422,0.75,500,2,0
"2423",2423,1,500,2,0
"2424",2424,1.5,500,2,0
"2425",2425,2,500,2,0
"2426",2426,0.5,500,3,0
"2427",2427,0.75,500,3,0
"2428",2428,1,500,3,0
"2429",2429,1.5,500,3,0
"2430",2430,2,500,3,0
"2431",2431,0.5,500,4,0
"2432",2432,0.75,500,4,0
"2433",2433,1,500,4,0
"2434",2434,1.5,500,4,0
"2435",2435,2,500,4,0
"2436",2436,0.5,500,6,0
"2437",2437,0.75,500,6,0
"2438",2438,1,500,6,0
"2439",2439,1.5,500,6,0
"2440",2440,2,500,6,0
"2441",2441,0.5,500,8,0
"2442",2442,0.75,500,8,0
"2443",2443,1,500,8,0
"2444",2444,1.5,500,8,0
"2445",2445,2,500,8,0
"2446",2446,0.5,500,12,0
"2447",2447,0.75,500,12,0
"2448",2448,1,500,12,0
"2449",2449,1.5,500,12,0
"2450",2450,2,500,12,0
"2451",2451,0.5,100,1,0
"2452",2452,0.75,100,1,0
"2453",2453,1,100,1,0
"2454",2454,1.5,100,1,0
"2455",2455,2,100,1,0
"2456",2456,0.5,100,2,0
"2457",2457,0.75,100,2,0
"2458",2458,1,100,2,0
"2459",2459,1.5,100,2,0
"2460",2460,2,100,2,0
"2461",2461,0.5,100,3,0
"2462",2462,0.75,100,3,0
"2463",2463,1,100,3,0
"2464",2464,1.5,100,3,0
"2465",2465,2,100,3,0
"2466",2466,0.5,100,4,0
"2467",2467,0.75,100,4,0
"2468",2468,1,100,4,0
"2469",2469,1.5,100,4,0
"2470",2470,2,100,4,0
"2471",2471,0.5,100,6,0
"2472",2472,0.75,100,6,0
"2473",2473,1,100,6,0
"2474",2474,1.5,100,6,0
"2475",2475,2,100,6,0
"2476",2476,0.5,100,8,0
"2477",2477,0.75,100,8,0
"2478",2478,1,100,8,0
"2479",2479,1.5,100,8,0
"2480",2480,2,100,8,0
"2481",2481,0.5,100,12,0
"2482",2482,0.75,100,12,0
"2483",2483,1,100,12,0
"2484",2484,1.5,100,12,0
"2485",2485,2,100,12,0
"2486",2486,0.5,200,1,0
"2487",2487,0.75,200,1,0
"2488",2488,1,200,1,0
"2489",2489,1.5,200,1,0
"2490",2490,2,200,1,0
"2491",2491,0.5,200,2,0
"2492",2492,0.75,200,2,0
"2493",2493,1,200,2,0
"2494",2494,1.5,200,2,0
"2495",2495,2,200,2,0
"2496",2496,0.5,200,3,0
"2497",2497,0.75,200,3,0
"2498",2498,1,200,3,0
"2499",2499,1.5,200,3,0
"2500",2500,2,200,3,0
"2501",2501,0.5,200,4,0
"2502",2502,0.75,200,4,0
"2503",2503,1,200,4,0
"2504",2504,1.5,200,4,0
"2505",2505,2,200,4,0
"2506",2506,0.5,200,6,0
"2507",2507,0.75,200,6,0
"2508",2508,1,200,6,0
"2509",2509,1.5,200,6,0
"2510",2510,2,200,6,0
"2511",2511,0.5,200,8,0
"2512",2512,0.75,200,8,0
"2513",2513,1,200,8,0
"2514",2514,1.5,200,8,0
"2515",2515,2,200,8,0
"2516",2516,0.5,200,12,0
"2517",2517,0.75,200,12,0
"2518",2518,1,200,12,0
"2519",2519,1.5,200,12,0
"2520",2520,2,200,12,0
"2521",2521,0.5,300,1,0
"2522",2522,0.75,300,1,0
"2523",2523,1,300,1,0
"2524",2524,1.5,300,1,0
"2525",2525,2,300,1,0
"2526",2526,0.5,300,2,0
"2527",2527,0.75,300,2,0
"2528",2528,1,300,2,0
"2529",2529,1.5,300,2,0
"2530",2530,2,300,2,0
"2531",2531,0.5,300,3,0
"2532",2532,0.75,300,3,0
"2533",2533,1,300,3,0
"2534",2534,1.5,300,3,0
"2535",2535,2,300,3,0
"2536",2536,0.5,300,4,0
"2537",2537,0.75,300,4,0
"2538",2538,1,300,4,0
"2539",2539,1.5,300,4,0
"2540",2540,2,300,4,0
"2541",2541,0.5,300,6,0
"2542",2542,0.75,300,6,0
"2543",2543,1,300,6,0
"2544",2544,1.5,300,6,0
"2545",2545,2,300,6,0
"2546",2546,0.5,300,8,0
"2547",2547,0.75,300,8,0
"2548",2548,1,300,8,0
"2549",2549,1.5,300,8,0
"2550",2550,2,300,8,0
"2551",2551,0.5,300,12,0
"2552",2552,0.75,300,12,0
"2553",2553,1,300,12,0
"2554",2554,1.5,300,12,0
"2555",2555,2,300,12,0
"2556",2556,0.5,400,1,0
"2557",2557,0.75,400,1,0
"2558",2558,1,400,1,0
"2559",2559,1.5,400,1,0
"2560",2560,2,400,1,0
"2561",2561,0.5,400,2,0
"2562",2562,0.75,400,2,0
"2563",2563,1,400,2,0
"2564",2564,1.5,400,2,0
"2565",2565,2,400,2,0
"2566",2566,0.5,400,3,0
"2567",2567,0.75,400,3,0
"2568",2568,1,400,3,0
"2569",2569,1.5,400,3,0
"2570",2570,2,400,3,0
"2571",2571,0.5,400,4,0
"2572",2572,0.75,400,4,0
"2573",2573,1,400,4,0
"2574",2574,1.5,400,4,0
"2575",2575,2,400,4,0
"2576",2576,0.5,400,6,0
"2577",2577,0.75,400,6,0
"2578",2578,1,400,6,0
"2579",2579,1.5,400,6,0
"2580",2580,2,400,6,0
"2581",2581,0.5,400,8,0
"2582",2582,0.75,400,8,0
"2583",2583,1,400,8,0
"2584",2584,1.5,400,8,0
"2585",2585,2,400,8,0
"2586",2586,0.5,400,12,0
"2587",2587,0.75,400,12,0
"2588",2588,1,400,12,0
"2589",2589,1.5,400,12,0
"2590",2590,2,400,12,0
"2591",2591,0.5,500,1,0
"2592",2592,0.75,500,1,0
"2593",2593,1,500,1,0
"2594",2594,1.5,500,1,0
"2595",2595,2,500,1,0
"2596",2596,0.5,500,2,0
"2597",2597,0.75,500,2,0
"2598",2598,1,500,2,0
"2599",2599,1.5,500,2,0
"2600",2600,2,500,2,0
"2601",2601,0.5,500,3,0
"2602",2602,0.75,500,3,0
"2603",2603,1,500,3,0
"2604",2604,1.5,500,3,0
"2605",2605,2,500,3,0
"2606",2606,0.5,500,4,0
"2607",2607,0.75,500,4,0
"2608",2608,1,500,4,0
"2609",2609,1.5,500,4,0
"2610",2610,2,500,4,0
"2611",2611,0.5,500,6,0
"2612",2612,0.75,500,6,0
"2613",2613,1,500,6,0
"2614",2614,1.5,500,6,0
"2615",2615,2,500,6,0
"2616",2616,0.5,500,8,0
"2617",2617,0.75,500,8,0
"2618",2618,1,500,8,0
"2619",2619,1.5,500,8,0
"2620",2620,2,500,8,0
"2621",2621,0.5,500,12,0
"2622",2622,0.75,500,12,0
"2623",2623,1,500,12,0
"2624",2624,1.5,500,12,0
"2625",2625,2,500,12,0
"2626",2626,0.5,100,1,0
"2627",2627,0.75,100,1,0
"2628",2628,1,100,1,0
"2629",2629,1.5,100,1,0
"2630",2630,2,100,1,0
"2631",2631,0.5,100,2,0
"2632",2632,0.75,100,2,0
"2633",2633,1,100,2,0
"2634",2634,1.5,100,2,0
"2635",2635,2,100,2,0
"2636",2636,0.5,100,3,0
"2637",2637,0.75,100,3,0
"2638",2638,1,100,3,0
"2639",2639,1.5,100,3,0
"2640",2640,2,100,3,0
"2641",2641,0.5,100,4,0
"2642",2642,0.75,100,4,0
"2643",2643,1,100,4,0
"2644",2644,1.5,100,4,0
"2645",2645,2,100,4,0
"2646",2646,0.5,100,6,0
"2647",2647,0.75,100,6,0
"2648",2648,1,100,6,0
"2649",2649,1.5,100,6,0
"2650",2650,2,100,6,0
"2651",2651,0.5,100,8,0
"2652",2652,0.75,100,8,0
"2653",2653,1,100,8,0
"2654",2654,1.5,100,8,0
"2655",2655,2,100,8,0
"2656",2656,0.5,100,12,0
"2657",2657,0.75,100,12,0
"2658",2658,1,100,12,0
"2659",2659,1.5,100,12,0
"2660",2660,2,100,12,0
"2661",2661,0.5,200,1,0
"2662",2662,0.75,200,1,0
"2663",2663,1,200,1,0
"2664",2664,1.5,200,1,0
"2665",2665,2,200,1,0
"2666",2666,0.5,200,2,0
"2667",2667,0.75,200,2,0
"2668",2668,1,200,2,0
"2669",2669,1.5,200,2,0
"2670",2670,2,200,2,0
"2671",2671,0.5,200,3,0
"2672",2672,0.75,200,3,0
"2673",2673,1,200,3,0
"2674",2674,1.5,200,3,0
"2675",2675,2,200,3,0
"2676",2676,0.5,200,4,0
"2677",2677,0.75,200,4,0
"2678",2678,1,200,4,0
"2679",2679,1.5,200,4,0
"2680",2680,2,200,4,0
"2681",2681,0.5,200,6,0
"2682",2682,0.75,200,6,0
"2683",2683,1,200,6,0
"2684",2684,1.5,200,6,0
"2685",2685,2,200,6,0
"2686",2686,0.5,200,8,0
"2687",2687,0.75,200,8,0
"2688",2688,1,200,8,0
"2689",2689,1.5,200,8,0
"2690",2690,2,200,8,0
"2691",2691,0.5,200,12,0
"2692",2692,0.75,200,12,0
"2693",2693,1,200,12,0
"2694",2694,1.5,200,12,0
"2695",2695,2,200,12,0
"2696",2696,0.5,300,1,0
"2697",2697,0.75,300,1,0
"2698",2698,1,300,1,0
"2699",2699,1.5,300,1,0
"2700",2700,2,300,1,0
"2701",2701,0.5,300,2,0
"2702",2702,0.75,300,2,0
"2703",2703,1,300,2,0
"2704",2704,1.5,300,2,0
"2705",2705,2,300,2,0
"2706",2706,0.5,300,3,0
"2707",2707,0.75,300,3,0
"2708",2708,1,300,3,0
"2709",2709,1.5,300,3,0
"2710",2710,2,300,3,0
"2711",2711,0.5,300,4,0
"2712",2712,0.75,300,4,0
"2713",2713,1,300,4,0
"2714",2714,1.5,300,4,0
"2715",2715,2,300,4,0
"2716",2716,0.5,300,6,0
"2717",2717,0.75,300,6,0
"2718",2718,1,300,6,0
"2719",2719,1.5,300,6,0
"2720",2720,2,300,6,0
"2721",2721,0.5,300,8,0
"2722",2722,0.75,300,8,0
"2723",2723,1,300,8,0
"2724",2724,1.5,300,8,0
"2725",2725,2,300,8,0
"2726",2726,0.5,300,12,0
"2727",2727,0.75,300,12,0
"2728",2728,1,300,12,0
"2729",2729,1.5,300,12,0
"2730",2730,2,300,12,0
"2731",2731,0.5,400,1,0
"2732",2732,0.75,400,1,0
"2733",2733,1,400,1,0
"2734",2734,1.5,400,1,0
"2735",2735,2,400,1,0
"2736",2736,0.5,400,2,0
"2737",2737,0.75,400,2,0
"2738",2738,1,400,2,0
"2739",2739,1.5,400,2,0
"2740",2740,2,400,2,0
"2741",2741,0.5,400,3,0
"2742",2742,0.75,400,3,0
"2743",2743,1,400,3,0
"2744",2744,1.5,400,3,0
"2745",2745,2,400,3,0
"2746",2746,0.5,400,4,0
"2747",2747,0.75,400,4,0
"2748",2748,1,400,4,0
"2749",2749,1.5,400,4,0
"2750",2750,2,400,4,0
"2751",2751,0.5,400,6,0
"2752",2752,0.75,400,6,0
"2753",2753,1,400,6,0
"2754",2754,1.5,400,6,0
"2755",2755,2,400,6,0
"2756",2756,0.5,400,8,0
"2757",2757,0.75,400,8,0
"2758",2758,1,400,8,0
"2759",2759,1.5,400,8,0
"2760",2760,2,400,8,0
"2761",2761,0.5,400,12,0
"2762",2762,0.75,400,12,0
"2763",2763,1,400,12,0
"2764",2764,1.5,400,12,0
"2765",2765,2,400,12,0
"2766",2766,0.5,500,1,0
"2767",2767,0.75,500,1,0
"2768",2768,1,500,1,0
"2769",2769,1.5,500,1,0
"2770",2770,2,500,1,0
"2771",2771,0.5,500,2,0
"2772",2772,0.75,500,2,0
"2773",2773,1,500,2,0
"2774",2774,1.5,500,2,0
"2775",2775,2,500,2,0
"2776",2776,0.5,500,3,0
"2777",2777,0.75,500,3,0
"2778",2778,1,500,3,0
"2779",2779,1.5,500,3,0
"2780",2780,2,500,3,0
"2781",2781,0.5,500,4,0
"2782",2782,0.75,500,4,0
"2783",2783,1,500,4,0
"2784",2784,1.5,500,4,0
"2785",2785,2,500,4,0
"2786",2786,0.5,500,6,0
"2787",2787,0.75,500,6,0
"2788",2788,1,500,6,0
"2789",2789,1.5,500,6,0
"2790",2790,2,500,6,0
"2791",2791,0.5,500,8,0
"2792",2792,0.75,500,8,0
"2793",2793,1,500,8,0
"2794",2794,1.5,500,8,0
"2795",2795,2,500,8,0
"2796",2796,0.5,500,12,0
"2797",2797,0.75,500,12,0
"2798",2798,1,500,12,0
"2799",2799,1.5,500,12,0
"2800",2800,2,500,12,0
"2801",2801,0.5,100,1,0
"2802",2802,0.75,100,1,0
"2803",2803,1,100,1,0
"2804",2804,1.5,100,1,0
"2805",2805,2,100,1,0
"2806",2806,0.5,100,2,0
"2807",2807,0.75,100,2,0
"2808",2808,1,100,2,0
"2809",2809,1.5,100,2,0
"2810",2810,2,100,2,0
"2811",2811,0.5,100,3,0
"2812",2812,0.75,100,3,0
"2813",2813,1,100,3,0
"2814",2814,1.5,100,3,0
"2815",2815,2,100,3,0
"2816",2816,0.5,100,4,0
"2817",2817,0.75,100,4,0
"2818",2818,1,100,4,0
"2819",2819,1.5,100,4,0
"2820",2820,2,100,4,0
"2821",2821,0.5,100,6,0
"2822",2822,0.75,100,6,0
"2823",2823,1,100,6,0
"2824",2824,1.5,100,6,0
"2825",2825,2,100,6,0
"2826",2826,0.5,100,8,0
"2827",2827,0.75,100,8,0
"2828",2828,1,100,8,0
"2829",2829,1.5,100,8,0
"2830",2830,2,100,8,0
"2831",2831,0.5,100,12,0
"2832",2832,0.75,100,12,0
"2833",2833,1,100,12,0
"2834",2834,1.5,100,12,0
"2835",2835,2,100,12,0
"2836",2836,0.5,200,1,0
"2837",2837,0.75,200,1,0
"2838",2838,1,200,1,0
"2839",2839,1.5,200,1,0
"2840",2840,2,200,1,0
"2841",2841,0.5,200,2,0
"2842",2842,0.75,200,2,0
"2843",2843,1,200,2,0
"2844",2844,1.5,200,2,0
"2845",2845,2,200,2,0
"2846",2846,0.5,200,3,0
"2847",2847,0.75,200,3,0
"2848",2848,1,200,3,0
"2849",2849,1.5,200,3,0
"2850",2850,2,200,3,0
"2851",2851,0.5,200,4,0
"2852",2852,0.75,200,4,0
"2853",2853,1,200,4,0
"2854",2854,1.5,200,4,0
"2855",2855,2,200,4,0
"2856",2856,0.5,200,6,0
"2857",2857,0.75,200,6,0
"2858",2858,1,200,6,0
"2859",2859,1.5,200,6,0
"2860",2860,2,200,6,0
"2861",2861,0.5,200,8,0
"2862",2862,0.75,200,8,0
"2863",2863,1,200,8,0
"2864",2864,1.5,200,8,0
"2865",2865,2,200,8,0
"2866",2866,0.5,200,12,0
"2867",2867,0.75,200,12,0
"2868",2868,1,200,12,0
"2869",2869,1.5,200,12,0
"2870",2870,2,200,12,0
"2871",2871,0.5,300,1,0
"2872",2872,0.75,300,1,0
"2873",2873,1,300,1,0
"2874",2874,1.5,300,1,0
"2875",2875,2,300,1,0
"2876",2876,0.5,300,2,0
"2877",2877,0.75,300,2,0
"2878",2878,1,300,2,0
"2879",2879,1.5,300,2,0
"2880",2880,2,300,2,0
"2881",2881,0.5,300,3,0
"2882",2882,0.75,300,3,0
"2883",2883,1,300,3,0
"2884",2884,1.5,300,3,0
"2885",2885,2,300,3,0
"2886",2886,0.5,300,4,0
"2887",2887,0.75,300,4,0
"2888",2888,1,300,4,0
"2889",2889,1.5,300,4,0
"2890",2890,2,300,4,0
"2891",2891,0.5,300,6,0
"2892",2892,0.75,300,6,0
"2893",2893,1,300,6,0
"2894",2894,1.5,300,6,0
"2895",2895,2,300,6,0
"2896",2896,0.5,300,8,0
"2897",2897,0.75,300,8,0
"2898",2898,1,300,8,0
"2899",2899,1.5,300,8,0
"2900",2900,2,300,8,0
"2901",2901,0.5,300,12,0
"2902",2902,0.75,300,12,0
"2903",2903,1,300,12,0
"2904",2904,1.5,300,12,0
"2905",2905,2,300,12,0
"2906",2906,0.5,400,1,0
"2907",2907,0.75,400,1,0
"2908",2908,1,400,1,0
"2909",2909,1.5,400,1,0
"2910",2910,2,400,1,0
"2911",2911,0.5,400,2,0
"2912",2912,0.75,400,2,0
"2913",2913,1,400,2,0
"2914",2914,1.5,400,2,0
"2915",2915,2,400,2,0
"2916",2916,0.5,400,3,0
"2917",2917,0.75,400,3,0
"2918",2918,1,400,3,0
"2919",2919,1.5,400,3,0
"2920",2920,2,400,3,0
"2921",2921,0.5,400,4,0
"2922",2922,0.75,400,4,0
"2923",2923,1,400,4,0
"2924",2924,1.5,400,4,0
"2925",2925,2,400,4,0
"2926",2926,0.5,400,6,0
"2927",2927,0.75,400,6,0
"2928",2928,1,400,6,0
"2929",2929,1.5,400,6,0
"2930",2930,2,400,6,0
"2931",2931,0.5,400,8,0
"2932",2932,0.75,400,8,0
"2933",2933,1,400,8,0
"2934",2934,1.5,400,8,0
"2935",2935,2,400,8,0
"2936",2936,0.5,400,12,0
"2937",2937,0.75,400,12,0
"2938",2938,1,400,12,0
"2939",2939,1.5,400,12,0
"2940",2940,2,400,12,0
"2941",2941,0.5,500,1,0
"2942",2942,0.75,500,1,0
"2943",2943,1,500,1,0
"2944",2944,1.5,500,1,0
"2945",2945,2,500,1,0
"2946",2946,0.5,500,2,0
"2947",2947,0.75,500,2,0
"2948",2948,1,500,2,0
"2949",2949,1.5,500,2,0
"2950",2950,2,500,2,0
"2951",2951,0.5,500,3,0
"2952",2952,0.75,500,3,0
"2953",2953,1,500,3,0
"2954",2954,1.5,500,3,0
"2955",2955,2,500,3,0
"2956",2956,0.5,500,4,0
"2957",2957,0.75,500,4,0
"2958",2958,1,500,4,0
"2959",2959,1.5,500,4,0
"2960",2960,2,500,4,0
"2961",2961,0.5,500,6,0
"2962",2962,0.75,500,6,0
"2963",2963,1,500,6,0
"2964",2964,1.5,500,6,0
"2965",2965,2,500,6,0
"2966",2966,0.5,500,8,0
"2967",2967,0.75,500,8,0
"2968",2968,1,500,8,0
"2969",2969,1.5,500,8,0
"2970",2970,2,500,8,0
"2971",2971,0.5,500,12,0
"2972",2972,0.75,500,12,0
"2973",2973,1,500,12,0
"2974",2974,1.5,500,12,0
"2975",2975,2,500,12,0
"2976",2976,0.5,100,1,0
"2977",2977,0.75,100,1,0
"2978",2978,1,100,1,0
"2979",2979,1.5,100,1,0
"2980",2980,2,100,1,0
"2981",2981,0.5,100,2,0
"2982",2982,0.75,100,2,0
"2983",2983,1,100,2,0
"2984",2984,1.5,100,2,0
"2985",2985,2,100,2,0
"2986",2986,0.5,100,3,0
"2987",2987,0.75,100,3,0
"2988",2988,1,100,3,0
"2989",2989,1.5,100,3,0
"2990",2990,2,100,3,0
"2991",2991,0.5,100,4,0
"2992",2992,0.75,100,4,0
"2993",2993,1,100,4,0
"2994",2994,1.5,100,4,0
"2995",2995,2,100,4,0
"2996",2996,0.5,100,6,0
"2997",2997,0.75,100,6,0
"2998",2998,1,100,6,0
"2999",2999,1.5,100,6,0
"3000",3000,2,100,6,0
"3001",3001,0.5,100,8,0
"3002",3002,0.75,100,8,0
"3003",3003,1,100,8,0
"3004",3004,1.5,100,8,0
"3005",3005,2,100,8,0
"3006",3006,0.5,100,12,0
"3007",3007,0.75,100,12,0
"3008",3008,1,100,12,0
"3009",3009,1.5,100,12,0
"3010",3010,2,100,12,0
"3011",3011,0.5,200,1,0
"3012",3012,0.75,200,1,0
"3013",3013,1,200,1,0
"3014",3014,1.5,200,1,0
"3015",3015,2,200,1,0
"3016",3016,0.5,200,2,0
"3017",3017,0.75,200,2,0
"3018",3018,1,200,2,0
"3019",3019,1.5,200,2,0
"3020",3020,2,200,2,0
"3021",3021,0.5,200,3,0
"3022",3022,0.75,200,3,0
"3023",3023,1,200,3,0
"3024",3024,1.5,200,3,0
"3025",3025,2,200,3,0
"3026",3026,0.5,200,4,0
"3027",3027,0.75,200,4,0
"3028",3028,1,200,4,0
"3029",3029,1.5,200,4,0
"3030",3030,2,200,4,0
"3031",3031,0.5,200,6,0
"3032",3032,0.75,200,6,0
"3033",3033,1,200,6,0
"3034",3034,1.5,200,6,0
"3035",3035,2,200,6,0
"3036",3036,0.5,200,8,0
"3037",3037,0.75,200,8,0
"3038",3038,1,200,8,0
"3039",3039,1.5,200,8,0
"3040",3040,2,200,8,0
"3041",3041,0.5,200,12,0
"3042",3042,0.75,200,12,0
"3043",3043,1,200,12,0
"3044",3044,1.5,200,12,0
"3045",3045,2,200,12,0
"3046",3046,0.5,300,1,0
"3047",3047,0.75,300,1,0
"3048",3048,1,300,1,0
"3049",3049,1.5,300,1,0
"3050",3050,2,300,1,0
"3051",3051,0.5,300,2,0
"3052",3052,0.75,300,2,0
"3053",3053,1,300,2,0
"3054",3054,1.5,300,2,0
"3055",3055,2,300,2,0
"3056",3056,0.5,300,3,0
"3057",3057,0.75,300,3,0
"3058",3058,1,300,3,0
"3059",3059,1.5,300,3,0
"3060",3060,2,300,3,0
"3061",3061,0.5,300,4,0
"3062",3062,0.75,300,4,0
"3063",3063,1,300,4,0
"3064",3064,1.5,300,4,0
"3065",3065,2,300,4,0
"3066",3066,0.5,300,6,0
"3067",3067,0.75,300,6,0
"3068",3068,1,300,6,0
"3069",3069,1.5,300,6,0
"3070",3070,2,300,6,0
"3071",3071,0.5,300,8,0
"3072",3072,0.75,300,8,0
"3073",3073,1,300,8,0
"3074",3074,1.5,300,8,0
"3075",3075,2,300,8,0
"3076",3076,0.5,300,12,0
"3077",3077,0.75,300,12,0
"3078",3078,1,300,12,0
"3079",3079,1.5,300,12,0
"3080",3080,2,300,12,0
"3081",3081,0.5,400,1,0
"3082",3082,0.75,400,1,0
"3083",3083,1,400,1,0
"3084",3084,1.5,400,1,0
"3085",3085,2,400,1,0
"3086",3086,0.5,400,2,0
"3087",3087,0.75,400,2,0
"3088",3088,1,400,2,0
"3089",3089,1.5,400,2,0
"3090",3090,2,400,2,0
"3091",3091,0.5,400,3,0
"3092",3092,0.75,400,3,0
"3093",3093,1,400,3,0
"3094",3094,1.5,400,3,0
"3095",3095,2,400,3,0
"3096",3096,0.5,400,4,0
"3097",3097,0.75,400,4,0
"3098",3098,1,400,4,0
"3099",3099,1.5,400,4,0
"3100",3100,2,400,4,0
"3101",3101,0.5,400,6,0
"3102",3102,0.75,400,6,0
"3103",3103,1,400,6,0
"3104",3104,1.5,400,6,0
"3105",3105,2,400,6,0
"3106",3106,0.5,400,8,0
"3107",3107,0.75,400,8,0
"3108",3108,1,400,8,0
"3109",3109,1.5,400,8,0
"3110",3110,2,400,8,0
"3111",3111,0.5,400,12,0
"3112",3112,0.75,400,12,0
"3113",3113,1,400,12,0
"3114",3114,1.5,400,12,0
"3115",3115,2,400,12,0
"3116",3116,0.5,500,1,0
"3117",3117,0.75,500,1,0
"3118",3118,1,500,1,0
"3119",3119,1.5,500,1,0
"3120",3120,2,500,1,0
"3121",3121,0.5,500,2,0
"3122",3122,0.75,500,2,0
"3123",3123,1,500,2,0
"3124",3124,1.5,500,2,0
"3125",3125,2,500,2,0
"3126",3126,0.5,500,3,0
"3127",3127,0.75,500,3,0
"3128",3128,1,500,3,0
"3129",3129,1.5,500,3,0
"3130",3130,2,500,3,0
"3131",3131,0.5,500,4,0
"3132",3132,0.75,500,4,0
"3133",3133,1,500,4,0
"3134",3134,1.5,500,4,0
"3135",3135,2,500,4,0
"3136",3136,0.5,500,6,0
"3137",3137,0.75,500,6,0
"3138",3138,1,500,6,0
"3139",3139,1.5,500,6,0
"3140",3140,2,500,6,0
"3141",3141,0.5,500,8,0
"3142",3142,0.75,500,8,0
"3143",3143,1,500,8,0
"3144",3144,1.5,500,8,0
"3145",3145,2,500,8,0
"3146",3146,0.5,500,12,0
"3147",3147,0.75,500,12,0
"3148",3148,1,500,12,0
"3149",3149,1.5,500,12,0
"3150",3150,2,500,12,0
"3151",3151,0.5,100,1,0
"3152",3152,0.75,100,1,0
"3153",3153,1,100,1,0
"3154",3154,1.5,100,1,0
"3155",3155,2,100,1,0
"3156",3156,0.5,100,2,0
"3157",3157,0.75,100,2,0
"3158",3158,1,100,2,0
"3159",3159,1.5,100,2,0
"3160",3160,2,100,2,0
"3161",3161,0.5,100,3,0
"3162",3162,0.75,100,3,0
"3163",3163,1,100,3,0
"3164",3164,1.5,100,3,0
"3165",3165,2,100,3,0
"3166",3166,0.5,100,4,0
"3167",3167,0.75,100,4,0
"3168",3168,1,100,4,0
"3169",3169,1.5,100,4,0
"3170",3170,2,100,4,0
"3171",3171,0.5,100,6,0
"3172",3172,0.75,100,6,0
"3173",3173,1,100,6,0
"3174",3174,1.5,100,6,0
"3175",3175,2,100,6,0
"3176",3176,0.5,100,8,0
"3177",3177,0.75,100,8,0
"3178",3178,1,100,8,0
"3179",3179,1.5,100,8,0
"3180",3180,2,100,8,0
"3181",3181,0.5,100,12,0
"3182",3182,0.75,100,12,0
"3183",3183,1,100,12,0
"3184",3184,1.5,100,12,0
"3185",3185,2,100,12,0
"3186",3186,0.5,200,1,0
"3187",3187,0.75,200,1,0
"3188",3188,1,200,1,0
"3189",3189,1.5,200,1,0
"3190",3190,2,200,1,0
"3191",3191,0.5,200,2,0
"3192",3192,0.75,200,2,0
"3193",3193,1,200,2,0
"3194",3194,1.5,200,2,0
"3195",3195,2,200,2,0
"3196",3196,0.5,200,3,0
"3197",3197,0.75,200,3,0
"3198",3198,1,200,3,0
"3199",3199,1.5,200,3,0
"3200",3200,2,200,3,0
"3201",3201,0.5,200,4,0
"3202",3202,0.75,200,4,0
"3203",3203,1,200,4,0
"3204",3204,1.5,200,4,0
"3205",3205,2,200,4,0
"3206",3206,0.5,200,6,0
"3207",3207,0.75,200,6,0
"3208",3208,1,200,6,0
"3209",3209,1.5,200,6,0
"3210",3210,2,200,6,0
"3211",3211,0.5,200,8,0
"3212",3212,0.75,200,8,0
"3213",3213,1,200,8,0
"3214",3214,1.5,200,8,0
"3215",3215,2,200,8,0
"3216",3216,0.5,200,12,0
"3217",3217,0.75,200,12,0
"3218",3218,1,200,12,0
"3219",3219,1.5,200,12,0
"3220",3220,2,200,12,0
"3221",3221,0.5,300,1,0
"3222",3222,0.75,300,1,0
"3223",3223,1,300,1,0
"3224",3224,1.5,300,1,0
"3225",3225,2,300,1,0
"3226",3226,0.5,300,2,0
"3227",3227,0.75,300,2,0
"3228",3228,1,300,2,0
"3229",3229,1.5,300,2,0
"3230",3230,2,300,2,0
"3231",3231,0.5,300,3,0
"3232",3232,0.75,300,3,0
"3233",3233,1,300,3,0
"3234",3234,1.5,300,3,0
"3235",3235,2,300,3,0
"3236",3236,0.5,300,4,0
"3237",3237,0.75,300,4,0
"3238",3238,1,300,4,0
"3239",3239,1.5,300,4,0
"3240",3240,2,300,4,0
"3241",3241,0.5,300,6,0
"3242",3242,0.75,300,6,0
"3243",3243,1,300,6,0
"3244",3244,1.5,300,6,0
"3245",3245,2,300,6,0
"3246",3246,0.5,300,8,0
"3247",3247,0.75,300,8,0
"3248",3248,1,300,8,0
"3249",3249,1.5,300,8,0
"3250",3250,2,300,8,0
"3251",3251,0.5,300,12,0
"3252",3252,0.75,300,12,0
"3253",3253,1,300,12,0
"3254",3254,1.5,300,12,0
"3255",3255,2,300,12,0
"3256",3256,0.5,400,1,0
"3257",3257,0.75,400,1,0
"3258",3258,1,400,1,0
"3259",3259,1.5,400,1,0
"3260",3260,2,400,1,0
"3261",3261,0.5,400,2,0
"3262",3262,0.75,400,2,0
"3263",3263,1,400,2,0
"3264",3264,1.5,400,2,0
"3265",3265,2,400,2,0
"3266",3266,0.5,400,3,0
"3267",3267,0.75,400,3,0
"3268",3268,1,400,3,0
"3269",3269,1.5,400,3,0
"3270",3270,2,400,3,0
"3271",3271,0.5,400,4,0
"3272",3272,0.75,400,4,0
"3273",3273,1,400,4,0
"3274",3274,1.5,400,4,0
"3275",3275,2,400,4,0
"3276",3276,0.5,400,6,0
"3277",3277,0.75,400,6,0
"3278",3278,1,400,6,0
"3279",3279,1.5,400,6,0
"3280",3280,2,400,6,0
"3281",3281,0.5,400,8,0
"3282",3282,0.75,400,8,0
"3283",3283,1,400,8,0
"3284",3284,1.5,400,8,0
"3285",3285,2,400,8,0
"3286",3286,0.5,400,12,0
"3287",3287,0.75,400,12,0
"3288",3288,1,400,12,0
"3289",3289,1.5,400,12,0
"3290",3290,2,400,12,0
"3291",3291,0.5,500,1,0
"3292",3292,0.75,500,1,0
"3293",3293,1,500,1,0
"3294",3294,1.5,500,1,0
"3295",3295,2,500,1,0
"3296",3296,0.5,500,2,0
"3297",3297,0.75,500,2,0
"3298",3298,1,500,2,0
"3299",3299,1.5,500,2,0
"3300",3300,2,500,2,0
"3301",3301,0.5,500,3,0
"3302",3302,0.75,500,3,0
"3303",3303,1,500,3,0
"3304",3304,1.5,500,3,0
"3305",3305,2,500,3,0
"3306",3306,0.5,500,4,0
"3307",3307,0.75,500,4,0
"3308",3308,1,500,4,0
"3309",3309,1.5,500,4,0
"3310",3310,2,500,4,0
"3311",3311,0.5,500,6,0
"3312",3312,0.75,500,6,0
"3313",3313,1,500,6,0
"3314",3314,1.5,500,6,0
"3315",3315,2,500,6,0
"3316",3316,0.5,500,8,0
"3317",3317,0.75,500,8,0
"3318",3318,1,500,8,0
"3319",3319,1.5,500,8,0
"3320",3320,2,500,8,0
"3321",3321,0.5,500,12,0
"3322",3322,0.75,500,12,0
"3323",3323,1,500,12,0
"3324",3324,1.5,500,12,0
"3325",3325,2,500,12,0
"3326",3326,0.5,100,1,0
"3327",3327,0.75,100,1,0
"3328",3328,1,100,1,0
"3329",3329,1.5,100,1,0
"3330",3330,2,100,1,0
"3331",3331,0.5,100,2,0
"3332",3332,0.75,100,2,0
"3333",3333,1,100,2,0
"3334",3334,1.5,100,2,0
"3335",3335,2,100,2,0
"3336",3336,0.5,100,3,0
"3337",3337,0.75,100,3,0
"3338",3338,1,100,3,0
"3339",3339,1.5,100,3,0
"3340",3340,2,100,3,0
"3341",3341,0.5,100,4,0
"3342",3342,0.75,100,4,0
"3343",3343,1,100,4,0
"3344",3344,1.5,100,4,0
"3345",3345,2,100,4,0
"3346",3346,0.5,100,6,0
"3347",3347,0.75,100,6,0
"3348",3348,1,100,6,0
"3349",3349,1.5,100,6,0
"3350",3350,2,100,6,0
"3351",3351,0.5,100,8,0
"3352",3352,0.75,100,8,0
"3353",3353,1,100,8,0
"3354",3354,1.5,100,8,0
"3355",3355,2,100,8,0
"3356",3356,0.5,100,12,0
"3357",3357,0.75,100,12,0
"3358",3358,1,100,12,0
"3359",3359,1.5,100,12,0
"3360",3360,2,100,12,0
"3361",3361,0.5,200,1,0
"3362",3362,0.75,200,1,0
"3363",3363,1,200,1,0
"3364",3364,1.5,200,1,0
"3365",3365,2,200,1,0
"3366",3366,0.5,200,2,0
"3367",3367,0.75,200,2,0
"3368",3368,1,200,2,0
"3369",3369,1.5,200,2,0
"3370",3370,2,200,2,0
"3371",3371,0.5,200,3,0
"3372",3372,0.75,200,3,0
"3373",3373,1,200,3,0
"3374",3374,1.5,200,3,0
"3375",3375,2,200,3,0
"3376",3376,0.5,200,4,0
"3377",3377,0.75,200,4,0
"3378",3378,1,200,4,0
"3379",3379,1.5,200,4,0
"3380",3380,2,200,4,0
"3381",3381,0.5,200,6,0
"3382",3382,0.75,200,6,0
"3383",3383,1,200,6,0
"3384",3384,1.5,200,6,0
"3385",3385,2,200,6,0
"3386",3386,0.5,200,8,0
"3387",3387,0.75,200,8,0
"3388",3388,1,200,8,0
"3389",3389,1.5,200,8,0
"3390",3390,2,200,8,0
"3391",3391,0.5,200,12,0
"3392",3392,0.75,200,12,0
"3393",3393,1,200,12,0
"3394",3394,1.5,200,12,0
"3395",3395,2,200,12,0
"3396",3396,0.5,300,1,0
"3397",3397,0.75,300,1,0
"3398",3398,1,300,1,0
"3399",3399,1.5,300,1,0
"3400",3400,2,300,1,0
"3401",3401,0.5,300,2,0
"3402",3402,0.75,300,2,0
"3403",3403,1,300,2,0
"3404",3404,1.5,300,2,0
"3405",3405,2,300,2,0
"3406",3406,0.5,300,3,0
"3407",3407,0.75,300,3,0
"3408",3408,1,300,3,0
"3409",3409,1.5,300,3,0
"3410",3410,2,300,3,0
"3411",3411,0.5,300,4,0
"3412",3412,0.75,300,4,0
"3413",3413,1,300,4,0
"3414",3414,1.5,300,4,0
"3415",3415,2,300,4,0
"3416",3416,0.5,300,6,0
"3417",3417,0.75,300,6,0
"3418",3418,1,300,6,0
"3419",3419,1.5,300,6,0
"3420",3420,2,300,6,0
"3421",3421,0.5,300,8,0
"3422",3422,0.75,300,8,0
"3423",3423,1,300,8,0
"3424",3424,1.5,300,8,0
"3425",3425,2,300,8,0
"3426",3426,0.5,300,12,0
"3427",3427,0.75,300,12,0
"3428",3428,1,300,12,0
"3429",3429,1.5,300,12,0
"3430",3430,2,300,12,0
"3431",3431,0.5,400,1,0
"3432",3432,0.75,400,1,0
"3433",3433,1,400,1,0
"3434",3434,1.5,400,1,0
"3435",3435,2,400,1,0
"3436",3436,0.5,400,2,0
"3437",3437,0.75,400,2,0
"3438",3438,1,400,2,0
"3439",3439,1.5,400,2,0
"3440",3440,2,400,2,0
"3441",3441,0.5,400,3,0
"3442",3442,0.75,400,3,0
"3443",3443,1,400,3,0
"3444",3444,1.5,400,3,0
"3445",3445,2,400,3,0
"3446",3446,0.5,400,4,0
"3447",3447,0.75,400,4,0
"3448",3448,1,400,4,0
"3449",3449,1.5,400,4,0
"3450",3450,2,400,4,0
"3451",3451,0.5,400,6,0
"3452",3452,0.75,400,6,0
"3453",3453,1,400,6,0
"3454",3454,1.5,400,6,0
"3455",3455,2,400,6,0
"3456",3456,0.5,400,8,0
"3457",3457,0.75,400,8,0
"3458",3458,1,400,8,0
"3459",3459,1.5,400,8,0
"3460",3460,2,400,8,0
"3461",3461,0.5,400,12,0
"3462",3462,0.75,400,12,0
"3463",3463,1,400,12,0
"3464",3464,1.5,400,12,0
"3465",3465,2,400,12,0
"3466",3466,0.5,500,1,0
"3467",3467,0.75,500,1,0
"3468",3468,1,500,1,0
"3469",3469,1.5,500,1,0
"3470",3470,2,500,1,0
"3471",3471,0.5,500,2,0
"3472",3472,0.75,500,2,0
"3473",3473,1,500,2,0
"3474",3474,1.5,500,2,0
"3475",3475,2,500,2,0
"3476",3476,0.5,500,3,0
"3477",3477,0.75,500,3,0
"3478",3478,1,500,3,0
"3479",3479,1.5,500,3,0
"3480",3480,2,500,3,0
"3481",3481,0.5,500,4,0
"3482",3482,0.75,500,4,0
"3483",3483,1,500,4,0
"3484",3484,1.5,500,4,0
"3485",3485,2,500,4,0
"3486",3486,0.5,500,6,0
"3487",3487,0.75,500,6,0
"3488",3488,1,500,6,0
"3489",3489,1.5,500,6,0
"3490",3490,2,500,6,0
"3491",3491,0.5,500,8,0
"3492",3492,0.75,500,8,0
"3493",3493,1,500,8,0
"3494",3494,1.5,500,8,0
"3495",3495,2,500,8,0
"3496",3496,0.5,500,12,0
"3497",3497,0.75,500,12,0
"3498",3498,1,500,12,0
"3499",3499,1.5,500,12,0
"3500",3500,2,500,12,0
