"","ID","R","N","sd","interest"
"1",1,0.4,100,0.3,1
"2",2,0.4,100,0.35,1
"3",3,0.4,100,0.4,1
"4",4,0.4,100,0.45,1
"5",5,0.4,100,0.5,1
"6",6,0.4,100,0.55,1
"7",7,0.4,100,0.6,1
"8",8,0.4,100,0.65,1
"9",9,0.4,100,0.7,1
"10",10,0.4,100,0.75,1
"11",11,0.4,100,0.8,1
"12",12,0.4,100,0.85,1
"13",13,0.4,100,0.9,1
"14",14,0.4,100,0.95,1
"15",15,0.4,100,1,1
"16",16,0.45,100,0.3,1
"17",17,0.45,100,0.35,1
"18",18,0.45,100,0.4,1
"19",19,0.45,100,0.45,1
"20",20,0.45,100,0.5,1
"21",21,0.45,100,0.55,1
"22",22,0.45,100,0.6,1
"23",23,0.45,100,0.65,1
"24",24,0.45,100,0.7,1
"25",25,0.45,100,0.75,1
"26",26,0.45,100,0.8,1
"27",27,0.45,100,0.85,1
"28",28,0.45,100,0.9,1
"29",29,0.45,100,0.95,1
"30",30,0.45,100,1,1
"31",31,0.5,100,0.3,1
"32",32,0.5,100,0.35,1
"33",33,0.5,100,0.4,1
"34",34,0.5,100,0.45,1
"35",35,0.5,100,0.5,1
"36",36,0.5,100,0.55,1
"37",37,0.5,100,0.6,1
"38",38,0.5,100,0.65,1
"39",39,0.5,100,0.7,1
"40",40,0.5,100,0.75,1
"41",41,0.5,100,0.8,1
"42",42,0.5,100,0.85,1
"43",43,0.5,100,0.9,1
"44",44,0.5,100,0.95,1
"45",45,0.5,100,1,1
"46",46,0.55,100,0.3,1
"47",47,0.55,100,0.35,1
"48",48,0.55,100,0.4,1
"49",49,0.55,100,0.45,1
"50",50,0.55,100,0.5,1
"51",51,0.55,100,0.55,1
"52",52,0.55,100,0.6,1
"53",53,0.55,100,0.65,1
"54",54,0.55,100,0.7,1
"55",55,0.55,100,0.75,1
"56",56,0.55,100,0.8,1
"57",57,0.55,100,0.85,1
"58",58,0.55,100,0.9,1
"59",59,0.55,100,0.95,1
"60",60,0.55,100,1,1
"61",61,0.6,100,0.3,1
"62",62,0.6,100,0.35,1
"63",63,0.6,100,0.4,1
"64",64,0.6,100,0.45,1
"65",65,0.6,100,0.5,1
"66",66,0.6,100,0.55,1
"67",67,0.6,100,0.6,1
"68",68,0.6,100,0.65,1
"69",69,0.6,100,0.7,1
"70",70,0.6,100,0.75,1
"71",71,0.6,100,0.8,1
"72",72,0.6,100,0.85,1
"73",73,0.6,100,0.9,1
"74",74,0.6,100,0.95,1
"75",75,0.6,100,1,1
"76",76,0.65,100,0.3,1
"77",77,0.65,100,0.35,1
"78",78,0.65,100,0.4,1
"79",79,0.65,100,0.45,1
"80",80,0.65,100,0.5,1
"81",81,0.65,100,0.55,1
"82",82,0.65,100,0.6,1
"83",83,0.65,100,0.65,1
"84",84,0.65,100,0.7,1
"85",85,0.65,100,0.75,1
"86",86,0.65,100,0.8,1
"87",87,0.65,100,0.85,1
"88",88,0.65,100,0.9,1
"89",89,0.65,100,0.95,1
"90",90,0.65,100,1,1
"91",91,0.7,100,0.3,1
"92",92,0.7,100,0.35,1
"93",93,0.7,100,0.4,1
"94",94,0.7,100,0.45,1
"95",95,0.7,100,0.5,1
"96",96,0.7,100,0.55,1
"97",97,0.7,100,0.6,1
"98",98,0.7,100,0.65,1
"99",99,0.7,100,0.7,1
"100",100,0.7,100,0.75,1
"101",101,0.7,100,0.8,1
"102",102,0.7,100,0.85,1
"103",103,0.7,100,0.9,1
"104",104,0.7,100,0.95,1
"105",105,0.7,100,1,1
"106",106,0.75,100,0.3,1
"107",107,0.75,100,0.35,1
"108",108,0.75,100,0.4,1
"109",109,0.75,100,0.45,1
"110",110,0.75,100,0.5,1
"111",111,0.75,100,0.55,1
"112",112,0.75,100,0.6,1
"113",113,0.75,100,0.65,1
"114",114,0.75,100,0.7,1
"115",115,0.75,100,0.75,1
"116",116,0.75,100,0.8,1
"117",117,0.75,100,0.85,1
"118",118,0.75,100,0.9,1
"119",119,0.75,100,0.95,1
"120",120,0.75,100,1,1
"121",121,0.8,100,0.3,1
"122",122,0.8,100,0.35,1
"123",123,0.8,100,0.4,1
"124",124,0.8,100,0.45,1
"125",125,0.8,100,0.5,1
"126",126,0.8,100,0.55,1
"127",127,0.8,100,0.6,1
"128",128,0.8,100,0.65,1
"129",129,0.8,100,0.7,1
"130",130,0.8,100,0.75,1
"131",131,0.8,100,0.8,1
"132",132,0.8,100,0.85,1
"133",133,0.8,100,0.9,1
"134",134,0.8,100,0.95,1
"135",135,0.8,100,1,1
"136",136,0.85,100,0.3,1
"137",137,0.85,100,0.35,1
"138",138,0.85,100,0.4,1
"139",139,0.85,100,0.45,1
"140",140,0.85,100,0.5,1
"141",141,0.85,100,0.55,1
"142",142,0.85,100,0.6,1
"143",143,0.85,100,0.65,1
"144",144,0.85,100,0.7,1
"145",145,0.85,100,0.75,1
"146",146,0.85,100,0.8,1
"147",147,0.85,100,0.85,1
"148",148,0.85,100,0.9,1
"149",149,0.85,100,0.95,1
"150",150,0.85,100,1,1
"151",151,0.9,100,0.3,1
"152",152,0.9,100,0.35,1
"153",153,0.9,100,0.4,1
"154",154,0.9,100,0.45,1
"155",155,0.9,100,0.5,1
"156",156,0.9,100,0.55,1
"157",157,0.9,100,0.6,1
"158",158,0.9,100,0.65,1
"159",159,0.9,100,0.7,1
"160",160,0.9,100,0.75,1
"161",161,0.9,100,0.8,1
"162",162,0.9,100,0.85,1
"163",163,0.9,100,0.9,1
"164",164,0.9,100,0.95,1
"165",165,0.9,100,1,1
"166",166,0.4,200,0.3,1
"167",167,0.4,200,0.35,1
"168",168,0.4,200,0.4,1
"169",169,0.4,200,0.45,1
"170",170,0.4,200,0.5,1
"171",171,0.4,200,0.55,1
"172",172,0.4,200,0.6,1
"173",173,0.4,200,0.65,1
"174",174,0.4,200,0.7,1
"175",175,0.4,200,0.75,1
"176",176,0.4,200,0.8,1
"177",177,0.4,200,0.85,1
"178",178,0.4,200,0.9,1
"179",179,0.4,200,0.95,1
"180",180,0.4,200,1,1
"181",181,0.45,200,0.3,1
"182",182,0.45,200,0.35,1
"183",183,0.45,200,0.4,1
"184",184,0.45,200,0.45,1
"185",185,0.45,200,0.5,1
"186",186,0.45,200,0.55,1
"187",187,0.45,200,0.6,1
"188",188,0.45,200,0.65,1
"189",189,0.45,200,0.7,1
"190",190,0.45,200,0.75,1
"191",191,0.45,200,0.8,1
"192",192,0.45,200,0.85,1
"193",193,0.45,200,0.9,1
"194",194,0.45,200,0.95,1
"195",195,0.45,200,1,1
"196",196,0.5,200,0.3,1
"197",197,0.5,200,0.35,1
"198",198,0.5,200,0.4,1
"199",199,0.5,200,0.45,1
"200",200,0.5,200,0.5,1
"201",201,0.5,200,0.55,1
"202",202,0.5,200,0.6,1
"203",203,0.5,200,0.65,1
"204",204,0.5,200,0.7,1
"205",205,0.5,200,0.75,1
"206",206,0.5,200,0.8,1
"207",207,0.5,200,0.85,1
"208",208,0.5,200,0.9,1
"209",209,0.5,200,0.95,1
"210",210,0.5,200,1,1
"211",211,0.55,200,0.3,1
"212",212,0.55,200,0.35,1
"213",213,0.55,200,0.4,1
"214",214,0.55,200,0.45,1
"215",215,0.55,200,0.5,1
"216",216,0.55,200,0.55,1
"217",217,0.55,200,0.6,1
"218",218,0.55,200,0.65,1
"219",219,0.55,200,0.7,1
"220",220,0.55,200,0.75,1
"221",221,0.55,200,0.8,1
"222",222,0.55,200,0.85,1
"223",223,0.55,200,0.9,1
"224",224,0.55,200,0.95,1
"225",225,0.55,200,1,1
"226",226,0.6,200,0.3,1
"227",227,0.6,200,0.35,1
"228",228,0.6,200,0.4,1
"229",229,0.6,200,0.45,1
"230",230,0.6,200,0.5,1
"231",231,0.6,200,0.55,1
"232",232,0.6,200,0.6,1
"233",233,0.6,200,0.65,1
"234",234,0.6,200,0.7,1
"235",235,0.6,200,0.75,1
"236",236,0.6,200,0.8,1
"237",237,0.6,200,0.85,1
"238",238,0.6,200,0.9,1
"239",239,0.6,200,0.95,1
"240",240,0.6,200,1,1
"241",241,0.65,200,0.3,1
"242",242,0.65,200,0.35,1
"243",243,0.65,200,0.4,1
"244",244,0.65,200,0.45,1
"245",245,0.65,200,0.5,1
"246",246,0.65,200,0.55,1
"247",247,0.65,200,0.6,1
"248",248,0.65,200,0.65,1
"249",249,0.65,200,0.7,1
"250",250,0.65,200,0.75,1
"251",251,0.65,200,0.8,1
"252",252,0.65,200,0.85,1
"253",253,0.65,200,0.9,1
"254",254,0.65,200,0.95,1
"255",255,0.65,200,1,1
"256",256,0.7,200,0.3,1
"257",257,0.7,200,0.35,1
"258",258,0.7,200,0.4,1
"259",259,0.7,200,0.45,1
"260",260,0.7,200,0.5,1
"261",261,0.7,200,0.55,1
"262",262,0.7,200,0.6,1
"263",263,0.7,200,0.65,1
"264",264,0.7,200,0.7,1
"265",265,0.7,200,0.75,1
"266",266,0.7,200,0.8,1
"267",267,0.7,200,0.85,1
"268",268,0.7,200,0.9,1
"269",269,0.7,200,0.95,1
"270",270,0.7,200,1,1
"271",271,0.75,200,0.3,1
"272",272,0.75,200,0.35,1
"273",273,0.75,200,0.4,1
"274",274,0.75,200,0.45,1
"275",275,0.75,200,0.5,1
"276",276,0.75,200,0.55,1
"277",277,0.75,200,0.6,1
"278",278,0.75,200,0.65,1
"279",279,0.75,200,0.7,1
"280",280,0.75,200,0.75,1
"281",281,0.75,200,0.8,1
"282",282,0.75,200,0.85,1
"283",283,0.75,200,0.9,1
"284",284,0.75,200,0.95,1
"285",285,0.75,200,1,1
"286",286,0.8,200,0.3,1
"287",287,0.8,200,0.35,1
"288",288,0.8,200,0.4,1
"289",289,0.8,200,0.45,1
"290",290,0.8,200,0.5,1
"291",291,0.8,200,0.55,1
"292",292,0.8,200,0.6,1
"293",293,0.8,200,0.65,1
"294",294,0.8,200,0.7,1
"295",295,0.8,200,0.75,1
"296",296,0.8,200,0.8,1
"297",297,0.8,200,0.85,1
"298",298,0.8,200,0.9,1
"299",299,0.8,200,0.95,1
"300",300,0.8,200,1,1
"301",301,0.85,200,0.3,1
"302",302,0.85,200,0.35,1
"303",303,0.85,200,0.4,1
"304",304,0.85,200,0.45,1
"305",305,0.85,200,0.5,1
"306",306,0.85,200,0.55,1
"307",307,0.85,200,0.6,1
"308",308,0.85,200,0.65,1
"309",309,0.85,200,0.7,1
"310",310,0.85,200,0.75,1
"311",311,0.85,200,0.8,1
"312",312,0.85,200,0.85,1
"313",313,0.85,200,0.9,1
"314",314,0.85,200,0.95,1
"315",315,0.85,200,1,1
"316",316,0.9,200,0.3,1
"317",317,0.9,200,0.35,1
"318",318,0.9,200,0.4,1
"319",319,0.9,200,0.45,1
"320",320,0.9,200,0.5,1
"321",321,0.9,200,0.55,1
"322",322,0.9,200,0.6,1
"323",323,0.9,200,0.65,1
"324",324,0.9,200,0.7,1
"325",325,0.9,200,0.75,1
"326",326,0.9,200,0.8,1
"327",327,0.9,200,0.85,1
"328",328,0.9,200,0.9,1
"329",329,0.9,200,0.95,1
"330",330,0.9,200,1,1
"331",331,0.4,300,0.3,1
"332",332,0.4,300,0.35,1
"333",333,0.4,300,0.4,1
"334",334,0.4,300,0.45,1
"335",335,0.4,300,0.5,1
"336",336,0.4,300,0.55,1
"337",337,0.4,300,0.6,1
"338",338,0.4,300,0.65,1
"339",339,0.4,300,0.7,1
"340",340,0.4,300,0.75,1
"341",341,0.4,300,0.8,1
"342",342,0.4,300,0.85,1
"343",343,0.4,300,0.9,1
"344",344,0.4,300,0.95,1
"345",345,0.4,300,1,1
"346",346,0.45,300,0.3,1
"347",347,0.45,300,0.35,1
"348",348,0.45,300,0.4,1
"349",349,0.45,300,0.45,1
"350",350,0.45,300,0.5,1
"351",351,0.45,300,0.55,1
"352",352,0.45,300,0.6,1
"353",353,0.45,300,0.65,1
"354",354,0.45,300,0.7,1
"355",355,0.45,300,0.75,1
"356",356,0.45,300,0.8,1
"357",357,0.45,300,0.85,1
"358",358,0.45,300,0.9,1
"359",359,0.45,300,0.95,1
"360",360,0.45,300,1,1
"361",361,0.5,300,0.3,1
"362",362,0.5,300,0.35,1
"363",363,0.5,300,0.4,1
"364",364,0.5,300,0.45,1
"365",365,0.5,300,0.5,1
"366",366,0.5,300,0.55,1
"367",367,0.5,300,0.6,1
"368",368,0.5,300,0.65,1
"369",369,0.5,300,0.7,1
"370",370,0.5,300,0.75,1
"371",371,0.5,300,0.8,1
"372",372,0.5,300,0.85,1
"373",373,0.5,300,0.9,1
"374",374,0.5,300,0.95,1
"375",375,0.5,300,1,1
"376",376,0.55,300,0.3,1
"377",377,0.55,300,0.35,1
"378",378,0.55,300,0.4,1
"379",379,0.55,300,0.45,1
"380",380,0.55,300,0.5,1
"381",381,0.55,300,0.55,1
"382",382,0.55,300,0.6,1
"383",383,0.55,300,0.65,1
"384",384,0.55,300,0.7,1
"385",385,0.55,300,0.75,1
"386",386,0.55,300,0.8,1
"387",387,0.55,300,0.85,1
"388",388,0.55,300,0.9,1
"389",389,0.55,300,0.95,1
"390",390,0.55,300,1,1
"391",391,0.6,300,0.3,1
"392",392,0.6,300,0.35,1
"393",393,0.6,300,0.4,1
"394",394,0.6,300,0.45,1
"395",395,0.6,300,0.5,1
"396",396,0.6,300,0.55,1
"397",397,0.6,300,0.6,1
"398",398,0.6,300,0.65,1
"399",399,0.6,300,0.7,1
"400",400,0.6,300,0.75,1
"401",401,0.6,300,0.8,1
"402",402,0.6,300,0.85,1
"403",403,0.6,300,0.9,1
"404",404,0.6,300,0.95,1
"405",405,0.6,300,1,1
"406",406,0.65,300,0.3,1
"407",407,0.65,300,0.35,1
"408",408,0.65,300,0.4,1
"409",409,0.65,300,0.45,1
"410",410,0.65,300,0.5,1
"411",411,0.65,300,0.55,1
"412",412,0.65,300,0.6,1
"413",413,0.65,300,0.65,1
"414",414,0.65,300,0.7,1
"415",415,0.65,300,0.75,1
"416",416,0.65,300,0.8,1
"417",417,0.65,300,0.85,1
"418",418,0.65,300,0.9,1
"419",419,0.65,300,0.95,1
"420",420,0.65,300,1,1
"421",421,0.7,300,0.3,1
"422",422,0.7,300,0.35,1
"423",423,0.7,300,0.4,1
"424",424,0.7,300,0.45,1
"425",425,0.7,300,0.5,1
"426",426,0.7,300,0.55,1
"427",427,0.7,300,0.6,1
"428",428,0.7,300,0.65,1
"429",429,0.7,300,0.7,1
"430",430,0.7,300,0.75,1
"431",431,0.7,300,0.8,1
"432",432,0.7,300,0.85,1
"433",433,0.7,300,0.9,1
"434",434,0.7,300,0.95,1
"435",435,0.7,300,1,1
"436",436,0.75,300,0.3,1
"437",437,0.75,300,0.35,1
"438",438,0.75,300,0.4,1
"439",439,0.75,300,0.45,1
"440",440,0.75,300,0.5,1
"441",441,0.75,300,0.55,1
"442",442,0.75,300,0.6,1
"443",443,0.75,300,0.65,1
"444",444,0.75,300,0.7,1
"445",445,0.75,300,0.75,1
"446",446,0.75,300,0.8,1
"447",447,0.75,300,0.85,1
"448",448,0.75,300,0.9,1
"449",449,0.75,300,0.95,1
"450",450,0.75,300,1,1
"451",451,0.8,300,0.3,1
"452",452,0.8,300,0.35,1
"453",453,0.8,300,0.4,1
"454",454,0.8,300,0.45,1
"455",455,0.8,300,0.5,1
"456",456,0.8,300,0.55,1
"457",457,0.8,300,0.6,1
"458",458,0.8,300,0.65,1
"459",459,0.8,300,0.7,1
"460",460,0.8,300,0.75,1
"461",461,0.8,300,0.8,1
"462",462,0.8,300,0.85,1
"463",463,0.8,300,0.9,1
"464",464,0.8,300,0.95,1
"465",465,0.8,300,1,1
"466",466,0.85,300,0.3,1
"467",467,0.85,300,0.35,1
"468",468,0.85,300,0.4,1
"469",469,0.85,300,0.45,1
"470",470,0.85,300,0.5,1
"471",471,0.85,300,0.55,1
"472",472,0.85,300,0.6,1
"473",473,0.85,300,0.65,1
"474",474,0.85,300,0.7,1
"475",475,0.85,300,0.75,1
"476",476,0.85,300,0.8,1
"477",477,0.85,300,0.85,1
"478",478,0.85,300,0.9,1
"479",479,0.85,300,0.95,1
"480",480,0.85,300,1,1
"481",481,0.9,300,0.3,1
"482",482,0.9,300,0.35,1
"483",483,0.9,300,0.4,1
"484",484,0.9,300,0.45,1
"485",485,0.9,300,0.5,1
"486",486,0.9,300,0.55,1
"487",487,0.9,300,0.6,1
"488",488,0.9,300,0.65,1
"489",489,0.9,300,0.7,1
"490",490,0.9,300,0.75,1
"491",491,0.9,300,0.8,1
"492",492,0.9,300,0.85,1
"493",493,0.9,300,0.9,1
"494",494,0.9,300,0.95,1
"495",495,0.9,300,1,1
"496",496,0.4,400,0.3,1
"497",497,0.4,400,0.35,1
"498",498,0.4,400,0.4,1
"499",499,0.4,400,0.45,1
"500",500,0.4,400,0.5,1
"501",501,0.4,400,0.55,1
"502",502,0.4,400,0.6,1
"503",503,0.4,400,0.65,1
"504",504,0.4,400,0.7,1
"505",505,0.4,400,0.75,1
"506",506,0.4,400,0.8,1
"507",507,0.4,400,0.85,1
"508",508,0.4,400,0.9,1
"509",509,0.4,400,0.95,1
"510",510,0.4,400,1,1
"511",511,0.45,400,0.3,1
"512",512,0.45,400,0.35,1
"513",513,0.45,400,0.4,1
"514",514,0.45,400,0.45,1
"515",515,0.45,400,0.5,1
"516",516,0.45,400,0.55,1
"517",517,0.45,400,0.6,1
"518",518,0.45,400,0.65,1
"519",519,0.45,400,0.7,1
"520",520,0.45,400,0.75,1
"521",521,0.45,400,0.8,1
"522",522,0.45,400,0.85,1
"523",523,0.45,400,0.9,1
"524",524,0.45,400,0.95,1
"525",525,0.45,400,1,1
"526",526,0.5,400,0.3,1
"527",527,0.5,400,0.35,1
"528",528,0.5,400,0.4,1
"529",529,0.5,400,0.45,1
"530",530,0.5,400,0.5,1
"531",531,0.5,400,0.55,1
"532",532,0.5,400,0.6,1
"533",533,0.5,400,0.65,1
"534",534,0.5,400,0.7,1
"535",535,0.5,400,0.75,1
"536",536,0.5,400,0.8,1
"537",537,0.5,400,0.85,1
"538",538,0.5,400,0.9,1
"539",539,0.5,400,0.95,1
"540",540,0.5,400,1,1
"541",541,0.55,400,0.3,1
"542",542,0.55,400,0.35,1
"543",543,0.55,400,0.4,1
"544",544,0.55,400,0.45,1
"545",545,0.55,400,0.5,1
"546",546,0.55,400,0.55,1
"547",547,0.55,400,0.6,1
"548",548,0.55,400,0.65,1
"549",549,0.55,400,0.7,1
"550",550,0.55,400,0.75,1
"551",551,0.55,400,0.8,1
"552",552,0.55,400,0.85,1
"553",553,0.55,400,0.9,1
"554",554,0.55,400,0.95,1
"555",555,0.55,400,1,1
"556",556,0.6,400,0.3,1
"557",557,0.6,400,0.35,1
"558",558,0.6,400,0.4,1
"559",559,0.6,400,0.45,1
"560",560,0.6,400,0.5,1
"561",561,0.6,400,0.55,1
"562",562,0.6,400,0.6,1
"563",563,0.6,400,0.65,1
"564",564,0.6,400,0.7,1
"565",565,0.6,400,0.75,1
"566",566,0.6,400,0.8,1
"567",567,0.6,400,0.85,1
"568",568,0.6,400,0.9,1
"569",569,0.6,400,0.95,1
"570",570,0.6,400,1,1
"571",571,0.65,400,0.3,1
"572",572,0.65,400,0.35,1
"573",573,0.65,400,0.4,1
"574",574,0.65,400,0.45,1
"575",575,0.65,400,0.5,1
"576",576,0.65,400,0.55,1
"577",577,0.65,400,0.6,1
"578",578,0.65,400,0.65,1
"579",579,0.65,400,0.7,1
"580",580,0.65,400,0.75,1
"581",581,0.65,400,0.8,1
"582",582,0.65,400,0.85,1
"583",583,0.65,400,0.9,1
"584",584,0.65,400,0.95,1
"585",585,0.65,400,1,1
"586",586,0.7,400,0.3,1
"587",587,0.7,400,0.35,1
"588",588,0.7,400,0.4,1
"589",589,0.7,400,0.45,1
"590",590,0.7,400,0.5,1
"591",591,0.7,400,0.55,1
"592",592,0.7,400,0.6,1
"593",593,0.7,400,0.65,1
"594",594,0.7,400,0.7,1
"595",595,0.7,400,0.75,1
"596",596,0.7,400,0.8,1
"597",597,0.7,400,0.85,1
"598",598,0.7,400,0.9,1
"599",599,0.7,400,0.95,1
"600",600,0.7,400,1,1
"601",601,0.75,400,0.3,1
"602",602,0.75,400,0.35,1
"603",603,0.75,400,0.4,1
"604",604,0.75,400,0.45,1
"605",605,0.75,400,0.5,1
"606",606,0.75,400,0.55,1
"607",607,0.75,400,0.6,1
"608",608,0.75,400,0.65,1
"609",609,0.75,400,0.7,1
"610",610,0.75,400,0.75,1
"611",611,0.75,400,0.8,1
"612",612,0.75,400,0.85,1
"613",613,0.75,400,0.9,1
"614",614,0.75,400,0.95,1
"615",615,0.75,400,1,1
"616",616,0.8,400,0.3,1
"617",617,0.8,400,0.35,1
"618",618,0.8,400,0.4,1
"619",619,0.8,400,0.45,1
"620",620,0.8,400,0.5,1
"621",621,0.8,400,0.55,1
"622",622,0.8,400,0.6,1
"623",623,0.8,400,0.65,1
"624",624,0.8,400,0.7,1
"625",625,0.8,400,0.75,1
"626",626,0.8,400,0.8,1
"627",627,0.8,400,0.85,1
"628",628,0.8,400,0.9,1
"629",629,0.8,400,0.95,1
"630",630,0.8,400,1,1
"631",631,0.85,400,0.3,1
"632",632,0.85,400,0.35,1
"633",633,0.85,400,0.4,1
"634",634,0.85,400,0.45,1
"635",635,0.85,400,0.5,1
"636",636,0.85,400,0.55,1
"637",637,0.85,400,0.6,1
"638",638,0.85,400,0.65,1
"639",639,0.85,400,0.7,1
"640",640,0.85,400,0.75,1
"641",641,0.85,400,0.8,1
"642",642,0.85,400,0.85,1
"643",643,0.85,400,0.9,1
"644",644,0.85,400,0.95,1
"645",645,0.85,400,1,1
"646",646,0.9,400,0.3,1
"647",647,0.9,400,0.35,1
"648",648,0.9,400,0.4,1
"649",649,0.9,400,0.45,1
"650",650,0.9,400,0.5,1
"651",651,0.9,400,0.55,1
"652",652,0.9,400,0.6,1
"653",653,0.9,400,0.65,1
"654",654,0.9,400,0.7,1
"655",655,0.9,400,0.75,1
"656",656,0.9,400,0.8,1
"657",657,0.9,400,0.85,1
"658",658,0.9,400,0.9,1
"659",659,0.9,400,0.95,1
"660",660,0.9,400,1,1
"661",661,0.4,500,0.3,1
"662",662,0.4,500,0.35,1
"663",663,0.4,500,0.4,1
"664",664,0.4,500,0.45,1
"665",665,0.4,500,0.5,1
"666",666,0.4,500,0.55,1
"667",667,0.4,500,0.6,1
"668",668,0.4,500,0.65,1
"669",669,0.4,500,0.7,1
"670",670,0.4,500,0.75,1
"671",671,0.4,500,0.8,1
"672",672,0.4,500,0.85,1
"673",673,0.4,500,0.9,1
"674",674,0.4,500,0.95,1
"675",675,0.4,500,1,1
"676",676,0.45,500,0.3,1
"677",677,0.45,500,0.35,1
"678",678,0.45,500,0.4,1
"679",679,0.45,500,0.45,1
"680",680,0.45,500,0.5,1
"681",681,0.45,500,0.55,1
"682",682,0.45,500,0.6,1
"683",683,0.45,500,0.65,1
"684",684,0.45,500,0.7,1
"685",685,0.45,500,0.75,1
"686",686,0.45,500,0.8,1
"687",687,0.45,500,0.85,1
"688",688,0.45,500,0.9,1
"689",689,0.45,500,0.95,1
"690",690,0.45,500,1,1
"691",691,0.5,500,0.3,1
"692",692,0.5,500,0.35,1
"693",693,0.5,500,0.4,1
"694",694,0.5,500,0.45,1
"695",695,0.5,500,0.5,1
"696",696,0.5,500,0.55,1
"697",697,0.5,500,0.6,1
"698",698,0.5,500,0.65,1
"699",699,0.5,500,0.7,1
"700",700,0.5,500,0.75,1
"701",701,0.5,500,0.8,1
"702",702,0.5,500,0.85,1
"703",703,0.5,500,0.9,1
"704",704,0.5,500,0.95,1
"705",705,0.5,500,1,1
"706",706,0.55,500,0.3,1
"707",707,0.55,500,0.35,1
"708",708,0.55,500,0.4,1
"709",709,0.55,500,0.45,1
"710",710,0.55,500,0.5,1
"711",711,0.55,500,0.55,1
"712",712,0.55,500,0.6,1
"713",713,0.55,500,0.65,1
"714",714,0.55,500,0.7,1
"715",715,0.55,500,0.75,1
"716",716,0.55,500,0.8,1
"717",717,0.55,500,0.85,1
"718",718,0.55,500,0.9,1
"719",719,0.55,500,0.95,1
"720",720,0.55,500,1,1
"721",721,0.6,500,0.3,1
"722",722,0.6,500,0.35,1
"723",723,0.6,500,0.4,1
"724",724,0.6,500,0.45,1
"725",725,0.6,500,0.5,1
"726",726,0.6,500,0.55,1
"727",727,0.6,500,0.6,1
"728",728,0.6,500,0.65,1
"729",729,0.6,500,0.7,1
"730",730,0.6,500,0.75,1
"731",731,0.6,500,0.8,1
"732",732,0.6,500,0.85,1
"733",733,0.6,500,0.9,1
"734",734,0.6,500,0.95,1
"735",735,0.6,500,1,1
"736",736,0.65,500,0.3,1
"737",737,0.65,500,0.35,1
"738",738,0.65,500,0.4,1
"739",739,0.65,500,0.45,1
"740",740,0.65,500,0.5,1
"741",741,0.65,500,0.55,1
"742",742,0.65,500,0.6,1
"743",743,0.65,500,0.65,1
"744",744,0.65,500,0.7,1
"745",745,0.65,500,0.75,1
"746",746,0.65,500,0.8,1
"747",747,0.65,500,0.85,1
"748",748,0.65,500,0.9,1
"749",749,0.65,500,0.95,1
"750",750,0.65,500,1,1
"751",751,0.7,500,0.3,1
"752",752,0.7,500,0.35,1
"753",753,0.7,500,0.4,1
"754",754,0.7,500,0.45,1
"755",755,0.7,500,0.5,1
"756",756,0.7,500,0.55,1
"757",757,0.7,500,0.6,1
"758",758,0.7,500,0.65,1
"759",759,0.7,500,0.7,1
"760",760,0.7,500,0.75,1
"761",761,0.7,500,0.8,1
"762",762,0.7,500,0.85,1
"763",763,0.7,500,0.9,1
"764",764,0.7,500,0.95,1
"765",765,0.7,500,1,1
"766",766,0.75,500,0.3,1
"767",767,0.75,500,0.35,1
"768",768,0.75,500,0.4,1
"769",769,0.75,500,0.45,1
"770",770,0.75,500,0.5,1
"771",771,0.75,500,0.55,1
"772",772,0.75,500,0.6,1
"773",773,0.75,500,0.65,1
"774",774,0.75,500,0.7,1
"775",775,0.75,500,0.75,1
"776",776,0.75,500,0.8,1
"777",777,0.75,500,0.85,1
"778",778,0.75,500,0.9,1
"779",779,0.75,500,0.95,1
"780",780,0.75,500,1,1
"781",781,0.8,500,0.3,1
"782",782,0.8,500,0.35,1
"783",783,0.8,500,0.4,1
"784",784,0.8,500,0.45,1
"785",785,0.8,500,0.5,1
"786",786,0.8,500,0.55,1
"787",787,0.8,500,0.6,1
"788",788,0.8,500,0.65,1
"789",789,0.8,500,0.7,1
"790",790,0.8,500,0.75,1
"791",791,0.8,500,0.8,1
"792",792,0.8,500,0.85,1
"793",793,0.8,500,0.9,1
"794",794,0.8,500,0.95,1
"795",795,0.8,500,1,1
"796",796,0.85,500,0.3,1
"797",797,0.85,500,0.35,1
"798",798,0.85,500,0.4,1
"799",799,0.85,500,0.45,1
"800",800,0.85,500,0.5,1
"801",801,0.85,500,0.55,1
"802",802,0.85,500,0.6,1
"803",803,0.85,500,0.65,1
"804",804,0.85,500,0.7,1
"805",805,0.85,500,0.75,1
"806",806,0.85,500,0.8,1
"807",807,0.85,500,0.85,1
"808",808,0.85,500,0.9,1
"809",809,0.85,500,0.95,1
"810",810,0.85,500,1,1
"811",811,0.9,500,0.3,1
"812",812,0.9,500,0.35,1
"813",813,0.9,500,0.4,1
"814",814,0.9,500,0.45,1
"815",815,0.9,500,0.5,1
"816",816,0.9,500,0.55,1
"817",817,0.9,500,0.6,1
"818",818,0.9,500,0.65,1
"819",819,0.9,500,0.7,1
"820",820,0.9,500,0.75,1
"821",821,0.9,500,0.8,1
"822",822,0.9,500,0.85,1
"823",823,0.9,500,0.9,1
"824",824,0.9,500,0.95,1
"825",825,0.9,500,1,1
"826",826,0,100,0.3,0
"827",827,0,100,0.35,0
"828",828,0,100,0.4,0
"829",829,0,100,0.45,0
"830",830,0,100,0.5,0
"831",831,0,100,0.55,0
"832",832,0,100,0.6,0
"833",833,0,100,0.65,0
"834",834,0,100,0.7,0
"835",835,0,100,0.75,0
"836",836,0,100,0.8,0
"837",837,0,100,0.85,0
"838",838,0,100,0.9,0
"839",839,0,100,0.95,0
"840",840,0,100,1,0
"841",841,0,100,0.3,0
"842",842,0,100,0.35,0
"843",843,0,100,0.4,0
"844",844,0,100,0.45,0
"845",845,0,100,0.5,0
"846",846,0,100,0.55,0
"847",847,0,100,0.6,0
"848",848,0,100,0.65,0
"849",849,0,100,0.7,0
"850",850,0,100,0.75,0
"851",851,0,100,0.8,0
"852",852,0,100,0.85,0
"853",853,0,100,0.9,0
"854",854,0,100,0.95,0
"855",855,0,100,1,0
"856",856,0,100,0.3,0
"857",857,0,100,0.35,0
"858",858,0,100,0.4,0
"859",859,0,100,0.45,0
"860",860,0,100,0.5,0
"861",861,0,100,0.55,0
"862",862,0,100,0.6,0
"863",863,0,100,0.65,0
"864",864,0,100,0.7,0
"865",865,0,100,0.75,0
"866",866,0,100,0.8,0
"867",867,0,100,0.85,0
"868",868,0,100,0.9,0
"869",869,0,100,0.95,0
"870",870,0,100,1,0
"871",871,0,100,0.3,0
"872",872,0,100,0.35,0
"873",873,0,100,0.4,0
"874",874,0,100,0.45,0
"875",875,0,100,0.5,0
"876",876,0,100,0.55,0
"877",877,0,100,0.6,0
"878",878,0,100,0.65,0
"879",879,0,100,0.7,0
"880",880,0,100,0.75,0
"881",881,0,100,0.8,0
"882",882,0,100,0.85,0
"883",883,0,100,0.9,0
"884",884,0,100,0.95,0
"885",885,0,100,1,0
"886",886,0,100,0.3,0
"887",887,0,100,0.35,0
"888",888,0,100,0.4,0
"889",889,0,100,0.45,0
"890",890,0,100,0.5,0
"891",891,0,100,0.55,0
"892",892,0,100,0.6,0
"893",893,0,100,0.65,0
"894",894,0,100,0.7,0
"895",895,0,100,0.75,0
"896",896,0,100,0.8,0
"897",897,0,100,0.85,0
"898",898,0,100,0.9,0
"899",899,0,100,0.95,0
"900",900,0,100,1,0
"901",901,0,100,0.3,0
"902",902,0,100,0.35,0
"903",903,0,100,0.4,0
"904",904,0,100,0.45,0
"905",905,0,100,0.5,0
"906",906,0,100,0.55,0
"907",907,0,100,0.6,0
"908",908,0,100,0.65,0
"909",909,0,100,0.7,0
"910",910,0,100,0.75,0
"911",911,0,100,0.8,0
"912",912,0,100,0.85,0
"913",913,0,100,0.9,0
"914",914,0,100,0.95,0
"915",915,0,100,1,0
"916",916,0,100,0.3,0
"917",917,0,100,0.35,0
"918",918,0,100,0.4,0
"919",919,0,100,0.45,0
"920",920,0,100,0.5,0
"921",921,0,100,0.55,0
"922",922,0,100,0.6,0
"923",923,0,100,0.65,0
"924",924,0,100,0.7,0
"925",925,0,100,0.75,0
"926",926,0,100,0.8,0
"927",927,0,100,0.85,0
"928",928,0,100,0.9,0
"929",929,0,100,0.95,0
"930",930,0,100,1,0
"931",931,0,100,0.3,0
"932",932,0,100,0.35,0
"933",933,0,100,0.4,0
"934",934,0,100,0.45,0
"935",935,0,100,0.5,0
"936",936,0,100,0.55,0
"937",937,0,100,0.6,0
"938",938,0,100,0.65,0
"939",939,0,100,0.7,0
"940",940,0,100,0.75,0
"941",941,0,100,0.8,0
"942",942,0,100,0.85,0
"943",943,0,100,0.9,0
"944",944,0,100,0.95,0
"945",945,0,100,1,0
"946",946,0,100,0.3,0
"947",947,0,100,0.35,0
"948",948,0,100,0.4,0
"949",949,0,100,0.45,0
"950",950,0,100,0.5,0
"951",951,0,100,0.55,0
"952",952,0,100,0.6,0
"953",953,0,100,0.65,0
"954",954,0,100,0.7,0
"955",955,0,100,0.75,0
"956",956,0,100,0.8,0
"957",957,0,100,0.85,0
"958",958,0,100,0.9,0
"959",959,0,100,0.95,0
"960",960,0,100,1,0
"961",961,0,100,0.3,0
"962",962,0,100,0.35,0
"963",963,0,100,0.4,0
"964",964,0,100,0.45,0
"965",965,0,100,0.5,0
"966",966,0,100,0.55,0
"967",967,0,100,0.6,0
"968",968,0,100,0.65,0
"969",969,0,100,0.7,0
"970",970,0,100,0.75,0
"971",971,0,100,0.8,0
"972",972,0,100,0.85,0
"973",973,0,100,0.9,0
"974",974,0,100,0.95,0
"975",975,0,100,1,0
"976",976,0,100,0.3,0
"977",977,0,100,0.35,0
"978",978,0,100,0.4,0
"979",979,0,100,0.45,0
"980",980,0,100,0.5,0
"981",981,0,100,0.55,0
"982",982,0,100,0.6,0
"983",983,0,100,0.65,0
"984",984,0,100,0.7,0
"985",985,0,100,0.75,0
"986",986,0,100,0.8,0
"987",987,0,100,0.85,0
"988",988,0,100,0.9,0
"989",989,0,100,0.95,0
"990",990,0,100,1,0
"991",991,0,200,0.3,0
"992",992,0,200,0.35,0
"993",993,0,200,0.4,0
"994",994,0,200,0.45,0
"995",995,0,200,0.5,0
"996",996,0,200,0.55,0
"997",997,0,200,0.6,0
"998",998,0,200,0.65,0
"999",999,0,200,0.7,0
"1000",1000,0,200,0.75,0
"1001",1001,0,200,0.8,0
"1002",1002,0,200,0.85,0
"1003",1003,0,200,0.9,0
"1004",1004,0,200,0.95,0
"1005",1005,0,200,1,0
"1006",1006,0,200,0.3,0
"1007",1007,0,200,0.35,0
"1008",1008,0,200,0.4,0
"1009",1009,0,200,0.45,0
"1010",1010,0,200,0.5,0
"1011",1011,0,200,0.55,0
"1012",1012,0,200,0.6,0
"1013",1013,0,200,0.65,0
"1014",1014,0,200,0.7,0
"1015",1015,0,200,0.75,0
"1016",1016,0,200,0.8,0
"1017",1017,0,200,0.85,0
"1018",1018,0,200,0.9,0
"1019",1019,0,200,0.95,0
"1020",1020,0,200,1,0
"1021",1021,0,200,0.3,0
"1022",1022,0,200,0.35,0
"1023",1023,0,200,0.4,0
"1024",1024,0,200,0.45,0
"1025",1025,0,200,0.5,0
"1026",1026,0,200,0.55,0
"1027",1027,0,200,0.6,0
"1028",1028,0,200,0.65,0
"1029",1029,0,200,0.7,0
"1030",1030,0,200,0.75,0
"1031",1031,0,200,0.8,0
"1032",1032,0,200,0.85,0
"1033",1033,0,200,0.9,0
"1034",1034,0,200,0.95,0
"1035",1035,0,200,1,0
"1036",1036,0,200,0.3,0
"1037",1037,0,200,0.35,0
"1038",1038,0,200,0.4,0
"1039",1039,0,200,0.45,0
"1040",1040,0,200,0.5,0
"1041",1041,0,200,0.55,0
"1042",1042,0,200,0.6,0
"1043",1043,0,200,0.65,0
"1044",1044,0,200,0.7,0
"1045",1045,0,200,0.75,0
"1046",1046,0,200,0.8,0
"1047",1047,0,200,0.85,0
"1048",1048,0,200,0.9,0
"1049",1049,0,200,0.95,0
"1050",1050,0,200,1,0
"1051",1051,0,200,0.3,0
"1052",1052,0,200,0.35,0
"1053",1053,0,200,0.4,0
"1054",1054,0,200,0.45,0
"1055",1055,0,200,0.5,0
"1056",1056,0,200,0.55,0
"1057",1057,0,200,0.6,0
"1058",1058,0,200,0.65,0
"1059",1059,0,200,0.7,0
"1060",1060,0,200,0.75,0
"1061",1061,0,200,0.8,0
"1062",1062,0,200,0.85,0
"1063",1063,0,200,0.9,0
"1064",1064,0,200,0.95,0
"1065",1065,0,200,1,0
"1066",1066,0,200,0.3,0
"1067",1067,0,200,0.35,0
"1068",1068,0,200,0.4,0
"1069",1069,0,200,0.45,0
"1070",1070,0,200,0.5,0
"1071",1071,0,200,0.55,0
"1072",1072,0,200,0.6,0
"1073",1073,0,200,0.65,0
"1074",1074,0,200,0.7,0
"1075",1075,0,200,0.75,0
"1076",1076,0,200,0.8,0
"1077",1077,0,200,0.85,0
"1078",1078,0,200,0.9,0
"1079",1079,0,200,0.95,0
"1080",1080,0,200,1,0
"1081",1081,0,200,0.3,0
"1082",1082,0,200,0.35,0
"1083",1083,0,200,0.4,0
"1084",1084,0,200,0.45,0
"1085",1085,0,200,0.5,0
"1086",1086,0,200,0.55,0
"1087",1087,0,200,0.6,0
"1088",1088,0,200,0.65,0
"1089",1089,0,200,0.7,0
"1090",1090,0,200,0.75,0
"1091",1091,0,200,0.8,0
"1092",1092,0,200,0.85,0
"1093",1093,0,200,0.9,0
"1094",1094,0,200,0.95,0
"1095",1095,0,200,1,0
"1096",1096,0,200,0.3,0
"1097",1097,0,200,0.35,0
"1098",1098,0,200,0.4,0
"1099",1099,0,200,0.45,0
"1100",1100,0,200,0.5,0
"1101",1101,0,200,0.55,0
"1102",1102,0,200,0.6,0
"1103",1103,0,200,0.65,0
"1104",1104,0,200,0.7,0
"1105",1105,0,200,0.75,0
"1106",1106,0,200,0.8,0
"1107",1107,0,200,0.85,0
"1108",1108,0,200,0.9,0
"1109",1109,0,200,0.95,0
"1110",1110,0,200,1,0
"1111",1111,0,200,0.3,0
"1112",1112,0,200,0.35,0
"1113",1113,0,200,0.4,0
"1114",1114,0,200,0.45,0
"1115",1115,0,200,0.5,0
"1116",1116,0,200,0.55,0
"1117",1117,0,200,0.6,0
"1118",1118,0,200,0.65,0
"1119",1119,0,200,0.7,0
"1120",1120,0,200,0.75,0
"1121",1121,0,200,0.8,0
"1122",1122,0,200,0.85,0
"1123",1123,0,200,0.9,0
"1124",1124,0,200,0.95,0
"1125",1125,0,200,1,0
"1126",1126,0,200,0.3,0
"1127",1127,0,200,0.35,0
"1128",1128,0,200,0.4,0
"1129",1129,0,200,0.45,0
"1130",1130,0,200,0.5,0
"1131",1131,0,200,0.55,0
"1132",1132,0,200,0.6,0
"1133",1133,0,200,0.65,0
"1134",1134,0,200,0.7,0
"1135",1135,0,200,0.75,0
"1136",1136,0,200,0.8,0
"1137",1137,0,200,0.85,0
"1138",1138,0,200,0.9,0
"1139",1139,0,200,0.95,0
"1140",1140,0,200,1,0
"1141",1141,0,200,0.3,0
"1142",1142,0,200,0.35,0
"1143",1143,0,200,0.4,0
"1144",1144,0,200,0.45,0
"1145",1145,0,200,0.5,0
"1146",1146,0,200,0.55,0
"1147",1147,0,200,0.6,0
"1148",1148,0,200,0.65,0
"1149",1149,0,200,0.7,0
"1150",1150,0,200,0.75,0
"1151",1151,0,200,0.8,0
"1152",1152,0,200,0.85,0
"1153",1153,0,200,0.9,0
"1154",1154,0,200,0.95,0
"1155",1155,0,200,1,0
"1156",1156,0,300,0.3,0
"1157",1157,0,300,0.35,0
"1158",1158,0,300,0.4,0
"1159",1159,0,300,0.45,0
"1160",1160,0,300,0.5,0
"1161",1161,0,300,0.55,0
"1162",1162,0,300,0.6,0
"1163",1163,0,300,0.65,0
"1164",1164,0,300,0.7,0
"1165",1165,0,300,0.75,0
"1166",1166,0,300,0.8,0
"1167",1167,0,300,0.85,0
"1168",1168,0,300,0.9,0
"1169",1169,0,300,0.95,0
"1170",1170,0,300,1,0
"1171",1171,0,300,0.3,0
"1172",1172,0,300,0.35,0
"1173",1173,0,300,0.4,0
"1174",1174,0,300,0.45,0
"1175",1175,0,300,0.5,0
"1176",1176,0,300,0.55,0
"1177",1177,0,300,0.6,0
"1178",1178,0,300,0.65,0
"1179",1179,0,300,0.7,0
"1180",1180,0,300,0.75,0
"1181",1181,0,300,0.8,0
"1182",1182,0,300,0.85,0
"1183",1183,0,300,0.9,0
"1184",1184,0,300,0.95,0
"1185",1185,0,300,1,0
"1186",1186,0,300,0.3,0
"1187",1187,0,300,0.35,0
"1188",1188,0,300,0.4,0
"1189",1189,0,300,0.45,0
"1190",1190,0,300,0.5,0
"1191",1191,0,300,0.55,0
"1192",1192,0,300,0.6,0
"1193",1193,0,300,0.65,0
"1194",1194,0,300,0.7,0
"1195",1195,0,300,0.75,0
"1196",1196,0,300,0.8,0
"1197",1197,0,300,0.85,0
"1198",1198,0,300,0.9,0
"1199",1199,0,300,0.95,0
"1200",1200,0,300,1,0
"1201",1201,0,300,0.3,0
"1202",1202,0,300,0.35,0
"1203",1203,0,300,0.4,0
"1204",1204,0,300,0.45,0
"1205",1205,0,300,0.5,0
"1206",1206,0,300,0.55,0
"1207",1207,0,300,0.6,0
"1208",1208,0,300,0.65,0
"1209",1209,0,300,0.7,0
"1210",1210,0,300,0.75,0
"1211",1211,0,300,0.8,0
"1212",1212,0,300,0.85,0
"1213",1213,0,300,0.9,0
"1214",1214,0,300,0.95,0
"1215",1215,0,300,1,0
"1216",1216,0,300,0.3,0
"1217",1217,0,300,0.35,0
"1218",1218,0,300,0.4,0
"1219",1219,0,300,0.45,0
"1220",1220,0,300,0.5,0
"1221",1221,0,300,0.55,0
"1222",1222,0,300,0.6,0
"1223",1223,0,300,0.65,0
"1224",1224,0,300,0.7,0
"1225",1225,0,300,0.75,0
"1226",1226,0,300,0.8,0
"1227",1227,0,300,0.85,0
"1228",1228,0,300,0.9,0
"1229",1229,0,300,0.95,0
"1230",1230,0,300,1,0
"1231",1231,0,300,0.3,0
"1232",1232,0,300,0.35,0
"1233",1233,0,300,0.4,0
"1234",1234,0,300,0.45,0
"1235",1235,0,300,0.5,0
"1236",1236,0,300,0.55,0
"1237",1237,0,300,0.6,0
"1238",1238,0,300,0.65,0
"1239",1239,0,300,0.7,0
"1240",1240,0,300,0.75,0
"1241",1241,0,300,0.8,0
"1242",1242,0,300,0.85,0
"1243",1243,0,300,0.9,0
"1244",1244,0,300,0.95,0
"1245",1245,0,300,1,0
"1246",1246,0,300,0.3,0
"1247",1247,0,300,0.35,0
"1248",1248,0,300,0.4,0
"1249",1249,0,300,0.45,0
"1250",1250,0,300,0.5,0
"1251",1251,0,300,0.55,0
"1252",1252,0,300,0.6,0
"1253",1253,0,300,0.65,0
"1254",1254,0,300,0.7,0
"1255",1255,0,300,0.75,0
"1256",1256,0,300,0.8,0
"1257",1257,0,300,0.85,0
"1258",1258,0,300,0.9,0
"1259",1259,0,300,0.95,0
"1260",1260,0,300,1,0
"1261",1261,0,300,0.3,0
"1262",1262,0,300,0.35,0
"1263",1263,0,300,0.4,0
"1264",1264,0,300,0.45,0
"1265",1265,0,300,0.5,0
"1266",1266,0,300,0.55,0
"1267",1267,0,300,0.6,0
"1268",1268,0,300,0.65,0
"1269",1269,0,300,0.7,0
"1270",1270,0,300,0.75,0
"1271",1271,0,300,0.8,0
"1272",1272,0,300,0.85,0
"1273",1273,0,300,0.9,0
"1274",1274,0,300,0.95,0
"1275",1275,0,300,1,0
"1276",1276,0,300,0.3,0
"1277",1277,0,300,0.35,0
"1278",1278,0,300,0.4,0
"1279",1279,0,300,0.45,0
"1280",1280,0,300,0.5,0
"1281",1281,0,300,0.55,0
"1282",1282,0,300,0.6,0
"1283",1283,0,300,0.65,0
"1284",1284,0,300,0.7,0
"1285",1285,0,300,0.75,0
"1286",1286,0,300,0.8,0
"1287",1287,0,300,0.85,0
"1288",1288,0,300,0.9,0
"1289",1289,0,300,0.95,0
"1290",1290,0,300,1,0
"1291",1291,0,300,0.3,0
"1292",1292,0,300,0.35,0
"1293",1293,0,300,0.4,0
"1294",1294,0,300,0.45,0
"1295",1295,0,300,0.5,0
"1296",1296,0,300,0.55,0
"1297",1297,0,300,0.6,0
"1298",1298,0,300,0.65,0
"1299",1299,0,300,0.7,0
"1300",1300,0,300,0.75,0
"1301",1301,0,300,0.8,0
"1302",1302,0,300,0.85,0
"1303",1303,0,300,0.9,0
"1304",1304,0,300,0.95,0
"1305",1305,0,300,1,0
"1306",1306,0,300,0.3,0
"1307",1307,0,300,0.35,0
"1308",1308,0,300,0.4,0
"1309",1309,0,300,0.45,0
"1310",1310,0,300,0.5,0
"1311",1311,0,300,0.55,0
"1312",1312,0,300,0.6,0
"1313",1313,0,300,0.65,0
"1314",1314,0,300,0.7,0
"1315",1315,0,300,0.75,0
"1316",1316,0,300,0.8,0
"1317",1317,0,300,0.85,0
"1318",1318,0,300,0.9,0
"1319",1319,0,300,0.95,0
"1320",1320,0,300,1,0
"1321",1321,0,400,0.3,0
"1322",1322,0,400,0.35,0
"1323",1323,0,400,0.4,0
"1324",1324,0,400,0.45,0
"1325",1325,0,400,0.5,0
"1326",1326,0,400,0.55,0
"1327",1327,0,400,0.6,0
"1328",1328,0,400,0.65,0
"1329",1329,0,400,0.7,0
"1330",1330,0,400,0.75,0
"1331",1331,0,400,0.8,0
"1332",1332,0,400,0.85,0
"1333",1333,0,400,0.9,0
"1334",1334,0,400,0.95,0
"1335",1335,0,400,1,0
"1336",1336,0,400,0.3,0
"1337",1337,0,400,0.35,0
"1338",1338,0,400,0.4,0
"1339",1339,0,400,0.45,0
"1340",1340,0,400,0.5,0
"1341",1341,0,400,0.55,0
"1342",1342,0,400,0.6,0
"1343",1343,0,400,0.65,0
"1344",1344,0,400,0.7,0
"1345",1345,0,400,0.75,0
"1346",1346,0,400,0.8,0
"1347",1347,0,400,0.85,0
"1348",1348,0,400,0.9,0
"1349",1349,0,400,0.95,0
"1350",1350,0,400,1,0
"1351",1351,0,400,0.3,0
"1352",1352,0,400,0.35,0
"1353",1353,0,400,0.4,0
"1354",1354,0,400,0.45,0
"1355",1355,0,400,0.5,0
"1356",1356,0,400,0.55,0
"1357",1357,0,400,0.6,0
"1358",1358,0,400,0.65,0
"1359",1359,0,400,0.7,0
"1360",1360,0,400,0.75,0
"1361",1361,0,400,0.8,0
"1362",1362,0,400,0.85,0
"1363",1363,0,400,0.9,0
"1364",1364,0,400,0.95,0
"1365",1365,0,400,1,0
"1366",1366,0,400,0.3,0
"1367",1367,0,400,0.35,0
"1368",1368,0,400,0.4,0
"1369",1369,0,400,0.45,0
"1370",1370,0,400,0.5,0
"1371",1371,0,400,0.55,0
"1372",1372,0,400,0.6,0
"1373",1373,0,400,0.65,0
"1374",1374,0,400,0.7,0
"1375",1375,0,400,0.75,0
"1376",1376,0,400,0.8,0
"1377",1377,0,400,0.85,0
"1378",1378,0,400,0.9,0
"1379",1379,0,400,0.95,0
"1380",1380,0,400,1,0
"1381",1381,0,400,0.3,0
"1382",1382,0,400,0.35,0
"1383",1383,0,400,0.4,0
"1384",1384,0,400,0.45,0
"1385",1385,0,400,0.5,0
"1386",1386,0,400,0.55,0
"1387",1387,0,400,0.6,0
"1388",1388,0,400,0.65,0
"1389",1389,0,400,0.7,0
"1390",1390,0,400,0.75,0
"1391",1391,0,400,0.8,0
"1392",1392,0,400,0.85,0
"1393",1393,0,400,0.9,0
"1394",1394,0,400,0.95,0
"1395",1395,0,400,1,0
"1396",1396,0,400,0.3,0
"1397",1397,0,400,0.35,0
"1398",1398,0,400,0.4,0
"1399",1399,0,400,0.45,0
"1400",1400,0,400,0.5,0
"1401",1401,0,400,0.55,0
"1402",1402,0,400,0.6,0
"1403",1403,0,400,0.65,0
"1404",1404,0,400,0.7,0
"1405",1405,0,400,0.75,0
"1406",1406,0,400,0.8,0
"1407",1407,0,400,0.85,0
"1408",1408,0,400,0.9,0
"1409",1409,0,400,0.95,0
"1410",1410,0,400,1,0
"1411",1411,0,400,0.3,0
"1412",1412,0,400,0.35,0
"1413",1413,0,400,0.4,0
"1414",1414,0,400,0.45,0
"1415",1415,0,400,0.5,0
"1416",1416,0,400,0.55,0
"1417",1417,0,400,0.6,0
"1418",1418,0,400,0.65,0
"1419",1419,0,400,0.7,0
"1420",1420,0,400,0.75,0
"1421",1421,0,400,0.8,0
"1422",1422,0,400,0.85,0
"1423",1423,0,400,0.9,0
"1424",1424,0,400,0.95,0
"1425",1425,0,400,1,0
"1426",1426,0,400,0.3,0
"1427",1427,0,400,0.35,0
"1428",1428,0,400,0.4,0
"1429",1429,0,400,0.45,0
"1430",1430,0,400,0.5,0
"1431",1431,0,400,0.55,0
"1432",1432,0,400,0.6,0
"1433",1433,0,400,0.65,0
"1434",1434,0,400,0.7,0
"1435",1435,0,400,0.75,0
"1436",1436,0,400,0.8,0
"1437",1437,0,400,0.85,0
"1438",1438,0,400,0.9,0
"1439",1439,0,400,0.95,0
"1440",1440,0,400,1,0
"1441",1441,0,400,0.3,0
"1442",1442,0,400,0.35,0
"1443",1443,0,400,0.4,0
"1444",1444,0,400,0.45,0
"1445",1445,0,400,0.5,0
"1446",1446,0,400,0.55,0
"1447",1447,0,400,0.6,0
"1448",1448,0,400,0.65,0
"1449",1449,0,400,0.7,0
"1450",1450,0,400,0.75,0
"1451",1451,0,400,0.8,0
"1452",1452,0,400,0.85,0
"1453",1453,0,400,0.9,0
"1454",1454,0,400,0.95,0
"1455",1455,0,400,1,0
"1456",1456,0,400,0.3,0
"1457",1457,0,400,0.35,0
"1458",1458,0,400,0.4,0
"1459",1459,0,400,0.45,0
"1460",1460,0,400,0.5,0
"1461",1461,0,400,0.55,0
"1462",1462,0,400,0.6,0
"1463",1463,0,400,0.65,0
"1464",1464,0,400,0.7,0
"1465",1465,0,400,0.75,0
"1466",1466,0,400,0.8,0
"1467",1467,0,400,0.85,0
"1468",1468,0,400,0.9,0
"1469",1469,0,400,0.95,0
"1470",1470,0,400,1,0
"1471",1471,0,400,0.3,0
"1472",1472,0,400,0.35,0
"1473",1473,0,400,0.4,0
"1474",1474,0,400,0.45,0
"1475",1475,0,400,0.5,0
"1476",1476,0,400,0.55,0
"1477",1477,0,400,0.6,0
"1478",1478,0,400,0.65,0
"1479",1479,0,400,0.7,0
"1480",1480,0,400,0.75,0
"1481",1481,0,400,0.8,0
"1482",1482,0,400,0.85,0
"1483",1483,0,400,0.9,0
"1484",1484,0,400,0.95,0
"1485",1485,0,400,1,0
"1486",1486,0,500,0.3,0
"1487",1487,0,500,0.35,0
"1488",1488,0,500,0.4,0
"1489",1489,0,500,0.45,0
"1490",1490,0,500,0.5,0
"1491",1491,0,500,0.55,0
"1492",1492,0,500,0.6,0
"1493",1493,0,500,0.65,0
"1494",1494,0,500,0.7,0
"1495",1495,0,500,0.75,0
"1496",1496,0,500,0.8,0
"1497",1497,0,500,0.85,0
"1498",1498,0,500,0.9,0
"1499",1499,0,500,0.95,0
"1500",1500,0,500,1,0
"1501",1501,0,500,0.3,0
"1502",1502,0,500,0.35,0
"1503",1503,0,500,0.4,0
"1504",1504,0,500,0.45,0
"1505",1505,0,500,0.5,0
"1506",1506,0,500,0.55,0
"1507",1507,0,500,0.6,0
"1508",1508,0,500,0.65,0
"1509",1509,0,500,0.7,0
"1510",1510,0,500,0.75,0
"1511",1511,0,500,0.8,0
"1512",1512,0,500,0.85,0
"1513",1513,0,500,0.9,0
"1514",1514,0,500,0.95,0
"1515",1515,0,500,1,0
"1516",1516,0,500,0.3,0
"1517",1517,0,500,0.35,0
"1518",1518,0,500,0.4,0
"1519",1519,0,500,0.45,0
"1520",1520,0,500,0.5,0
"1521",1521,0,500,0.55,0
"1522",1522,0,500,0.6,0
"1523",1523,0,500,0.65,0
"1524",1524,0,500,0.7,0
"1525",1525,0,500,0.75,0
"1526",1526,0,500,0.8,0
"1527",1527,0,500,0.85,0
"1528",1528,0,500,0.9,0
"1529",1529,0,500,0.95,0
"1530",1530,0,500,1,0
"1531",1531,0,500,0.3,0
"1532",1532,0,500,0.35,0
"1533",1533,0,500,0.4,0
"1534",1534,0,500,0.45,0
"1535",1535,0,500,0.5,0
"1536",1536,0,500,0.55,0
"1537",1537,0,500,0.6,0
"1538",1538,0,500,0.65,0
"1539",1539,0,500,0.7,0
"1540",1540,0,500,0.75,0
"1541",1541,0,500,0.8,0
"1542",1542,0,500,0.85,0
"1543",1543,0,500,0.9,0
"1544",1544,0,500,0.95,0
"1545",1545,0,500,1,0
"1546",1546,0,500,0.3,0
"1547",1547,0,500,0.35,0
"1548",1548,0,500,0.4,0
"1549",1549,0,500,0.45,0
"1550",1550,0,500,0.5,0
"1551",1551,0,500,0.55,0
"1552",1552,0,500,0.6,0
"1553",1553,0,500,0.65,0
"1554",1554,0,500,0.7,0
"1555",1555,0,500,0.75,0
"1556",1556,0,500,0.8,0
"1557",1557,0,500,0.85,0
"1558",1558,0,500,0.9,0
"1559",1559,0,500,0.95,0
"1560",1560,0,500,1,0
"1561",1561,0,500,0.3,0
"1562",1562,0,500,0.35,0
"1563",1563,0,500,0.4,0
"1564",1564,0,500,0.45,0
"1565",1565,0,500,0.5,0
"1566",1566,0,500,0.55,0
"1567",1567,0,500,0.6,0
"1568",1568,0,500,0.65,0
"1569",1569,0,500,0.7,0
"1570",1570,0,500,0.75,0
"1571",1571,0,500,0.8,0
"1572",1572,0,500,0.85,0
"1573",1573,0,500,0.9,0
"1574",1574,0,500,0.95,0
"1575",1575,0,500,1,0
"1576",1576,0,500,0.3,0
"1577",1577,0,500,0.35,0
"1578",1578,0,500,0.4,0
"1579",1579,0,500,0.45,0
"1580",1580,0,500,0.5,0
"1581",1581,0,500,0.55,0
"1582",1582,0,500,0.6,0
"1583",1583,0,500,0.65,0
"1584",1584,0,500,0.7,0
"1585",1585,0,500,0.75,0
"1586",1586,0,500,0.8,0
"1587",1587,0,500,0.85,0
"1588",1588,0,500,0.9,0
"1589",1589,0,500,0.95,0
"1590",1590,0,500,1,0
"1591",1591,0,500,0.3,0
"1592",1592,0,500,0.35,0
"1593",1593,0,500,0.4,0
"1594",1594,0,500,0.45,0
"1595",1595,0,500,0.5,0
"1596",1596,0,500,0.55,0
"1597",1597,0,500,0.6,0
"1598",1598,0,500,0.65,0
"1599",1599,0,500,0.7,0
"1600",1600,0,500,0.75,0
"1601",1601,0,500,0.8,0
"1602",1602,0,500,0.85,0
"1603",1603,0,500,0.9,0
"1604",1604,0,500,0.95,0
"1605",1605,0,500,1,0
"1606",1606,0,500,0.3,0
"1607",1607,0,500,0.35,0
"1608",1608,0,500,0.4,0
"1609",1609,0,500,0.45,0
"1610",1610,0,500,0.5,0
"1611",1611,0,500,0.55,0
"1612",1612,0,500,0.6,0
"1613",1613,0,500,0.65,0
"1614",1614,0,500,0.7,0
"1615",1615,0,500,0.75,0
"1616",1616,0,500,0.8,0
"1617",1617,0,500,0.85,0
"1618",1618,0,500,0.9,0
"1619",1619,0,500,0.95,0
"1620",1620,0,500,1,0
"1621",1621,0,500,0.3,0
"1622",1622,0,500,0.35,0
"1623",1623,0,500,0.4,0
"1624",1624,0,500,0.45,0
"1625",1625,0,500,0.5,0
"1626",1626,0,500,0.55,0
"1627",1627,0,500,0.6,0
"1628",1628,0,500,0.65,0
"1629",1629,0,500,0.7,0
"1630",1630,0,500,0.75,0
"1631",1631,0,500,0.8,0
"1632",1632,0,500,0.85,0
"1633",1633,0,500,0.9,0
"1634",1634,0,500,0.95,0
"1635",1635,0,500,1,0
"1636",1636,0,500,0.3,0
"1637",1637,0,500,0.35,0
"1638",1638,0,500,0.4,0
"1639",1639,0,500,0.45,0
"1640",1640,0,500,0.5,0
"1641",1641,0,500,0.55,0
"1642",1642,0,500,0.6,0
"1643",1643,0,500,0.65,0
"1644",1644,0,500,0.7,0
"1645",1645,0,500,0.75,0
"1646",1646,0,500,0.8,0
"1647",1647,0,500,0.85,0
"1648",1648,0,500,0.9,0
"1649",1649,0,500,0.95,0
"1650",1650,0,500,1,0
