"","ID","R","N","sd1","sd2"
"1",1,-0.249236545535191,100,1,1
"2",2,-0.249236545535191,100,1,2
"3",3,-0.249236545535191,100,1,3
"4",4,-0.249236545535191,100,1,4
"5",5,-0.249236545535191,100,1,5
"6",6,-0.249236545535191,100,2,1
"7",7,-0.249236545535191,100,2,2
"8",8,-0.249236545535191,100,2,3
"9",9,-0.249236545535191,100,2,4
"10",10,-0.249236545535191,100,2,5
"11",11,-0.249236545535191,100,3,1
"12",12,-0.249236545535191,100,3,2
"13",13,-0.249236545535191,100,3,3
"14",14,-0.249236545535191,100,3,4
"15",15,-0.249236545535191,100,3,5
"16",16,-0.249236545535191,100,4,1
"17",17,-0.249236545535191,100,4,2
"18",18,-0.249236545535191,100,4,3
"19",19,-0.249236545535191,100,4,4
"20",20,-0.249236545535191,100,4,5
"21",21,-0.249236545535191,100,5,1
"22",22,-0.249236545535191,100,5,2
"23",23,-0.249236545535191,100,5,3
"24",24,-0.249236545535191,100,5,4
"25",25,-0.249236545535191,100,5,5
"26",26,-0.932064707671718,100,1,1
"27",27,-0.932064707671718,100,1,2
"28",28,-0.932064707671718,100,1,3
"29",29,-0.932064707671718,100,1,4
"30",30,-0.932064707671718,100,1,5
"31",31,-0.932064707671718,100,2,1
"32",32,-0.932064707671718,100,2,2
"33",33,-0.932064707671718,100,2,3
"34",34,-0.932064707671718,100,2,4
"35",35,-0.932064707671718,100,2,5
"36",36,-0.932064707671718,100,3,1
"37",37,-0.932064707671718,100,3,2
"38",38,-0.932064707671718,100,3,3
"39",39,-0.932064707671718,100,3,4
"40",40,-0.932064707671718,100,3,5
"41",41,-0.932064707671718,100,4,1
"42",42,-0.932064707671718,100,4,2
"43",43,-0.932064707671718,100,4,3
"44",44,-0.932064707671718,100,4,4
"45",45,-0.932064707671718,100,4,5
"46",46,-0.932064707671718,100,5,1
"47",47,-0.932064707671718,100,5,2
"48",48,-0.932064707671718,100,5,3
"49",49,-0.932064707671718,100,5,4
"50",50,-0.932064707671718,100,5,5
"51",51,-0.587165223530544,100,1,1
"52",52,-0.587165223530544,100,1,2
"53",53,-0.587165223530544,100,1,3
"54",54,-0.587165223530544,100,1,4
"55",55,-0.587165223530544,100,1,5
"56",56,-0.587165223530544,100,2,1
"57",57,-0.587165223530544,100,2,2
"58",58,-0.587165223530544,100,2,3
"59",59,-0.587165223530544,100,2,4
"60",60,-0.587165223530544,100,2,5
"61",61,-0.587165223530544,100,3,1
"62",62,-0.587165223530544,100,3,2
"63",63,-0.587165223530544,100,3,3
"64",64,-0.587165223530544,100,3,4
"65",65,-0.587165223530544,100,3,5
"66",66,-0.587165223530544,100,4,1
"67",67,-0.587165223530544,100,4,2
"68",68,-0.587165223530544,100,4,3
"69",69,-0.587165223530544,100,4,4
"70",70,-0.587165223530544,100,4,5
"71",71,-0.587165223530544,100,5,1
"72",72,-0.587165223530544,100,5,2
"73",73,-0.587165223530544,100,5,3
"74",74,-0.587165223530544,100,5,4
"75",75,-0.587165223530544,100,5,5
"76",76,-0.813544417788006,100,1,1
"77",77,-0.813544417788006,100,1,2
"78",78,-0.813544417788006,100,1,3
"79",79,-0.813544417788006,100,1,4
"80",80,-0.813544417788006,100,1,5
"81",81,-0.813544417788006,100,2,1
"82",82,-0.813544417788006,100,2,2
"83",83,-0.813544417788006,100,2,3
"84",84,-0.813544417788006,100,2,4
"85",85,-0.813544417788006,100,2,5
"86",86,-0.813544417788006,100,3,1
"87",87,-0.813544417788006,100,3,2
"88",88,-0.813544417788006,100,3,3
"89",89,-0.813544417788006,100,3,4
"90",90,-0.813544417788006,100,3,5
"91",91,-0.813544417788006,100,4,1
"92",92,-0.813544417788006,100,4,2
"93",93,-0.813544417788006,100,4,3
"94",94,-0.813544417788006,100,4,4
"95",95,-0.813544417788006,100,4,5
"96",96,-0.813544417788006,100,5,1
"97",97,-0.813544417788006,100,5,2
"98",98,-0.813544417788006,100,5,3
"99",99,-0.813544417788006,100,5,4
"100",100,-0.813544417788006,100,5,5
"101",101,-0.4092710006877,100,1,1
"102",102,-0.4092710006877,100,1,2
"103",103,-0.4092710006877,100,1,3
"104",104,-0.4092710006877,100,1,4
"105",105,-0.4092710006877,100,1,5
"106",106,-0.4092710006877,100,2,1
"107",107,-0.4092710006877,100,2,2
"108",108,-0.4092710006877,100,2,3
"109",109,-0.4092710006877,100,2,4
"110",110,-0.4092710006877,100,2,5
"111",111,-0.4092710006877,100,3,1
"112",112,-0.4092710006877,100,3,2
"113",113,-0.4092710006877,100,3,3
"114",114,-0.4092710006877,100,3,4
"115",115,-0.4092710006877,100,3,5
"116",116,-0.4092710006877,100,4,1
"117",117,-0.4092710006877,100,4,2
"118",118,-0.4092710006877,100,4,3
"119",119,-0.4092710006877,100,4,4
"120",120,-0.4092710006877,100,4,5
"121",121,-0.4092710006877,100,5,1
"122",122,-0.4092710006877,100,5,2
"123",123,-0.4092710006877,100,5,3
"124",124,-0.4092710006877,100,5,4
"125",125,-0.4092710006877,100,5,5
"126",126,0,100,1,1
"127",127,0,100,1,2
"128",128,0,100,1,3
"129",129,0,100,1,4
"130",130,0,100,1,5
"131",131,0,100,2,1
"132",132,0,100,2,2
"133",133,0,100,2,3
"134",134,0,100,2,4
"135",135,0,100,2,5
"136",136,0,100,3,1
"137",137,0,100,3,2
"138",138,0,100,3,3
"139",139,0,100,3,4
"140",140,0,100,3,5
"141",141,0,100,4,1
"142",142,0,100,4,2
"143",143,0,100,4,3
"144",144,0,100,4,4
"145",145,0,100,4,5
"146",146,0,100,5,1
"147",147,0,100,5,2
"148",148,0,100,5,3
"149",149,0,100,5,4
"150",150,0,100,5,5
"151",151,0,100,1,1
"152",152,0,100,1,2
"153",153,0,100,1,3
"154",154,0,100,1,4
"155",155,0,100,1,5
"156",156,0,100,2,1
"157",157,0,100,2,2
"158",158,0,100,2,3
"159",159,0,100,2,4
"160",160,0,100,2,5
"161",161,0,100,3,1
"162",162,0,100,3,2
"163",163,0,100,3,3
"164",164,0,100,3,4
"165",165,0,100,3,5
"166",166,0,100,4,1
"167",167,0,100,4,2
"168",168,0,100,4,3
"169",169,0,100,4,4
"170",170,0,100,4,5
"171",171,0,100,5,1
"172",172,0,100,5,2
"173",173,0,100,5,3
"174",174,0,100,5,4
"175",175,0,100,5,5
"176",176,0,100,1,1
"177",177,0,100,1,2
"178",178,0,100,1,3
"179",179,0,100,1,4
"180",180,0,100,1,5
"181",181,0,100,2,1
"182",182,0,100,2,2
"183",183,0,100,2,3
"184",184,0,100,2,4
"185",185,0,100,2,5
"186",186,0,100,3,1
"187",187,0,100,3,2
"188",188,0,100,3,3
"189",189,0,100,3,4
"190",190,0,100,3,5
"191",191,0,100,4,1
"192",192,0,100,4,2
"193",193,0,100,4,3
"194",194,0,100,4,4
"195",195,0,100,4,5
"196",196,0,100,5,1
"197",197,0,100,5,2
"198",198,0,100,5,3
"199",199,0,100,5,4
"200",200,0,100,5,5
"201",201,0,100,1,1
"202",202,0,100,1,2
"203",203,0,100,1,3
"204",204,0,100,1,4
"205",205,0,100,1,5
"206",206,0,100,2,1
"207",207,0,100,2,2
"208",208,0,100,2,3
"209",209,0,100,2,4
"210",210,0,100,2,5
"211",211,0,100,3,1
"212",212,0,100,3,2
"213",213,0,100,3,3
"214",214,0,100,3,4
"215",215,0,100,3,5
"216",216,0,100,4,1
"217",217,0,100,4,2
"218",218,0,100,4,3
"219",219,0,100,4,4
"220",220,0,100,4,5
"221",221,0,100,5,1
"222",222,0,100,5,2
"223",223,0,100,5,3
"224",224,0,100,5,4
"225",225,0,100,5,5
"226",226,0,100,1,1
"227",227,0,100,1,2
"228",228,0,100,1,3
"229",229,0,100,1,4
"230",230,0,100,1,5
"231",231,0,100,2,1
"232",232,0,100,2,2
"233",233,0,100,2,3
"234",234,0,100,2,4
"235",235,0,100,2,5
"236",236,0,100,3,1
"237",237,0,100,3,2
"238",238,0,100,3,3
"239",239,0,100,3,4
"240",240,0,100,3,5
"241",241,0,100,4,1
"242",242,0,100,4,2
"243",243,0,100,4,3
"244",244,0,100,4,4
"245",245,0,100,4,5
"246",246,0,100,5,1
"247",247,0,100,5,2
"248",248,0,100,5,3
"249",249,0,100,5,4
"250",250,0,100,5,5
"251",251,0,100,1,1
"252",252,0,100,1,2
"253",253,0,100,1,3
"254",254,0,100,1,4
"255",255,0,100,1,5
"256",256,0,100,2,1
"257",257,0,100,2,2
"258",258,0,100,2,3
"259",259,0,100,2,4
"260",260,0,100,2,5
"261",261,0,100,3,1
"262",262,0,100,3,2
"263",263,0,100,3,3
"264",264,0,100,3,4
"265",265,0,100,3,5
"266",266,0,100,4,1
"267",267,0,100,4,2
"268",268,0,100,4,3
"269",269,0,100,4,4
"270",270,0,100,4,5
"271",271,0,100,5,1
"272",272,0,100,5,2
"273",273,0,100,5,3
"274",274,0,100,5,4
"275",275,0,100,5,5
"276",276,0,100,1,1
"277",277,0,100,1,2
"278",278,0,100,1,3
"279",279,0,100,1,4
"280",280,0,100,1,5
"281",281,0,100,2,1
"282",282,0,100,2,2
"283",283,0,100,2,3
"284",284,0,100,2,4
"285",285,0,100,2,5
"286",286,0,100,3,1
"287",287,0,100,3,2
"288",288,0,100,3,3
"289",289,0,100,3,4
"290",290,0,100,3,5
"291",291,0,100,4,1
"292",292,0,100,4,2
"293",293,0,100,4,3
"294",294,0,100,4,4
"295",295,0,100,4,5
"296",296,0,100,5,1
"297",297,0,100,5,2
"298",298,0,100,5,3
"299",299,0,100,5,4
"300",300,0,100,5,5
"301",301,0,100,1,1
"302",302,0,100,1,2
"303",303,0,100,1,3
"304",304,0,100,1,4
"305",305,0,100,1,5
"306",306,0,100,2,1
"307",307,0,100,2,2
"308",308,0,100,2,3
"309",309,0,100,2,4
"310",310,0,100,2,5
"311",311,0,100,3,1
"312",312,0,100,3,2
"313",313,0,100,3,3
"314",314,0,100,3,4
"315",315,0,100,3,5
"316",316,0,100,4,1
"317",317,0,100,4,2
"318",318,0,100,4,3
"319",319,0,100,4,4
"320",320,0,100,4,5
"321",321,0,100,5,1
"322",322,0,100,5,2
"323",323,0,100,5,3
"324",324,0,100,5,4
"325",325,0,100,5,5
"326",326,0,100,1,1
"327",327,0,100,1,2
"328",328,0,100,1,3
"329",329,0,100,1,4
"330",330,0,100,1,5
"331",331,0,100,2,1
"332",332,0,100,2,2
"333",333,0,100,2,3
"334",334,0,100,2,4
"335",335,0,100,2,5
"336",336,0,100,3,1
"337",337,0,100,3,2
"338",338,0,100,3,3
"339",339,0,100,3,4
"340",340,0,100,3,5
"341",341,0,100,4,1
"342",342,0,100,4,2
"343",343,0,100,4,3
"344",344,0,100,4,4
"345",345,0,100,4,5
"346",346,0,100,5,1
"347",347,0,100,5,2
"348",348,0,100,5,3
"349",349,0,100,5,4
"350",350,0,100,5,5
"351",351,0,100,1,1
"352",352,0,100,1,2
"353",353,0,100,1,3
"354",354,0,100,1,4
"355",355,0,100,1,5
"356",356,0,100,2,1
"357",357,0,100,2,2
"358",358,0,100,2,3
"359",359,0,100,2,4
"360",360,0,100,2,5
"361",361,0,100,3,1
"362",362,0,100,3,2
"363",363,0,100,3,3
"364",364,0,100,3,4
"365",365,0,100,3,5
"366",366,0,100,4,1
"367",367,0,100,4,2
"368",368,0,100,4,3
"369",369,0,100,4,4
"370",370,0,100,4,5
"371",371,0,100,5,1
"372",372,0,100,5,2
"373",373,0,100,5,3
"374",374,0,100,5,4
"375",375,0,100,5,5
"376",376,0.860237928662003,100,1,1
"377",377,0.860237928662003,100,1,2
"378",378,0.860237928662003,100,1,3
"379",379,0.860237928662003,100,1,4
"380",380,0.860237928662003,100,1,5
"381",381,0.860237928662003,100,2,1
"382",382,0.860237928662003,100,2,2
"383",383,0.860237928662003,100,2,3
"384",384,0.860237928662003,100,2,4
"385",385,0.860237928662003,100,2,5
"386",386,0.860237928662003,100,3,1
"387",387,0.860237928662003,100,3,2
"388",388,0.860237928662003,100,3,3
"389",389,0.860237928662003,100,3,4
"390",390,0.860237928662003,100,3,5
"391",391,0.860237928662003,100,4,1
"392",392,0.860237928662003,100,4,2
"393",393,0.860237928662003,100,4,3
"394",394,0.860237928662003,100,4,4
"395",395,0.860237928662003,100,4,5
"396",396,0.860237928662003,100,5,1
"397",397,0.860237928662003,100,5,2
"398",398,0.860237928662003,100,5,3
"399",399,0.860237928662003,100,5,4
"400",400,0.860237928662003,100,5,5
"401",401,0.486286577075234,100,1,1
"402",402,0.486286577075234,100,1,2
"403",403,0.486286577075234,100,1,3
"404",404,0.486286577075234,100,1,4
"405",405,0.486286577075234,100,1,5
"406",406,0.486286577075234,100,2,1
"407",407,0.486286577075234,100,2,2
"408",408,0.486286577075234,100,2,3
"409",409,0.486286577075234,100,2,4
"410",410,0.486286577075234,100,2,5
"411",411,0.486286577075234,100,3,1
"412",412,0.486286577075234,100,3,2
"413",413,0.486286577075234,100,3,3
"414",414,0.486286577075234,100,3,4
"415",415,0.486286577075234,100,3,5
"416",416,0.486286577075234,100,4,1
"417",417,0.486286577075234,100,4,2
"418",418,0.486286577075234,100,4,3
"419",419,0.486286577075234,100,4,4
"420",420,0.486286577075234,100,4,5
"421",421,0.486286577075234,100,5,1
"422",422,0.486286577075234,100,5,2
"423",423,0.486286577075234,100,5,3
"424",424,0.486286577075234,100,5,4
"425",425,0.486286577075234,100,5,5
"426",426,0.871344528467078,100,1,1
"427",427,0.871344528467078,100,1,2
"428",428,0.871344528467078,100,1,3
"429",429,0.871344528467078,100,1,4
"430",430,0.871344528467078,100,1,5
"431",431,0.871344528467078,100,2,1
"432",432,0.871344528467078,100,2,2
"433",433,0.871344528467078,100,2,3
"434",434,0.871344528467078,100,2,4
"435",435,0.871344528467078,100,2,5
"436",436,0.871344528467078,100,3,1
"437",437,0.871344528467078,100,3,2
"438",438,0.871344528467078,100,3,3
"439",439,0.871344528467078,100,3,4
"440",440,0.871344528467078,100,3,5
"441",441,0.871344528467078,100,4,1
"442",442,0.871344528467078,100,4,2
"443",443,0.871344528467078,100,4,3
"444",444,0.871344528467078,100,4,4
"445",445,0.871344528467078,100,4,5
"446",446,0.871344528467078,100,5,1
"447",447,0.871344528467078,100,5,2
"448",448,0.871344528467078,100,5,3
"449",449,0.871344528467078,100,5,4
"450",450,0.871344528467078,100,5,5
"451",451,0.577894483989485,100,1,1
"452",452,0.577894483989485,100,1,2
"453",453,0.577894483989485,100,1,3
"454",454,0.577894483989485,100,1,4
"455",455,0.577894483989485,100,1,5
"456",456,0.577894483989485,100,2,1
"457",457,0.577894483989485,100,2,2
"458",458,0.577894483989485,100,2,3
"459",459,0.577894483989485,100,2,4
"460",460,0.577894483989485,100,2,5
"461",461,0.577894483989485,100,3,1
"462",462,0.577894483989485,100,3,2
"463",463,0.577894483989485,100,3,3
"464",464,0.577894483989485,100,3,4
"465",465,0.577894483989485,100,3,5
"466",466,0.577894483989485,100,4,1
"467",467,0.577894483989485,100,4,2
"468",468,0.577894483989485,100,4,3
"469",469,0.577894483989485,100,4,4
"470",470,0.577894483989485,100,4,5
"471",471,0.577894483989485,100,5,1
"472",472,0.577894483989485,100,5,2
"473",473,0.577894483989485,100,5,3
"474",474,0.577894483989485,100,5,4
"475",475,0.577894483989485,100,5,5
"476",476,0.777915660841232,100,1,1
"477",477,0.777915660841232,100,1,2
"478",478,0.777915660841232,100,1,3
"479",479,0.777915660841232,100,1,4
"480",480,0.777915660841232,100,1,5
"481",481,0.777915660841232,100,2,1
"482",482,0.777915660841232,100,2,2
"483",483,0.777915660841232,100,2,3
"484",484,0.777915660841232,100,2,4
"485",485,0.777915660841232,100,2,5
"486",486,0.777915660841232,100,3,1
"487",487,0.777915660841232,100,3,2
"488",488,0.777915660841232,100,3,3
"489",489,0.777915660841232,100,3,4
"490",490,0.777915660841232,100,3,5
"491",491,0.777915660841232,100,4,1
"492",492,0.777915660841232,100,4,2
"493",493,0.777915660841232,100,4,3
"494",494,0.777915660841232,100,4,4
"495",495,0.777915660841232,100,4,5
"496",496,0.777915660841232,100,5,1
"497",497,0.777915660841232,100,5,2
"498",498,0.777915660841232,100,5,3
"499",499,0.777915660841232,100,5,4
"500",500,0.777915660841232,100,5,5
"501",501,-0.270769104509459,200,1,1
"502",502,-0.270769104509459,200,1,2
"503",503,-0.270769104509459,200,1,3
"504",504,-0.270769104509459,200,1,4
"505",505,-0.270769104509459,200,1,5
"506",506,-0.270769104509459,200,2,1
"507",507,-0.270769104509459,200,2,2
"508",508,-0.270769104509459,200,2,3
"509",509,-0.270769104509459,200,2,4
"510",510,-0.270769104509459,200,2,5
"511",511,-0.270769104509459,200,3,1
"512",512,-0.270769104509459,200,3,2
"513",513,-0.270769104509459,200,3,3
"514",514,-0.270769104509459,200,3,4
"515",515,-0.270769104509459,200,3,5
"516",516,-0.270769104509459,200,4,1
"517",517,-0.270769104509459,200,4,2
"518",518,-0.270769104509459,200,4,3
"519",519,-0.270769104509459,200,4,4
"520",520,-0.270769104509459,200,4,5
"521",521,-0.270769104509459,200,5,1
"522",522,-0.270769104509459,200,5,2
"523",523,-0.270769104509459,200,5,3
"524",524,-0.270769104509459,200,5,4
"525",525,-0.270769104509459,200,5,5
"526",526,-0.656213137611062,200,1,1
"527",527,-0.656213137611062,200,1,2
"528",528,-0.656213137611062,200,1,3
"529",529,-0.656213137611062,200,1,4
"530",530,-0.656213137611062,200,1,5
"531",531,-0.656213137611062,200,2,1
"532",532,-0.656213137611062,200,2,2
"533",533,-0.656213137611062,200,2,3
"534",534,-0.656213137611062,200,2,4
"535",535,-0.656213137611062,200,2,5
"536",536,-0.656213137611062,200,3,1
"537",537,-0.656213137611062,200,3,2
"538",538,-0.656213137611062,200,3,3
"539",539,-0.656213137611062,200,3,4
"540",540,-0.656213137611062,200,3,5
"541",541,-0.656213137611062,200,4,1
"542",542,-0.656213137611062,200,4,2
"543",543,-0.656213137611062,200,4,3
"544",544,-0.656213137611062,200,4,4
"545",545,-0.656213137611062,200,4,5
"546",546,-0.656213137611062,200,5,1
"547",547,-0.656213137611062,200,5,2
"548",548,-0.656213137611062,200,5,3
"549",549,-0.656213137611062,200,5,4
"550",550,-0.656213137611062,200,5,5
"551",551,-0.943567836711687,200,1,1
"552",552,-0.943567836711687,200,1,2
"553",553,-0.943567836711687,200,1,3
"554",554,-0.943567836711687,200,1,4
"555",555,-0.943567836711687,200,1,5
"556",556,-0.943567836711687,200,2,1
"557",557,-0.943567836711687,200,2,2
"558",558,-0.943567836711687,200,2,3
"559",559,-0.943567836711687,200,2,4
"560",560,-0.943567836711687,200,2,5
"561",561,-0.943567836711687,200,3,1
"562",562,-0.943567836711687,200,3,2
"563",563,-0.943567836711687,200,3,3
"564",564,-0.943567836711687,200,3,4
"565",565,-0.943567836711687,200,3,5
"566",566,-0.943567836711687,200,4,1
"567",567,-0.943567836711687,200,4,2
"568",568,-0.943567836711687,200,4,3
"569",569,-0.943567836711687,200,4,4
"570",570,-0.943567836711687,200,4,5
"571",571,-0.943567836711687,200,5,1
"572",572,-0.943567836711687,200,5,2
"573",573,-0.943567836711687,200,5,3
"574",574,-0.943567836711687,200,5,4
"575",575,-0.943567836711687,200,5,5
"576",576,-0.226439560223264,200,1,1
"577",577,-0.226439560223264,200,1,2
"578",578,-0.226439560223264,200,1,3
"579",579,-0.226439560223264,200,1,4
"580",580,-0.226439560223264,200,1,5
"581",581,-0.226439560223264,200,2,1
"582",582,-0.226439560223264,200,2,2
"583",583,-0.226439560223264,200,2,3
"584",584,-0.226439560223264,200,2,4
"585",585,-0.226439560223264,200,2,5
"586",586,-0.226439560223264,200,3,1
"587",587,-0.226439560223264,200,3,2
"588",588,-0.226439560223264,200,3,3
"589",589,-0.226439560223264,200,3,4
"590",590,-0.226439560223264,200,3,5
"591",591,-0.226439560223264,200,4,1
"592",592,-0.226439560223264,200,4,2
"593",593,-0.226439560223264,200,4,3
"594",594,-0.226439560223264,200,4,4
"595",595,-0.226439560223264,200,4,5
"596",596,-0.226439560223264,200,5,1
"597",597,-0.226439560223264,200,5,2
"598",598,-0.226439560223264,200,5,3
"599",599,-0.226439560223264,200,5,4
"600",600,-0.226439560223264,200,5,5
"601",601,-0.335413021513732,200,1,1
"602",602,-0.335413021513732,200,1,2
"603",603,-0.335413021513732,200,1,3
"604",604,-0.335413021513732,200,1,4
"605",605,-0.335413021513732,200,1,5
"606",606,-0.335413021513732,200,2,1
"607",607,-0.335413021513732,200,2,2
"608",608,-0.335413021513732,200,2,3
"609",609,-0.335413021513732,200,2,4
"610",610,-0.335413021513732,200,2,5
"611",611,-0.335413021513732,200,3,1
"612",612,-0.335413021513732,200,3,2
"613",613,-0.335413021513732,200,3,3
"614",614,-0.335413021513732,200,3,4
"615",615,-0.335413021513732,200,3,5
"616",616,-0.335413021513732,200,4,1
"617",617,-0.335413021513732,200,4,2
"618",618,-0.335413021513732,200,4,3
"619",619,-0.335413021513732,200,4,4
"620",620,-0.335413021513732,200,4,5
"621",621,-0.335413021513732,200,5,1
"622",622,-0.335413021513732,200,5,2
"623",623,-0.335413021513732,200,5,3
"624",624,-0.335413021513732,200,5,4
"625",625,-0.335413021513732,200,5,5
"626",626,0,200,1,1
"627",627,0,200,1,2
"628",628,0,200,1,3
"629",629,0,200,1,4
"630",630,0,200,1,5
"631",631,0,200,2,1
"632",632,0,200,2,2
"633",633,0,200,2,3
"634",634,0,200,2,4
"635",635,0,200,2,5
"636",636,0,200,3,1
"637",637,0,200,3,2
"638",638,0,200,3,3
"639",639,0,200,3,4
"640",640,0,200,3,5
"641",641,0,200,4,1
"642",642,0,200,4,2
"643",643,0,200,4,3
"644",644,0,200,4,4
"645",645,0,200,4,5
"646",646,0,200,5,1
"647",647,0,200,5,2
"648",648,0,200,5,3
"649",649,0,200,5,4
"650",650,0,200,5,5
"651",651,0,200,1,1
"652",652,0,200,1,2
"653",653,0,200,1,3
"654",654,0,200,1,4
"655",655,0,200,1,5
"656",656,0,200,2,1
"657",657,0,200,2,2
"658",658,0,200,2,3
"659",659,0,200,2,4
"660",660,0,200,2,5
"661",661,0,200,3,1
"662",662,0,200,3,2
"663",663,0,200,3,3
"664",664,0,200,3,4
"665",665,0,200,3,5
"666",666,0,200,4,1
"667",667,0,200,4,2
"668",668,0,200,4,3
"669",669,0,200,4,4
"670",670,0,200,4,5
"671",671,0,200,5,1
"672",672,0,200,5,2
"673",673,0,200,5,3
"674",674,0,200,5,4
"675",675,0,200,5,5
"676",676,0,200,1,1
"677",677,0,200,1,2
"678",678,0,200,1,3
"679",679,0,200,1,4
"680",680,0,200,1,5
"681",681,0,200,2,1
"682",682,0,200,2,2
"683",683,0,200,2,3
"684",684,0,200,2,4
"685",685,0,200,2,5
"686",686,0,200,3,1
"687",687,0,200,3,2
"688",688,0,200,3,3
"689",689,0,200,3,4
"690",690,0,200,3,5
"691",691,0,200,4,1
"692",692,0,200,4,2
"693",693,0,200,4,3
"694",694,0,200,4,4
"695",695,0,200,4,5
"696",696,0,200,5,1
"697",697,0,200,5,2
"698",698,0,200,5,3
"699",699,0,200,5,4
"700",700,0,200,5,5
"701",701,0,200,1,1
"702",702,0,200,1,2
"703",703,0,200,1,3
"704",704,0,200,1,4
"705",705,0,200,1,5
"706",706,0,200,2,1
"707",707,0,200,2,2
"708",708,0,200,2,3
"709",709,0,200,2,4
"710",710,0,200,2,5
"711",711,0,200,3,1
"712",712,0,200,3,2
"713",713,0,200,3,3
"714",714,0,200,3,4
"715",715,0,200,3,5
"716",716,0,200,4,1
"717",717,0,200,4,2
"718",718,0,200,4,3
"719",719,0,200,4,4
"720",720,0,200,4,5
"721",721,0,200,5,1
"722",722,0,200,5,2
"723",723,0,200,5,3
"724",724,0,200,5,4
"725",725,0,200,5,5
"726",726,0,200,1,1
"727",727,0,200,1,2
"728",728,0,200,1,3
"729",729,0,200,1,4
"730",730,0,200,1,5
"731",731,0,200,2,1
"732",732,0,200,2,2
"733",733,0,200,2,3
"734",734,0,200,2,4
"735",735,0,200,2,5
"736",736,0,200,3,1
"737",737,0,200,3,2
"738",738,0,200,3,3
"739",739,0,200,3,4
"740",740,0,200,3,5
"741",741,0,200,4,1
"742",742,0,200,4,2
"743",743,0,200,4,3
"744",744,0,200,4,4
"745",745,0,200,4,5
"746",746,0,200,5,1
"747",747,0,200,5,2
"748",748,0,200,5,3
"749",749,0,200,5,4
"750",750,0,200,5,5
"751",751,0,200,1,1
"752",752,0,200,1,2
"753",753,0,200,1,3
"754",754,0,200,1,4
"755",755,0,200,1,5
"756",756,0,200,2,1
"757",757,0,200,2,2
"758",758,0,200,2,3
"759",759,0,200,2,4
"760",760,0,200,2,5
"761",761,0,200,3,1
"762",762,0,200,3,2
"763",763,0,200,3,3
"764",764,0,200,3,4
"765",765,0,200,3,5
"766",766,0,200,4,1
"767",767,0,200,4,2
"768",768,0,200,4,3
"769",769,0,200,4,4
"770",770,0,200,4,5
"771",771,0,200,5,1
"772",772,0,200,5,2
"773",773,0,200,5,3
"774",774,0,200,5,4
"775",775,0,200,5,5
"776",776,0,200,1,1
"777",777,0,200,1,2
"778",778,0,200,1,3
"779",779,0,200,1,4
"780",780,0,200,1,5
"781",781,0,200,2,1
"782",782,0,200,2,2
"783",783,0,200,2,3
"784",784,0,200,2,4
"785",785,0,200,2,5
"786",786,0,200,3,1
"787",787,0,200,3,2
"788",788,0,200,3,3
"789",789,0,200,3,4
"790",790,0,200,3,5
"791",791,0,200,4,1
"792",792,0,200,4,2
"793",793,0,200,4,3
"794",794,0,200,4,4
"795",795,0,200,4,5
"796",796,0,200,5,1
"797",797,0,200,5,2
"798",798,0,200,5,3
"799",799,0,200,5,4
"800",800,0,200,5,5
"801",801,0,200,1,1
"802",802,0,200,1,2
"803",803,0,200,1,3
"804",804,0,200,1,4
"805",805,0,200,1,5
"806",806,0,200,2,1
"807",807,0,200,2,2
"808",808,0,200,2,3
"809",809,0,200,2,4
"810",810,0,200,2,5
"811",811,0,200,3,1
"812",812,0,200,3,2
"813",813,0,200,3,3
"814",814,0,200,3,4
"815",815,0,200,3,5
"816",816,0,200,4,1
"817",817,0,200,4,2
"818",818,0,200,4,3
"819",819,0,200,4,4
"820",820,0,200,4,5
"821",821,0,200,5,1
"822",822,0,200,5,2
"823",823,0,200,5,3
"824",824,0,200,5,4
"825",825,0,200,5,5
"826",826,0,200,1,1
"827",827,0,200,1,2
"828",828,0,200,1,3
"829",829,0,200,1,4
"830",830,0,200,1,5
"831",831,0,200,2,1
"832",832,0,200,2,2
"833",833,0,200,2,3
"834",834,0,200,2,4
"835",835,0,200,2,5
"836",836,0,200,3,1
"837",837,0,200,3,2
"838",838,0,200,3,3
"839",839,0,200,3,4
"840",840,0,200,3,5
"841",841,0,200,4,1
"842",842,0,200,4,2
"843",843,0,200,4,3
"844",844,0,200,4,4
"845",845,0,200,4,5
"846",846,0,200,5,1
"847",847,0,200,5,2
"848",848,0,200,5,3
"849",849,0,200,5,4
"850",850,0,200,5,5
"851",851,0,200,1,1
"852",852,0,200,1,2
"853",853,0,200,1,3
"854",854,0,200,1,4
"855",855,0,200,1,5
"856",856,0,200,2,1
"857",857,0,200,2,2
"858",858,0,200,2,3
"859",859,0,200,2,4
"860",860,0,200,2,5
"861",861,0,200,3,1
"862",862,0,200,3,2
"863",863,0,200,3,3
"864",864,0,200,3,4
"865",865,0,200,3,5
"866",866,0,200,4,1
"867",867,0,200,4,2
"868",868,0,200,4,3
"869",869,0,200,4,4
"870",870,0,200,4,5
"871",871,0,200,5,1
"872",872,0,200,5,2
"873",873,0,200,5,3
"874",874,0,200,5,4
"875",875,0,200,5,5
"876",876,0.318770418493326,200,1,1
"877",877,0.318770418493326,200,1,2
"878",878,0.318770418493326,200,1,3
"879",879,0.318770418493326,200,1,4
"880",880,0.318770418493326,200,1,5
"881",881,0.318770418493326,200,2,1
"882",882,0.318770418493326,200,2,2
"883",883,0.318770418493326,200,2,3
"884",884,0.318770418493326,200,2,4
"885",885,0.318770418493326,200,2,5
"886",886,0.318770418493326,200,3,1
"887",887,0.318770418493326,200,3,2
"888",888,0.318770418493326,200,3,3
"889",889,0.318770418493326,200,3,4
"890",890,0.318770418493326,200,3,5
"891",891,0.318770418493326,200,4,1
"892",892,0.318770418493326,200,4,2
"893",893,0.318770418493326,200,4,3
"894",894,0.318770418493326,200,4,4
"895",895,0.318770418493326,200,4,5
"896",896,0.318770418493326,200,5,1
"897",897,0.318770418493326,200,5,2
"898",898,0.318770418493326,200,5,3
"899",899,0.318770418493326,200,5,4
"900",900,0.318770418493326,200,5,5
"901",901,0.659290075168881,200,1,1
"902",902,0.659290075168881,200,1,2
"903",903,0.659290075168881,200,1,3
"904",904,0.659290075168881,200,1,4
"905",905,0.659290075168881,200,1,5
"906",906,0.659290075168881,200,2,1
"907",907,0.659290075168881,200,2,2
"908",908,0.659290075168881,200,2,3
"909",909,0.659290075168881,200,2,4
"910",910,0.659290075168881,200,2,5
"911",911,0.659290075168881,200,3,1
"912",912,0.659290075168881,200,3,2
"913",913,0.659290075168881,200,3,3
"914",914,0.659290075168881,200,3,4
"915",915,0.659290075168881,200,3,5
"916",916,0.659290075168881,200,4,1
"917",917,0.659290075168881,200,4,2
"918",918,0.659290075168881,200,4,3
"919",919,0.659290075168881,200,4,4
"920",920,0.659290075168881,200,4,5
"921",921,0.659290075168881,200,5,1
"922",922,0.659290075168881,200,5,2
"923",923,0.659290075168881,200,5,3
"924",924,0.659290075168881,200,5,4
"925",925,0.659290075168881,200,5,5
"926",926,0.696065166340204,200,1,1
"927",927,0.696065166340204,200,1,2
"928",928,0.696065166340204,200,1,3
"929",929,0.696065166340204,200,1,4
"930",930,0.696065166340204,200,1,5
"931",931,0.696065166340204,200,2,1
"932",932,0.696065166340204,200,2,2
"933",933,0.696065166340204,200,2,3
"934",934,0.696065166340204,200,2,4
"935",935,0.696065166340204,200,2,5
"936",936,0.696065166340204,200,3,1
"937",937,0.696065166340204,200,3,2
"938",938,0.696065166340204,200,3,3
"939",939,0.696065166340204,200,3,4
"940",940,0.696065166340204,200,3,5
"941",941,0.696065166340204,200,4,1
"942",942,0.696065166340204,200,4,2
"943",943,0.696065166340204,200,4,3
"944",944,0.696065166340204,200,4,4
"945",945,0.696065166340204,200,4,5
"946",946,0.696065166340204,200,5,1
"947",947,0.696065166340204,200,5,2
"948",948,0.696065166340204,200,5,3
"949",949,0.696065166340204,200,5,4
"950",950,0.696065166340204,200,5,5
"951",951,0.23118800684927,200,1,1
"952",952,0.23118800684927,200,1,2
"953",953,0.23118800684927,200,1,3
"954",954,0.23118800684927,200,1,4
"955",955,0.23118800684927,200,1,5
"956",956,0.23118800684927,200,2,1
"957",957,0.23118800684927,200,2,2
"958",958,0.23118800684927,200,2,3
"959",959,0.23118800684927,200,2,4
"960",960,0.23118800684927,200,2,5
"961",961,0.23118800684927,200,3,1
"962",962,0.23118800684927,200,3,2
"963",963,0.23118800684927,200,3,3
"964",964,0.23118800684927,200,3,4
"965",965,0.23118800684927,200,3,5
"966",966,0.23118800684927,200,4,1
"967",967,0.23118800684927,200,4,2
"968",968,0.23118800684927,200,4,3
"969",969,0.23118800684927,200,4,4
"970",970,0.23118800684927,200,4,5
"971",971,0.23118800684927,200,5,1
"972",972,0.23118800684927,200,5,2
"973",973,0.23118800684927,200,5,3
"974",974,0.23118800684927,200,5,4
"975",975,0.23118800684927,200,5,5
"976",976,0.679105574047325,200,1,1
"977",977,0.679105574047325,200,1,2
"978",978,0.679105574047325,200,1,3
"979",979,0.679105574047325,200,1,4
"980",980,0.679105574047325,200,1,5
"981",981,0.679105574047325,200,2,1
"982",982,0.679105574047325,200,2,2
"983",983,0.679105574047325,200,2,3
"984",984,0.679105574047325,200,2,4
"985",985,0.679105574047325,200,2,5
"986",986,0.679105574047325,200,3,1
"987",987,0.679105574047325,200,3,2
"988",988,0.679105574047325,200,3,3
"989",989,0.679105574047325,200,3,4
"990",990,0.679105574047325,200,3,5
"991",991,0.679105574047325,200,4,1
"992",992,0.679105574047325,200,4,2
"993",993,0.679105574047325,200,4,3
"994",994,0.679105574047325,200,4,4
"995",995,0.679105574047325,200,4,5
"996",996,0.679105574047325,200,5,1
"997",997,0.679105574047325,200,5,2
"998",998,0.679105574047325,200,5,3
"999",999,0.679105574047325,200,5,4
"1000",1000,0.679105574047325,200,5,5
"1001",1001,-0.509472554300216,300,1,1
"1002",1002,-0.509472554300216,300,1,2
"1003",1003,-0.509472554300216,300,1,3
"1004",1004,-0.509472554300216,300,1,4
"1005",1005,-0.509472554300216,300,1,5
"1006",1006,-0.509472554300216,300,2,1
"1007",1007,-0.509472554300216,300,2,2
"1008",1008,-0.509472554300216,300,2,3
"1009",1009,-0.509472554300216,300,2,4
"1010",1010,-0.509472554300216,300,2,5
"1011",1011,-0.509472554300216,300,3,1
"1012",1012,-0.509472554300216,300,3,2
"1013",1013,-0.509472554300216,300,3,3
"1014",1014,-0.509472554300216,300,3,4
"1015",1015,-0.509472554300216,300,3,5
"1016",1016,-0.509472554300216,300,4,1
"1017",1017,-0.509472554300216,300,4,2
"1018",1018,-0.509472554300216,300,4,3
"1019",1019,-0.509472554300216,300,4,4
"1020",1020,-0.509472554300216,300,4,5
"1021",1021,-0.509472554300216,300,5,1
"1022",1022,-0.509472554300216,300,5,2
"1023",1023,-0.509472554300216,300,5,3
"1024",1024,-0.509472554300216,300,5,4
"1025",1025,-0.509472554300216,300,5,5
"1026",1026,-0.305015781498165,300,1,1
"1027",1027,-0.305015781498165,300,1,2
"1028",1028,-0.305015781498165,300,1,3
"1029",1029,-0.305015781498165,300,1,4
"1030",1030,-0.305015781498165,300,1,5
"1031",1031,-0.305015781498165,300,2,1
"1032",1032,-0.305015781498165,300,2,2
"1033",1033,-0.305015781498165,300,2,3
"1034",1034,-0.305015781498165,300,2,4
"1035",1035,-0.305015781498165,300,2,5
"1036",1036,-0.305015781498165,300,3,1
"1037",1037,-0.305015781498165,300,3,2
"1038",1038,-0.305015781498165,300,3,3
"1039",1039,-0.305015781498165,300,3,4
"1040",1040,-0.305015781498165,300,3,5
"1041",1041,-0.305015781498165,300,4,1
"1042",1042,-0.305015781498165,300,4,2
"1043",1043,-0.305015781498165,300,4,3
"1044",1044,-0.305015781498165,300,4,4
"1045",1045,-0.305015781498165,300,4,5
"1046",1046,-0.305015781498165,300,5,1
"1047",1047,-0.305015781498165,300,5,2
"1048",1048,-0.305015781498165,300,5,3
"1049",1049,-0.305015781498165,300,5,4
"1050",1050,-0.305015781498165,300,5,5
"1051",1051,-0.793663697786611,300,1,1
"1052",1052,-0.793663697786611,300,1,2
"1053",1053,-0.793663697786611,300,1,3
"1054",1054,-0.793663697786611,300,1,4
"1055",1055,-0.793663697786611,300,1,5
"1056",1056,-0.793663697786611,300,2,1
"1057",1057,-0.793663697786611,300,2,2
"1058",1058,-0.793663697786611,300,2,3
"1059",1059,-0.793663697786611,300,2,4
"1060",1060,-0.793663697786611,300,2,5
"1061",1061,-0.793663697786611,300,3,1
"1062",1062,-0.793663697786611,300,3,2
"1063",1063,-0.793663697786611,300,3,3
"1064",1064,-0.793663697786611,300,3,4
"1065",1065,-0.793663697786611,300,3,5
"1066",1066,-0.793663697786611,300,4,1
"1067",1067,-0.793663697786611,300,4,2
"1068",1068,-0.793663697786611,300,4,3
"1069",1069,-0.793663697786611,300,4,4
"1070",1070,-0.793663697786611,300,4,5
"1071",1071,-0.793663697786611,300,5,1
"1072",1072,-0.793663697786611,300,5,2
"1073",1073,-0.793663697786611,300,5,3
"1074",1074,-0.793663697786611,300,5,4
"1075",1075,-0.793663697786611,300,5,5
"1076",1076,-0.43166055153732,300,1,1
"1077",1077,-0.43166055153732,300,1,2
"1078",1078,-0.43166055153732,300,1,3
"1079",1079,-0.43166055153732,300,1,4
"1080",1080,-0.43166055153732,300,1,5
"1081",1081,-0.43166055153732,300,2,1
"1082",1082,-0.43166055153732,300,2,2
"1083",1083,-0.43166055153732,300,2,3
"1084",1084,-0.43166055153732,300,2,4
"1085",1085,-0.43166055153732,300,2,5
"1086",1086,-0.43166055153732,300,3,1
"1087",1087,-0.43166055153732,300,3,2
"1088",1088,-0.43166055153732,300,3,3
"1089",1089,-0.43166055153732,300,3,4
"1090",1090,-0.43166055153732,300,3,5
"1091",1091,-0.43166055153732,300,4,1
"1092",1092,-0.43166055153732,300,4,2
"1093",1093,-0.43166055153732,300,4,3
"1094",1094,-0.43166055153732,300,4,4
"1095",1095,-0.43166055153732,300,4,5
"1096",1096,-0.43166055153732,300,5,1
"1097",1097,-0.43166055153732,300,5,2
"1098",1098,-0.43166055153732,300,5,3
"1099",1099,-0.43166055153732,300,5,4
"1100",1100,-0.43166055153732,300,5,5
"1101",1101,-0.864675058578392,300,1,1
"1102",1102,-0.864675058578392,300,1,2
"1103",1103,-0.864675058578392,300,1,3
"1104",1104,-0.864675058578392,300,1,4
"1105",1105,-0.864675058578392,300,1,5
"1106",1106,-0.864675058578392,300,2,1
"1107",1107,-0.864675058578392,300,2,2
"1108",1108,-0.864675058578392,300,2,3
"1109",1109,-0.864675058578392,300,2,4
"1110",1110,-0.864675058578392,300,2,5
"1111",1111,-0.864675058578392,300,3,1
"1112",1112,-0.864675058578392,300,3,2
"1113",1113,-0.864675058578392,300,3,3
"1114",1114,-0.864675058578392,300,3,4
"1115",1115,-0.864675058578392,300,3,5
"1116",1116,-0.864675058578392,300,4,1
"1117",1117,-0.864675058578392,300,4,2
"1118",1118,-0.864675058578392,300,4,3
"1119",1119,-0.864675058578392,300,4,4
"1120",1120,-0.864675058578392,300,4,5
"1121",1121,-0.864675058578392,300,5,1
"1122",1122,-0.864675058578392,300,5,2
"1123",1123,-0.864675058578392,300,5,3
"1124",1124,-0.864675058578392,300,5,4
"1125",1125,-0.864675058578392,300,5,5
"1126",1126,0,300,1,1
"1127",1127,0,300,1,2
"1128",1128,0,300,1,3
"1129",1129,0,300,1,4
"1130",1130,0,300,1,5
"1131",1131,0,300,2,1
"1132",1132,0,300,2,2
"1133",1133,0,300,2,3
"1134",1134,0,300,2,4
"1135",1135,0,300,2,5
"1136",1136,0,300,3,1
"1137",1137,0,300,3,2
"1138",1138,0,300,3,3
"1139",1139,0,300,3,4
"1140",1140,0,300,3,5
"1141",1141,0,300,4,1
"1142",1142,0,300,4,2
"1143",1143,0,300,4,3
"1144",1144,0,300,4,4
"1145",1145,0,300,4,5
"1146",1146,0,300,5,1
"1147",1147,0,300,5,2
"1148",1148,0,300,5,3
"1149",1149,0,300,5,4
"1150",1150,0,300,5,5
"1151",1151,0,300,1,1
"1152",1152,0,300,1,2
"1153",1153,0,300,1,3
"1154",1154,0,300,1,4
"1155",1155,0,300,1,5
"1156",1156,0,300,2,1
"1157",1157,0,300,2,2
"1158",1158,0,300,2,3
"1159",1159,0,300,2,4
"1160",1160,0,300,2,5
"1161",1161,0,300,3,1
"1162",1162,0,300,3,2
"1163",1163,0,300,3,3
"1164",1164,0,300,3,4
"1165",1165,0,300,3,5
"1166",1166,0,300,4,1
"1167",1167,0,300,4,2
"1168",1168,0,300,4,3
"1169",1169,0,300,4,4
"1170",1170,0,300,4,5
"1171",1171,0,300,5,1
"1172",1172,0,300,5,2
"1173",1173,0,300,5,3
"1174",1174,0,300,5,4
"1175",1175,0,300,5,5
"1176",1176,0,300,1,1
"1177",1177,0,300,1,2
"1178",1178,0,300,1,3
"1179",1179,0,300,1,4
"1180",1180,0,300,1,5
"1181",1181,0,300,2,1
"1182",1182,0,300,2,2
"1183",1183,0,300,2,3
"1184",1184,0,300,2,4
"1185",1185,0,300,2,5
"1186",1186,0,300,3,1
"1187",1187,0,300,3,2
"1188",1188,0,300,3,3
"1189",1189,0,300,3,4
"1190",1190,0,300,3,5
"1191",1191,0,300,4,1
"1192",1192,0,300,4,2
"1193",1193,0,300,4,3
"1194",1194,0,300,4,4
"1195",1195,0,300,4,5
"1196",1196,0,300,5,1
"1197",1197,0,300,5,2
"1198",1198,0,300,5,3
"1199",1199,0,300,5,4
"1200",1200,0,300,5,5
"1201",1201,0,300,1,1
"1202",1202,0,300,1,2
"1203",1203,0,300,1,3
"1204",1204,0,300,1,4
"1205",1205,0,300,1,5
"1206",1206,0,300,2,1
"1207",1207,0,300,2,2
"1208",1208,0,300,2,3
"1209",1209,0,300,2,4
"1210",1210,0,300,2,5
"1211",1211,0,300,3,1
"1212",1212,0,300,3,2
"1213",1213,0,300,3,3
"1214",1214,0,300,3,4
"1215",1215,0,300,3,5
"1216",1216,0,300,4,1
"1217",1217,0,300,4,2
"1218",1218,0,300,4,3
"1219",1219,0,300,4,4
"1220",1220,0,300,4,5
"1221",1221,0,300,5,1
"1222",1222,0,300,5,2
"1223",1223,0,300,5,3
"1224",1224,0,300,5,4
"1225",1225,0,300,5,5
"1226",1226,0,300,1,1
"1227",1227,0,300,1,2
"1228",1228,0,300,1,3
"1229",1229,0,300,1,4
"1230",1230,0,300,1,5
"1231",1231,0,300,2,1
"1232",1232,0,300,2,2
"1233",1233,0,300,2,3
"1234",1234,0,300,2,4
"1235",1235,0,300,2,5
"1236",1236,0,300,3,1
"1237",1237,0,300,3,2
"1238",1238,0,300,3,3
"1239",1239,0,300,3,4
"1240",1240,0,300,3,5
"1241",1241,0,300,4,1
"1242",1242,0,300,4,2
"1243",1243,0,300,4,3
"1244",1244,0,300,4,4
"1245",1245,0,300,4,5
"1246",1246,0,300,5,1
"1247",1247,0,300,5,2
"1248",1248,0,300,5,3
"1249",1249,0,300,5,4
"1250",1250,0,300,5,5
"1251",1251,0,300,1,1
"1252",1252,0,300,1,2
"1253",1253,0,300,1,3
"1254",1254,0,300,1,4
"1255",1255,0,300,1,5
"1256",1256,0,300,2,1
"1257",1257,0,300,2,2
"1258",1258,0,300,2,3
"1259",1259,0,300,2,4
"1260",1260,0,300,2,5
"1261",1261,0,300,3,1
"1262",1262,0,300,3,2
"1263",1263,0,300,3,3
"1264",1264,0,300,3,4
"1265",1265,0,300,3,5
"1266",1266,0,300,4,1
"1267",1267,0,300,4,2
"1268",1268,0,300,4,3
"1269",1269,0,300,4,4
"1270",1270,0,300,4,5
"1271",1271,0,300,5,1
"1272",1272,0,300,5,2
"1273",1273,0,300,5,3
"1274",1274,0,300,5,4
"1275",1275,0,300,5,5
"1276",1276,0,300,1,1
"1277",1277,0,300,1,2
"1278",1278,0,300,1,3
"1279",1279,0,300,1,4
"1280",1280,0,300,1,5
"1281",1281,0,300,2,1
"1282",1282,0,300,2,2
"1283",1283,0,300,2,3
"1284",1284,0,300,2,4
"1285",1285,0,300,2,5
"1286",1286,0,300,3,1
"1287",1287,0,300,3,2
"1288",1288,0,300,3,3
"1289",1289,0,300,3,4
"1290",1290,0,300,3,5
"1291",1291,0,300,4,1
"1292",1292,0,300,4,2
"1293",1293,0,300,4,3
"1294",1294,0,300,4,4
"1295",1295,0,300,4,5
"1296",1296,0,300,5,1
"1297",1297,0,300,5,2
"1298",1298,0,300,5,3
"1299",1299,0,300,5,4
"1300",1300,0,300,5,5
"1301",1301,0,300,1,1
"1302",1302,0,300,1,2
"1303",1303,0,300,1,3
"1304",1304,0,300,1,4
"1305",1305,0,300,1,5
"1306",1306,0,300,2,1
"1307",1307,0,300,2,2
"1308",1308,0,300,2,3
"1309",1309,0,300,2,4
"1310",1310,0,300,2,5
"1311",1311,0,300,3,1
"1312",1312,0,300,3,2
"1313",1313,0,300,3,3
"1314",1314,0,300,3,4
"1315",1315,0,300,3,5
"1316",1316,0,300,4,1
"1317",1317,0,300,4,2
"1318",1318,0,300,4,3
"1319",1319,0,300,4,4
"1320",1320,0,300,4,5
"1321",1321,0,300,5,1
"1322",1322,0,300,5,2
"1323",1323,0,300,5,3
"1324",1324,0,300,5,4
"1325",1325,0,300,5,5
"1326",1326,0,300,1,1
"1327",1327,0,300,1,2
"1328",1328,0,300,1,3
"1329",1329,0,300,1,4
"1330",1330,0,300,1,5
"1331",1331,0,300,2,1
"1332",1332,0,300,2,2
"1333",1333,0,300,2,3
"1334",1334,0,300,2,4
"1335",1335,0,300,2,5
"1336",1336,0,300,3,1
"1337",1337,0,300,3,2
"1338",1338,0,300,3,3
"1339",1339,0,300,3,4
"1340",1340,0,300,3,5
"1341",1341,0,300,4,1
"1342",1342,0,300,4,2
"1343",1343,0,300,4,3
"1344",1344,0,300,4,4
"1345",1345,0,300,4,5
"1346",1346,0,300,5,1
"1347",1347,0,300,5,2
"1348",1348,0,300,5,3
"1349",1349,0,300,5,4
"1350",1350,0,300,5,5
"1351",1351,0,300,1,1
"1352",1352,0,300,1,2
"1353",1353,0,300,1,3
"1354",1354,0,300,1,4
"1355",1355,0,300,1,5
"1356",1356,0,300,2,1
"1357",1357,0,300,2,2
"1358",1358,0,300,2,3
"1359",1359,0,300,2,4
"1360",1360,0,300,2,5
"1361",1361,0,300,3,1
"1362",1362,0,300,3,2
"1363",1363,0,300,3,3
"1364",1364,0,300,3,4
"1365",1365,0,300,3,5
"1366",1366,0,300,4,1
"1367",1367,0,300,4,2
"1368",1368,0,300,4,3
"1369",1369,0,300,4,4
"1370",1370,0,300,4,5
"1371",1371,0,300,5,1
"1372",1372,0,300,5,2
"1373",1373,0,300,5,3
"1374",1374,0,300,5,4
"1375",1375,0,300,5,5
"1376",1376,0.325601347184513,300,1,1
"1377",1377,0.325601347184513,300,1,2
"1378",1378,0.325601347184513,300,1,3
"1379",1379,0.325601347184513,300,1,4
"1380",1380,0.325601347184513,300,1,5
"1381",1381,0.325601347184513,300,2,1
"1382",1382,0.325601347184513,300,2,2
"1383",1383,0.325601347184513,300,2,3
"1384",1384,0.325601347184513,300,2,4
"1385",1385,0.325601347184513,300,2,5
"1386",1386,0.325601347184513,300,3,1
"1387",1387,0.325601347184513,300,3,2
"1388",1388,0.325601347184513,300,3,3
"1389",1389,0.325601347184513,300,3,4
"1390",1390,0.325601347184513,300,3,5
"1391",1391,0.325601347184513,300,4,1
"1392",1392,0.325601347184513,300,4,2
"1393",1393,0.325601347184513,300,4,3
"1394",1394,0.325601347184513,300,4,4
"1395",1395,0.325601347184513,300,4,5
"1396",1396,0.325601347184513,300,5,1
"1397",1397,0.325601347184513,300,5,2
"1398",1398,0.325601347184513,300,5,3
"1399",1399,0.325601347184513,300,5,4
"1400",1400,0.325601347184513,300,5,5
"1401",1401,0.614503171530198,300,1,1
"1402",1402,0.614503171530198,300,1,2
"1403",1403,0.614503171530198,300,1,3
"1404",1404,0.614503171530198,300,1,4
"1405",1405,0.614503171530198,300,1,5
"1406",1406,0.614503171530198,300,2,1
"1407",1407,0.614503171530198,300,2,2
"1408",1408,0.614503171530198,300,2,3
"1409",1409,0.614503171530198,300,2,4
"1410",1410,0.614503171530198,300,2,5
"1411",1411,0.614503171530198,300,3,1
"1412",1412,0.614503171530198,300,3,2
"1413",1413,0.614503171530198,300,3,3
"1414",1414,0.614503171530198,300,3,4
"1415",1415,0.614503171530198,300,3,5
"1416",1416,0.614503171530198,300,4,1
"1417",1417,0.614503171530198,300,4,2
"1418",1418,0.614503171530198,300,4,3
"1419",1419,0.614503171530198,300,4,4
"1420",1420,0.614503171530198,300,4,5
"1421",1421,0.614503171530198,300,5,1
"1422",1422,0.614503171530198,300,5,2
"1423",1423,0.614503171530198,300,5,3
"1424",1424,0.614503171530198,300,5,4
"1425",1425,0.614503171530198,300,5,5
"1426",1426,0.605294612895712,300,1,1
"1427",1427,0.605294612895712,300,1,2
"1428",1428,0.605294612895712,300,1,3
"1429",1429,0.605294612895712,300,1,4
"1430",1430,0.605294612895712,300,1,5
"1431",1431,0.605294612895712,300,2,1
"1432",1432,0.605294612895712,300,2,2
"1433",1433,0.605294612895712,300,2,3
"1434",1434,0.605294612895712,300,2,4
"1435",1435,0.605294612895712,300,2,5
"1436",1436,0.605294612895712,300,3,1
"1437",1437,0.605294612895712,300,3,2
"1438",1438,0.605294612895712,300,3,3
"1439",1439,0.605294612895712,300,3,4
"1440",1440,0.605294612895712,300,3,5
"1441",1441,0.605294612895712,300,4,1
"1442",1442,0.605294612895712,300,4,2
"1443",1443,0.605294612895712,300,4,3
"1444",1444,0.605294612895712,300,4,4
"1445",1445,0.605294612895712,300,4,5
"1446",1446,0.605294612895712,300,5,1
"1447",1447,0.605294612895712,300,5,2
"1448",1448,0.605294612895712,300,5,3
"1449",1449,0.605294612895712,300,5,4
"1450",1450,0.605294612895712,300,5,5
"1451",1451,0.542873063365493,300,1,1
"1452",1452,0.542873063365493,300,1,2
"1453",1453,0.542873063365493,300,1,3
"1454",1454,0.542873063365493,300,1,4
"1455",1455,0.542873063365493,300,1,5
"1456",1456,0.542873063365493,300,2,1
"1457",1457,0.542873063365493,300,2,2
"1458",1458,0.542873063365493,300,2,3
"1459",1459,0.542873063365493,300,2,4
"1460",1460,0.542873063365493,300,2,5
"1461",1461,0.542873063365493,300,3,1
"1462",1462,0.542873063365493,300,3,2
"1463",1463,0.542873063365493,300,3,3
"1464",1464,0.542873063365493,300,3,4
"1465",1465,0.542873063365493,300,3,5
"1466",1466,0.542873063365493,300,4,1
"1467",1467,0.542873063365493,300,4,2
"1468",1468,0.542873063365493,300,4,3
"1469",1469,0.542873063365493,300,4,4
"1470",1470,0.542873063365493,300,4,5
"1471",1471,0.542873063365493,300,5,1
"1472",1472,0.542873063365493,300,5,2
"1473",1473,0.542873063365493,300,5,3
"1474",1474,0.542873063365493,300,5,4
"1475",1475,0.542873063365493,300,5,5
"1476",1476,0.642022991355259,300,1,1
"1477",1477,0.642022991355259,300,1,2
"1478",1478,0.642022991355259,300,1,3
"1479",1479,0.642022991355259,300,1,4
"1480",1480,0.642022991355259,300,1,5
"1481",1481,0.642022991355259,300,2,1
"1482",1482,0.642022991355259,300,2,2
"1483",1483,0.642022991355259,300,2,3
"1484",1484,0.642022991355259,300,2,4
"1485",1485,0.642022991355259,300,2,5
"1486",1486,0.642022991355259,300,3,1
"1487",1487,0.642022991355259,300,3,2
"1488",1488,0.642022991355259,300,3,3
"1489",1489,0.642022991355259,300,3,4
"1490",1490,0.642022991355259,300,3,5
"1491",1491,0.642022991355259,300,4,1
"1492",1492,0.642022991355259,300,4,2
"1493",1493,0.642022991355259,300,4,3
"1494",1494,0.642022991355259,300,4,4
"1495",1495,0.642022991355259,300,4,5
"1496",1496,0.642022991355259,300,5,1
"1497",1497,0.642022991355259,300,5,2
"1498",1498,0.642022991355259,300,5,3
"1499",1499,0.642022991355259,300,5,4
"1500",1500,0.642022991355259,300,5,5
"1501",1501,-0.185930265505519,400,1,1
"1502",1502,-0.185930265505519,400,1,2
"1503",1503,-0.185930265505519,400,1,3
"1504",1504,-0.185930265505519,400,1,4
"1505",1505,-0.185930265505519,400,1,5
"1506",1506,-0.185930265505519,400,2,1
"1507",1507,-0.185930265505519,400,2,2
"1508",1508,-0.185930265505519,400,2,3
"1509",1509,-0.185930265505519,400,2,4
"1510",1510,-0.185930265505519,400,2,5
"1511",1511,-0.185930265505519,400,3,1
"1512",1512,-0.185930265505519,400,3,2
"1513",1513,-0.185930265505519,400,3,3
"1514",1514,-0.185930265505519,400,3,4
"1515",1515,-0.185930265505519,400,3,5
"1516",1516,-0.185930265505519,400,4,1
"1517",1517,-0.185930265505519,400,4,2
"1518",1518,-0.185930265505519,400,4,3
"1519",1519,-0.185930265505519,400,4,4
"1520",1520,-0.185930265505519,400,4,5
"1521",1521,-0.185930265505519,400,5,1
"1522",1522,-0.185930265505519,400,5,2
"1523",1523,-0.185930265505519,400,5,3
"1524",1524,-0.185930265505519,400,5,4
"1525",1525,-0.185930265505519,400,5,5
"1526",1526,-0.961306638589709,400,1,1
"1527",1527,-0.961306638589709,400,1,2
"1528",1528,-0.961306638589709,400,1,3
"1529",1529,-0.961306638589709,400,1,4
"1530",1530,-0.961306638589709,400,1,5
"1531",1531,-0.961306638589709,400,2,1
"1532",1532,-0.961306638589709,400,2,2
"1533",1533,-0.961306638589709,400,2,3
"1534",1534,-0.961306638589709,400,2,4
"1535",1535,-0.961306638589709,400,2,5
"1536",1536,-0.961306638589709,400,3,1
"1537",1537,-0.961306638589709,400,3,2
"1538",1538,-0.961306638589709,400,3,3
"1539",1539,-0.961306638589709,400,3,4
"1540",1540,-0.961306638589709,400,3,5
"1541",1541,-0.961306638589709,400,4,1
"1542",1542,-0.961306638589709,400,4,2
"1543",1543,-0.961306638589709,400,4,3
"1544",1544,-0.961306638589709,400,4,4
"1545",1545,-0.961306638589709,400,4,5
"1546",1546,-0.961306638589709,400,5,1
"1547",1547,-0.961306638589709,400,5,2
"1548",1548,-0.961306638589709,400,5,3
"1549",1549,-0.961306638589709,400,5,4
"1550",1550,-0.961306638589709,400,5,5
"1551",1551,-0.662119640789077,400,1,1
"1552",1552,-0.662119640789077,400,1,2
"1553",1553,-0.662119640789077,400,1,3
"1554",1554,-0.662119640789077,400,1,4
"1555",1555,-0.662119640789077,400,1,5
"1556",1556,-0.662119640789077,400,2,1
"1557",1557,-0.662119640789077,400,2,2
"1558",1558,-0.662119640789077,400,2,3
"1559",1559,-0.662119640789077,400,2,4
"1560",1560,-0.662119640789077,400,2,5
"1561",1561,-0.662119640789077,400,3,1
"1562",1562,-0.662119640789077,400,3,2
"1563",1563,-0.662119640789077,400,3,3
"1564",1564,-0.662119640789077,400,3,4
"1565",1565,-0.662119640789077,400,3,5
"1566",1566,-0.662119640789077,400,4,1
"1567",1567,-0.662119640789077,400,4,2
"1568",1568,-0.662119640789077,400,4,3
"1569",1569,-0.662119640789077,400,4,4
"1570",1570,-0.662119640789077,400,4,5
"1571",1571,-0.662119640789077,400,5,1
"1572",1572,-0.662119640789077,400,5,2
"1573",1573,-0.662119640789077,400,5,3
"1574",1574,-0.662119640789077,400,5,4
"1575",1575,-0.662119640789077,400,5,5
"1576",1576,-0.50652560934471,400,1,1
"1577",1577,-0.50652560934471,400,1,2
"1578",1578,-0.50652560934471,400,1,3
"1579",1579,-0.50652560934471,400,1,4
"1580",1580,-0.50652560934471,400,1,5
"1581",1581,-0.50652560934471,400,2,1
"1582",1582,-0.50652560934471,400,2,2
"1583",1583,-0.50652560934471,400,2,3
"1584",1584,-0.50652560934471,400,2,4
"1585",1585,-0.50652560934471,400,2,5
"1586",1586,-0.50652560934471,400,3,1
"1587",1587,-0.50652560934471,400,3,2
"1588",1588,-0.50652560934471,400,3,3
"1589",1589,-0.50652560934471,400,3,4
"1590",1590,-0.50652560934471,400,3,5
"1591",1591,-0.50652560934471,400,4,1
"1592",1592,-0.50652560934471,400,4,2
"1593",1593,-0.50652560934471,400,4,3
"1594",1594,-0.50652560934471,400,4,4
"1595",1595,-0.50652560934471,400,4,5
"1596",1596,-0.50652560934471,400,5,1
"1597",1597,-0.50652560934471,400,5,2
"1598",1598,-0.50652560934471,400,5,3
"1599",1599,-0.50652560934471,400,5,4
"1600",1600,-0.50652560934471,400,5,5
"1601",1601,-0.62644704605283,400,1,1
"1602",1602,-0.62644704605283,400,1,2
"1603",1603,-0.62644704605283,400,1,3
"1604",1604,-0.62644704605283,400,1,4
"1605",1605,-0.62644704605283,400,1,5
"1606",1606,-0.62644704605283,400,2,1
"1607",1607,-0.62644704605283,400,2,2
"1608",1608,-0.62644704605283,400,2,3
"1609",1609,-0.62644704605283,400,2,4
"1610",1610,-0.62644704605283,400,2,5
"1611",1611,-0.62644704605283,400,3,1
"1612",1612,-0.62644704605283,400,3,2
"1613",1613,-0.62644704605283,400,3,3
"1614",1614,-0.62644704605283,400,3,4
"1615",1615,-0.62644704605283,400,3,5
"1616",1616,-0.62644704605283,400,4,1
"1617",1617,-0.62644704605283,400,4,2
"1618",1618,-0.62644704605283,400,4,3
"1619",1619,-0.62644704605283,400,4,4
"1620",1620,-0.62644704605283,400,4,5
"1621",1621,-0.62644704605283,400,5,1
"1622",1622,-0.62644704605283,400,5,2
"1623",1623,-0.62644704605283,400,5,3
"1624",1624,-0.62644704605283,400,5,4
"1625",1625,-0.62644704605283,400,5,5
"1626",1626,0,400,1,1
"1627",1627,0,400,1,2
"1628",1628,0,400,1,3
"1629",1629,0,400,1,4
"1630",1630,0,400,1,5
"1631",1631,0,400,2,1
"1632",1632,0,400,2,2
"1633",1633,0,400,2,3
"1634",1634,0,400,2,4
"1635",1635,0,400,2,5
"1636",1636,0,400,3,1
"1637",1637,0,400,3,2
"1638",1638,0,400,3,3
"1639",1639,0,400,3,4
"1640",1640,0,400,3,5
"1641",1641,0,400,4,1
"1642",1642,0,400,4,2
"1643",1643,0,400,4,3
"1644",1644,0,400,4,4
"1645",1645,0,400,4,5
"1646",1646,0,400,5,1
"1647",1647,0,400,5,2
"1648",1648,0,400,5,3
"1649",1649,0,400,5,4
"1650",1650,0,400,5,5
"1651",1651,0,400,1,1
"1652",1652,0,400,1,2
"1653",1653,0,400,1,3
"1654",1654,0,400,1,4
"1655",1655,0,400,1,5
"1656",1656,0,400,2,1
"1657",1657,0,400,2,2
"1658",1658,0,400,2,3
"1659",1659,0,400,2,4
"1660",1660,0,400,2,5
"1661",1661,0,400,3,1
"1662",1662,0,400,3,2
"1663",1663,0,400,3,3
"1664",1664,0,400,3,4
"1665",1665,0,400,3,5
"1666",1666,0,400,4,1
"1667",1667,0,400,4,2
"1668",1668,0,400,4,3
"1669",1669,0,400,4,4
"1670",1670,0,400,4,5
"1671",1671,0,400,5,1
"1672",1672,0,400,5,2
"1673",1673,0,400,5,3
"1674",1674,0,400,5,4
"1675",1675,0,400,5,5
"1676",1676,0,400,1,1
"1677",1677,0,400,1,2
"1678",1678,0,400,1,3
"1679",1679,0,400,1,4
"1680",1680,0,400,1,5
"1681",1681,0,400,2,1
"1682",1682,0,400,2,2
"1683",1683,0,400,2,3
"1684",1684,0,400,2,4
"1685",1685,0,400,2,5
"1686",1686,0,400,3,1
"1687",1687,0,400,3,2
"1688",1688,0,400,3,3
"1689",1689,0,400,3,4
"1690",1690,0,400,3,5
"1691",1691,0,400,4,1
"1692",1692,0,400,4,2
"1693",1693,0,400,4,3
"1694",1694,0,400,4,4
"1695",1695,0,400,4,5
"1696",1696,0,400,5,1
"1697",1697,0,400,5,2
"1698",1698,0,400,5,3
"1699",1699,0,400,5,4
"1700",1700,0,400,5,5
"1701",1701,0,400,1,1
"1702",1702,0,400,1,2
"1703",1703,0,400,1,3
"1704",1704,0,400,1,4
"1705",1705,0,400,1,5
"1706",1706,0,400,2,1
"1707",1707,0,400,2,2
"1708",1708,0,400,2,3
"1709",1709,0,400,2,4
"1710",1710,0,400,2,5
"1711",1711,0,400,3,1
"1712",1712,0,400,3,2
"1713",1713,0,400,3,3
"1714",1714,0,400,3,4
"1715",1715,0,400,3,5
"1716",1716,0,400,4,1
"1717",1717,0,400,4,2
"1718",1718,0,400,4,3
"1719",1719,0,400,4,4
"1720",1720,0,400,4,5
"1721",1721,0,400,5,1
"1722",1722,0,400,5,2
"1723",1723,0,400,5,3
"1724",1724,0,400,5,4
"1725",1725,0,400,5,5
"1726",1726,0,400,1,1
"1727",1727,0,400,1,2
"1728",1728,0,400,1,3
"1729",1729,0,400,1,4
"1730",1730,0,400,1,5
"1731",1731,0,400,2,1
"1732",1732,0,400,2,2
"1733",1733,0,400,2,3
"1734",1734,0,400,2,4
"1735",1735,0,400,2,5
"1736",1736,0,400,3,1
"1737",1737,0,400,3,2
"1738",1738,0,400,3,3
"1739",1739,0,400,3,4
"1740",1740,0,400,3,5
"1741",1741,0,400,4,1
"1742",1742,0,400,4,2
"1743",1743,0,400,4,3
"1744",1744,0,400,4,4
"1745",1745,0,400,4,5
"1746",1746,0,400,5,1
"1747",1747,0,400,5,2
"1748",1748,0,400,5,3
"1749",1749,0,400,5,4
"1750",1750,0,400,5,5
"1751",1751,0,400,1,1
"1752",1752,0,400,1,2
"1753",1753,0,400,1,3
"1754",1754,0,400,1,4
"1755",1755,0,400,1,5
"1756",1756,0,400,2,1
"1757",1757,0,400,2,2
"1758",1758,0,400,2,3
"1759",1759,0,400,2,4
"1760",1760,0,400,2,5
"1761",1761,0,400,3,1
"1762",1762,0,400,3,2
"1763",1763,0,400,3,3
"1764",1764,0,400,3,4
"1765",1765,0,400,3,5
"1766",1766,0,400,4,1
"1767",1767,0,400,4,2
"1768",1768,0,400,4,3
"1769",1769,0,400,4,4
"1770",1770,0,400,4,5
"1771",1771,0,400,5,1
"1772",1772,0,400,5,2
"1773",1773,0,400,5,3
"1774",1774,0,400,5,4
"1775",1775,0,400,5,5
"1776",1776,0,400,1,1
"1777",1777,0,400,1,2
"1778",1778,0,400,1,3
"1779",1779,0,400,1,4
"1780",1780,0,400,1,5
"1781",1781,0,400,2,1
"1782",1782,0,400,2,2
"1783",1783,0,400,2,3
"1784",1784,0,400,2,4
"1785",1785,0,400,2,5
"1786",1786,0,400,3,1
"1787",1787,0,400,3,2
"1788",1788,0,400,3,3
"1789",1789,0,400,3,4
"1790",1790,0,400,3,5
"1791",1791,0,400,4,1
"1792",1792,0,400,4,2
"1793",1793,0,400,4,3
"1794",1794,0,400,4,4
"1795",1795,0,400,4,5
"1796",1796,0,400,5,1
"1797",1797,0,400,5,2
"1798",1798,0,400,5,3
"1799",1799,0,400,5,4
"1800",1800,0,400,5,5
"1801",1801,0,400,1,1
"1802",1802,0,400,1,2
"1803",1803,0,400,1,3
"1804",1804,0,400,1,4
"1805",1805,0,400,1,5
"1806",1806,0,400,2,1
"1807",1807,0,400,2,2
"1808",1808,0,400,2,3
"1809",1809,0,400,2,4
"1810",1810,0,400,2,5
"1811",1811,0,400,3,1
"1812",1812,0,400,3,2
"1813",1813,0,400,3,3
"1814",1814,0,400,3,4
"1815",1815,0,400,3,5
"1816",1816,0,400,4,1
"1817",1817,0,400,4,2
"1818",1818,0,400,4,3
"1819",1819,0,400,4,4
"1820",1820,0,400,4,5
"1821",1821,0,400,5,1
"1822",1822,0,400,5,2
"1823",1823,0,400,5,3
"1824",1824,0,400,5,4
"1825",1825,0,400,5,5
"1826",1826,0,400,1,1
"1827",1827,0,400,1,2
"1828",1828,0,400,1,3
"1829",1829,0,400,1,4
"1830",1830,0,400,1,5
"1831",1831,0,400,2,1
"1832",1832,0,400,2,2
"1833",1833,0,400,2,3
"1834",1834,0,400,2,4
"1835",1835,0,400,2,5
"1836",1836,0,400,3,1
"1837",1837,0,400,3,2
"1838",1838,0,400,3,3
"1839",1839,0,400,3,4
"1840",1840,0,400,3,5
"1841",1841,0,400,4,1
"1842",1842,0,400,4,2
"1843",1843,0,400,4,3
"1844",1844,0,400,4,4
"1845",1845,0,400,4,5
"1846",1846,0,400,5,1
"1847",1847,0,400,5,2
"1848",1848,0,400,5,3
"1849",1849,0,400,5,4
"1850",1850,0,400,5,5
"1851",1851,0,400,1,1
"1852",1852,0,400,1,2
"1853",1853,0,400,1,3
"1854",1854,0,400,1,4
"1855",1855,0,400,1,5
"1856",1856,0,400,2,1
"1857",1857,0,400,2,2
"1858",1858,0,400,2,3
"1859",1859,0,400,2,4
"1860",1860,0,400,2,5
"1861",1861,0,400,3,1
"1862",1862,0,400,3,2
"1863",1863,0,400,3,3
"1864",1864,0,400,3,4
"1865",1865,0,400,3,5
"1866",1866,0,400,4,1
"1867",1867,0,400,4,2
"1868",1868,0,400,4,3
"1869",1869,0,400,4,4
"1870",1870,0,400,4,5
"1871",1871,0,400,5,1
"1872",1872,0,400,5,2
"1873",1873,0,400,5,3
"1874",1874,0,400,5,4
"1875",1875,0,400,5,5
"1876",1876,0.557868568606372,400,1,1
"1877",1877,0.557868568606372,400,1,2
"1878",1878,0.557868568606372,400,1,3
"1879",1879,0.557868568606372,400,1,4
"1880",1880,0.557868568606372,400,1,5
"1881",1881,0.557868568606372,400,2,1
"1882",1882,0.557868568606372,400,2,2
"1883",1883,0.557868568606372,400,2,3
"1884",1884,0.557868568606372,400,2,4
"1885",1885,0.557868568606372,400,2,5
"1886",1886,0.557868568606372,400,3,1
"1887",1887,0.557868568606372,400,3,2
"1888",1888,0.557868568606372,400,3,3
"1889",1889,0.557868568606372,400,3,4
"1890",1890,0.557868568606372,400,3,5
"1891",1891,0.557868568606372,400,4,1
"1892",1892,0.557868568606372,400,4,2
"1893",1893,0.557868568606372,400,4,3
"1894",1894,0.557868568606372,400,4,4
"1895",1895,0.557868568606372,400,4,5
"1896",1896,0.557868568606372,400,5,1
"1897",1897,0.557868568606372,400,5,2
"1898",1898,0.557868568606372,400,5,3
"1899",1899,0.557868568606372,400,5,4
"1900",1900,0.557868568606372,400,5,5
"1901",1901,0.881869237175753,400,1,1
"1902",1902,0.881869237175753,400,1,2
"1903",1903,0.881869237175753,400,1,3
"1904",1904,0.881869237175753,400,1,4
"1905",1905,0.881869237175753,400,1,5
"1906",1906,0.881869237175753,400,2,1
"1907",1907,0.881869237175753,400,2,2
"1908",1908,0.881869237175753,400,2,3
"1909",1909,0.881869237175753,400,2,4
"1910",1910,0.881869237175753,400,2,5
"1911",1911,0.881869237175753,400,3,1
"1912",1912,0.881869237175753,400,3,2
"1913",1913,0.881869237175753,400,3,3
"1914",1914,0.881869237175753,400,3,4
"1915",1915,0.881869237175753,400,3,5
"1916",1916,0.881869237175753,400,4,1
"1917",1917,0.881869237175753,400,4,2
"1918",1918,0.881869237175753,400,4,3
"1919",1919,0.881869237175753,400,4,4
"1920",1920,0.881869237175753,400,4,5
"1921",1921,0.881869237175753,400,5,1
"1922",1922,0.881869237175753,400,5,2
"1923",1923,0.881869237175753,400,5,3
"1924",1924,0.881869237175753,400,5,4
"1925",1925,0.881869237175753,400,5,5
"1926",1926,0.242255172785423,400,1,1
"1927",1927,0.242255172785423,400,1,2
"1928",1928,0.242255172785423,400,1,3
"1929",1929,0.242255172785423,400,1,4
"1930",1930,0.242255172785423,400,1,5
"1931",1931,0.242255172785423,400,2,1
"1932",1932,0.242255172785423,400,2,2
"1933",1933,0.242255172785423,400,2,3
"1934",1934,0.242255172785423,400,2,4
"1935",1935,0.242255172785423,400,2,5
"1936",1936,0.242255172785423,400,3,1
"1937",1937,0.242255172785423,400,3,2
"1938",1938,0.242255172785423,400,3,3
"1939",1939,0.242255172785423,400,3,4
"1940",1940,0.242255172785423,400,3,5
"1941",1941,0.242255172785423,400,4,1
"1942",1942,0.242255172785423,400,4,2
"1943",1943,0.242255172785423,400,4,3
"1944",1944,0.242255172785423,400,4,4
"1945",1945,0.242255172785423,400,4,5
"1946",1946,0.242255172785423,400,5,1
"1947",1947,0.242255172785423,400,5,2
"1948",1948,0.242255172785423,400,5,3
"1949",1949,0.242255172785423,400,5,4
"1950",1950,0.242255172785423,400,5,5
"1951",1951,0.734570653621354,400,1,1
"1952",1952,0.734570653621354,400,1,2
"1953",1953,0.734570653621354,400,1,3
"1954",1954,0.734570653621354,400,1,4
"1955",1955,0.734570653621354,400,1,5
"1956",1956,0.734570653621354,400,2,1
"1957",1957,0.734570653621354,400,2,2
"1958",1958,0.734570653621354,400,2,3
"1959",1959,0.734570653621354,400,2,4
"1960",1960,0.734570653621354,400,2,5
"1961",1961,0.734570653621354,400,3,1
"1962",1962,0.734570653621354,400,3,2
"1963",1963,0.734570653621354,400,3,3
"1964",1964,0.734570653621354,400,3,4
"1965",1965,0.734570653621354,400,3,5
"1966",1966,0.734570653621354,400,4,1
"1967",1967,0.734570653621354,400,4,2
"1968",1968,0.734570653621354,400,4,3
"1969",1969,0.734570653621354,400,4,4
"1970",1970,0.734570653621354,400,4,5
"1971",1971,0.734570653621354,400,5,1
"1972",1972,0.734570653621354,400,5,2
"1973",1973,0.734570653621354,400,5,3
"1974",1974,0.734570653621354,400,5,4
"1975",1975,0.734570653621354,400,5,5
"1976",1976,0.897522578065776,400,1,1
"1977",1977,0.897522578065776,400,1,2
"1978",1978,0.897522578065776,400,1,3
"1979",1979,0.897522578065776,400,1,4
"1980",1980,0.897522578065776,400,1,5
"1981",1981,0.897522578065776,400,2,1
"1982",1982,0.897522578065776,400,2,2
"1983",1983,0.897522578065776,400,2,3
"1984",1984,0.897522578065776,400,2,4
"1985",1985,0.897522578065776,400,2,5
"1986",1986,0.897522578065776,400,3,1
"1987",1987,0.897522578065776,400,3,2
"1988",1988,0.897522578065776,400,3,3
"1989",1989,0.897522578065776,400,3,4
"1990",1990,0.897522578065776,400,3,5
"1991",1991,0.897522578065776,400,4,1
"1992",1992,0.897522578065776,400,4,2
"1993",1993,0.897522578065776,400,4,3
"1994",1994,0.897522578065776,400,4,4
"1995",1995,0.897522578065776,400,4,5
"1996",1996,0.897522578065776,400,5,1
"1997",1997,0.897522578065776,400,5,2
"1998",1998,0.897522578065776,400,5,3
"1999",1999,0.897522578065776,400,5,4
"2000",2000,0.897522578065776,400,5,5
"2001",2001,-0.564198991103792,500,1,1
"2002",2002,-0.564198991103792,500,1,2
"2003",2003,-0.564198991103792,500,1,3
"2004",2004,-0.564198991103792,500,1,4
"2005",2005,-0.564198991103792,500,1,5
"2006",2006,-0.564198991103792,500,2,1
"2007",2007,-0.564198991103792,500,2,2
"2008",2008,-0.564198991103792,500,2,3
"2009",2009,-0.564198991103792,500,2,4
"2010",2010,-0.564198991103792,500,2,5
"2011",2011,-0.564198991103792,500,3,1
"2012",2012,-0.564198991103792,500,3,2
"2013",2013,-0.564198991103792,500,3,3
"2014",2014,-0.564198991103792,500,3,4
"2015",2015,-0.564198991103792,500,3,5
"2016",2016,-0.564198991103792,500,4,1
"2017",2017,-0.564198991103792,500,4,2
"2018",2018,-0.564198991103792,500,4,3
"2019",2019,-0.564198991103792,500,4,4
"2020",2020,-0.564198991103792,500,4,5
"2021",2021,-0.564198991103792,500,5,1
"2022",2022,-0.564198991103792,500,5,2
"2023",2023,-0.564198991103792,500,5,3
"2024",2024,-0.564198991103792,500,5,4
"2025",2025,-0.564198991103792,500,5,5
"2026",2026,-0.170591031513995,500,1,1
"2027",2027,-0.170591031513995,500,1,2
"2028",2028,-0.170591031513995,500,1,3
"2029",2029,-0.170591031513995,500,1,4
"2030",2030,-0.170591031513995,500,1,5
"2031",2031,-0.170591031513995,500,2,1
"2032",2032,-0.170591031513995,500,2,2
"2033",2033,-0.170591031513995,500,2,3
"2034",2034,-0.170591031513995,500,2,4
"2035",2035,-0.170591031513995,500,2,5
"2036",2036,-0.170591031513995,500,3,1
"2037",2037,-0.170591031513995,500,3,2
"2038",2038,-0.170591031513995,500,3,3
"2039",2039,-0.170591031513995,500,3,4
"2040",2040,-0.170591031513995,500,3,5
"2041",2041,-0.170591031513995,500,4,1
"2042",2042,-0.170591031513995,500,4,2
"2043",2043,-0.170591031513995,500,4,3
"2044",2044,-0.170591031513995,500,4,4
"2045",2045,-0.170591031513995,500,4,5
"2046",2046,-0.170591031513995,500,5,1
"2047",2047,-0.170591031513995,500,5,2
"2048",2048,-0.170591031513995,500,5,3
"2049",2049,-0.170591031513995,500,5,4
"2050",2050,-0.170591031513995,500,5,5
"2051",2051,-0.842051335351752,500,1,1
"2052",2052,-0.842051335351752,500,1,2
"2053",2053,-0.842051335351752,500,1,3
"2054",2054,-0.842051335351752,500,1,4
"2055",2055,-0.842051335351752,500,1,5
"2056",2056,-0.842051335351752,500,2,1
"2057",2057,-0.842051335351752,500,2,2
"2058",2058,-0.842051335351752,500,2,3
"2059",2059,-0.842051335351752,500,2,4
"2060",2060,-0.842051335351752,500,2,5
"2061",2061,-0.842051335351752,500,3,1
"2062",2062,-0.842051335351752,500,3,2
"2063",2063,-0.842051335351752,500,3,3
"2064",2064,-0.842051335351752,500,3,4
"2065",2065,-0.842051335351752,500,3,5
"2066",2066,-0.842051335351752,500,4,1
"2067",2067,-0.842051335351752,500,4,2
"2068",2068,-0.842051335351752,500,4,3
"2069",2069,-0.842051335351752,500,4,4
"2070",2070,-0.842051335351752,500,4,5
"2071",2071,-0.842051335351752,500,5,1
"2072",2072,-0.842051335351752,500,5,2
"2073",2073,-0.842051335351752,500,5,3
"2074",2074,-0.842051335351752,500,5,4
"2075",2075,-0.842051335351752,500,5,5
"2076",2076,-0.749800193064879,500,1,1
"2077",2077,-0.749800193064879,500,1,2
"2078",2078,-0.749800193064879,500,1,3
"2079",2079,-0.749800193064879,500,1,4
"2080",2080,-0.749800193064879,500,1,5
"2081",2081,-0.749800193064879,500,2,1
"2082",2082,-0.749800193064879,500,2,2
"2083",2083,-0.749800193064879,500,2,3
"2084",2084,-0.749800193064879,500,2,4
"2085",2085,-0.749800193064879,500,2,5
"2086",2086,-0.749800193064879,500,3,1
"2087",2087,-0.749800193064879,500,3,2
"2088",2088,-0.749800193064879,500,3,3
"2089",2089,-0.749800193064879,500,3,4
"2090",2090,-0.749800193064879,500,3,5
"2091",2091,-0.749800193064879,500,4,1
"2092",2092,-0.749800193064879,500,4,2
"2093",2093,-0.749800193064879,500,4,3
"2094",2094,-0.749800193064879,500,4,4
"2095",2095,-0.749800193064879,500,4,5
"2096",2096,-0.749800193064879,500,5,1
"2097",2097,-0.749800193064879,500,5,2
"2098",2098,-0.749800193064879,500,5,3
"2099",2099,-0.749800193064879,500,5,4
"2100",2100,-0.749800193064879,500,5,5
"2101",2101,-0.357999381807287,500,1,1
"2102",2102,-0.357999381807287,500,1,2
"2103",2103,-0.357999381807287,500,1,3
"2104",2104,-0.357999381807287,500,1,4
"2105",2105,-0.357999381807287,500,1,5
"2106",2106,-0.357999381807287,500,2,1
"2107",2107,-0.357999381807287,500,2,2
"2108",2108,-0.357999381807287,500,2,3
"2109",2109,-0.357999381807287,500,2,4
"2110",2110,-0.357999381807287,500,2,5
"2111",2111,-0.357999381807287,500,3,1
"2112",2112,-0.357999381807287,500,3,2
"2113",2113,-0.357999381807287,500,3,3
"2114",2114,-0.357999381807287,500,3,4
"2115",2115,-0.357999381807287,500,3,5
"2116",2116,-0.357999381807287,500,4,1
"2117",2117,-0.357999381807287,500,4,2
"2118",2118,-0.357999381807287,500,4,3
"2119",2119,-0.357999381807287,500,4,4
"2120",2120,-0.357999381807287,500,4,5
"2121",2121,-0.357999381807287,500,5,1
"2122",2122,-0.357999381807287,500,5,2
"2123",2123,-0.357999381807287,500,5,3
"2124",2124,-0.357999381807287,500,5,4
"2125",2125,-0.357999381807287,500,5,5
"2126",2126,0,500,1,1
"2127",2127,0,500,1,2
"2128",2128,0,500,1,3
"2129",2129,0,500,1,4
"2130",2130,0,500,1,5
"2131",2131,0,500,2,1
"2132",2132,0,500,2,2
"2133",2133,0,500,2,3
"2134",2134,0,500,2,4
"2135",2135,0,500,2,5
"2136",2136,0,500,3,1
"2137",2137,0,500,3,2
"2138",2138,0,500,3,3
"2139",2139,0,500,3,4
"2140",2140,0,500,3,5
"2141",2141,0,500,4,1
"2142",2142,0,500,4,2
"2143",2143,0,500,4,3
"2144",2144,0,500,4,4
"2145",2145,0,500,4,5
"2146",2146,0,500,5,1
"2147",2147,0,500,5,2
"2148",2148,0,500,5,3
"2149",2149,0,500,5,4
"2150",2150,0,500,5,5
"2151",2151,0,500,1,1
"2152",2152,0,500,1,2
"2153",2153,0,500,1,3
"2154",2154,0,500,1,4
"2155",2155,0,500,1,5
"2156",2156,0,500,2,1
"2157",2157,0,500,2,2
"2158",2158,0,500,2,3
"2159",2159,0,500,2,4
"2160",2160,0,500,2,5
"2161",2161,0,500,3,1
"2162",2162,0,500,3,2
"2163",2163,0,500,3,3
"2164",2164,0,500,3,4
"2165",2165,0,500,3,5
"2166",2166,0,500,4,1
"2167",2167,0,500,4,2
"2168",2168,0,500,4,3
"2169",2169,0,500,4,4
"2170",2170,0,500,4,5
"2171",2171,0,500,5,1
"2172",2172,0,500,5,2
"2173",2173,0,500,5,3
"2174",2174,0,500,5,4
"2175",2175,0,500,5,5
"2176",2176,0,500,1,1
"2177",2177,0,500,1,2
"2178",2178,0,500,1,3
"2179",2179,0,500,1,4
"2180",2180,0,500,1,5
"2181",2181,0,500,2,1
"2182",2182,0,500,2,2
"2183",2183,0,500,2,3
"2184",2184,0,500,2,4
"2185",2185,0,500,2,5
"2186",2186,0,500,3,1
"2187",2187,0,500,3,2
"2188",2188,0,500,3,3
"2189",2189,0,500,3,4
"2190",2190,0,500,3,5
"2191",2191,0,500,4,1
"2192",2192,0,500,4,2
"2193",2193,0,500,4,3
"2194",2194,0,500,4,4
"2195",2195,0,500,4,5
"2196",2196,0,500,5,1
"2197",2197,0,500,5,2
"2198",2198,0,500,5,3
"2199",2199,0,500,5,4
"2200",2200,0,500,5,5
"2201",2201,0,500,1,1
"2202",2202,0,500,1,2
"2203",2203,0,500,1,3
"2204",2204,0,500,1,4
"2205",2205,0,500,1,5
"2206",2206,0,500,2,1
"2207",2207,0,500,2,2
"2208",2208,0,500,2,3
"2209",2209,0,500,2,4
"2210",2210,0,500,2,5
"2211",2211,0,500,3,1
"2212",2212,0,500,3,2
"2213",2213,0,500,3,3
"2214",2214,0,500,3,4
"2215",2215,0,500,3,5
"2216",2216,0,500,4,1
"2217",2217,0,500,4,2
"2218",2218,0,500,4,3
"2219",2219,0,500,4,4
"2220",2220,0,500,4,5
"2221",2221,0,500,5,1
"2222",2222,0,500,5,2
"2223",2223,0,500,5,3
"2224",2224,0,500,5,4
"2225",2225,0,500,5,5
"2226",2226,0,500,1,1
"2227",2227,0,500,1,2
"2228",2228,0,500,1,3
"2229",2229,0,500,1,4
"2230",2230,0,500,1,5
"2231",2231,0,500,2,1
"2232",2232,0,500,2,2
"2233",2233,0,500,2,3
"2234",2234,0,500,2,4
"2235",2235,0,500,2,5
"2236",2236,0,500,3,1
"2237",2237,0,500,3,2
"2238",2238,0,500,3,3
"2239",2239,0,500,3,4
"2240",2240,0,500,3,5
"2241",2241,0,500,4,1
"2242",2242,0,500,4,2
"2243",2243,0,500,4,3
"2244",2244,0,500,4,4
"2245",2245,0,500,4,5
"2246",2246,0,500,5,1
"2247",2247,0,500,5,2
"2248",2248,0,500,5,3
"2249",2249,0,500,5,4
"2250",2250,0,500,5,5
"2251",2251,0,500,1,1
"2252",2252,0,500,1,2
"2253",2253,0,500,1,3
"2254",2254,0,500,1,4
"2255",2255,0,500,1,5
"2256",2256,0,500,2,1
"2257",2257,0,500,2,2
"2258",2258,0,500,2,3
"2259",2259,0,500,2,4
"2260",2260,0,500,2,5
"2261",2261,0,500,3,1
"2262",2262,0,500,3,2
"2263",2263,0,500,3,3
"2264",2264,0,500,3,4
"2265",2265,0,500,3,5
"2266",2266,0,500,4,1
"2267",2267,0,500,4,2
"2268",2268,0,500,4,3
"2269",2269,0,500,4,4
"2270",2270,0,500,4,5
"2271",2271,0,500,5,1
"2272",2272,0,500,5,2
"2273",2273,0,500,5,3
"2274",2274,0,500,5,4
"2275",2275,0,500,5,5
"2276",2276,0,500,1,1
"2277",2277,0,500,1,2
"2278",2278,0,500,1,3
"2279",2279,0,500,1,4
"2280",2280,0,500,1,5
"2281",2281,0,500,2,1
"2282",2282,0,500,2,2
"2283",2283,0,500,2,3
"2284",2284,0,500,2,4
"2285",2285,0,500,2,5
"2286",2286,0,500,3,1
"2287",2287,0,500,3,2
"2288",2288,0,500,3,3
"2289",2289,0,500,3,4
"2290",2290,0,500,3,5
"2291",2291,0,500,4,1
"2292",2292,0,500,4,2
"2293",2293,0,500,4,3
"2294",2294,0,500,4,4
"2295",2295,0,500,4,5
"2296",2296,0,500,5,1
"2297",2297,0,500,5,2
"2298",2298,0,500,5,3
"2299",2299,0,500,5,4
"2300",2300,0,500,5,5
"2301",2301,0,500,1,1
"2302",2302,0,500,1,2
"2303",2303,0,500,1,3
"2304",2304,0,500,1,4
"2305",2305,0,500,1,5
"2306",2306,0,500,2,1
"2307",2307,0,500,2,2
"2308",2308,0,500,2,3
"2309",2309,0,500,2,4
"2310",2310,0,500,2,5
"2311",2311,0,500,3,1
"2312",2312,0,500,3,2
"2313",2313,0,500,3,3
"2314",2314,0,500,3,4
"2315",2315,0,500,3,5
"2316",2316,0,500,4,1
"2317",2317,0,500,4,2
"2318",2318,0,500,4,3
"2319",2319,0,500,4,4
"2320",2320,0,500,4,5
"2321",2321,0,500,5,1
"2322",2322,0,500,5,2
"2323",2323,0,500,5,3
"2324",2324,0,500,5,4
"2325",2325,0,500,5,5
"2326",2326,0,500,1,1
"2327",2327,0,500,1,2
"2328",2328,0,500,1,3
"2329",2329,0,500,1,4
"2330",2330,0,500,1,5
"2331",2331,0,500,2,1
"2332",2332,0,500,2,2
"2333",2333,0,500,2,3
"2334",2334,0,500,2,4
"2335",2335,0,500,2,5
"2336",2336,0,500,3,1
"2337",2337,0,500,3,2
"2338",2338,0,500,3,3
"2339",2339,0,500,3,4
"2340",2340,0,500,3,5
"2341",2341,0,500,4,1
"2342",2342,0,500,4,2
"2343",2343,0,500,4,3
"2344",2344,0,500,4,4
"2345",2345,0,500,4,5
"2346",2346,0,500,5,1
"2347",2347,0,500,5,2
"2348",2348,0,500,5,3
"2349",2349,0,500,5,4
"2350",2350,0,500,5,5
"2351",2351,0,500,1,1
"2352",2352,0,500,1,2
"2353",2353,0,500,1,3
"2354",2354,0,500,1,4
"2355",2355,0,500,1,5
"2356",2356,0,500,2,1
"2357",2357,0,500,2,2
"2358",2358,0,500,2,3
"2359",2359,0,500,2,4
"2360",2360,0,500,2,5
"2361",2361,0,500,3,1
"2362",2362,0,500,3,2
"2363",2363,0,500,3,3
"2364",2364,0,500,3,4
"2365",2365,0,500,3,5
"2366",2366,0,500,4,1
"2367",2367,0,500,4,2
"2368",2368,0,500,4,3
"2369",2369,0,500,4,4
"2370",2370,0,500,4,5
"2371",2371,0,500,5,1
"2372",2372,0,500,5,2
"2373",2373,0,500,5,3
"2374",2374,0,500,5,4
"2375",2375,0,500,5,5
"2376",2376,0.292571624275758,500,1,1
"2377",2377,0.292571624275758,500,1,2
"2378",2378,0.292571624275758,500,1,3
"2379",2379,0.292571624275758,500,1,4
"2380",2380,0.292571624275758,500,1,5
"2381",2381,0.292571624275758,500,2,1
"2382",2382,0.292571624275758,500,2,2
"2383",2383,0.292571624275758,500,2,3
"2384",2384,0.292571624275758,500,2,4
"2385",2385,0.292571624275758,500,2,5
"2386",2386,0.292571624275758,500,3,1
"2387",2387,0.292571624275758,500,3,2
"2388",2388,0.292571624275758,500,3,3
"2389",2389,0.292571624275758,500,3,4
"2390",2390,0.292571624275758,500,3,5
"2391",2391,0.292571624275758,500,4,1
"2392",2392,0.292571624275758,500,4,2
"2393",2393,0.292571624275758,500,4,3
"2394",2394,0.292571624275758,500,4,4
"2395",2395,0.292571624275758,500,4,5
"2396",2396,0.292571624275758,500,5,1
"2397",2397,0.292571624275758,500,5,2
"2398",2398,0.292571624275758,500,5,3
"2399",2399,0.292571624275758,500,5,4
"2400",2400,0.292571624275758,500,5,5
"2401",2401,0.882760743622726,500,1,1
"2402",2402,0.882760743622726,500,1,2
"2403",2403,0.882760743622726,500,1,3
"2404",2404,0.882760743622726,500,1,4
"2405",2405,0.882760743622726,500,1,5
"2406",2406,0.882760743622726,500,2,1
"2407",2407,0.882760743622726,500,2,2
"2408",2408,0.882760743622726,500,2,3
"2409",2409,0.882760743622726,500,2,4
"2410",2410,0.882760743622726,500,2,5
"2411",2411,0.882760743622726,500,3,1
"2412",2412,0.882760743622726,500,3,2
"2413",2413,0.882760743622726,500,3,3
"2414",2414,0.882760743622726,500,3,4
"2415",2415,0.882760743622726,500,3,5
"2416",2416,0.882760743622726,500,4,1
"2417",2417,0.882760743622726,500,4,2
"2418",2418,0.882760743622726,500,4,3
"2419",2419,0.882760743622726,500,4,4
"2420",2420,0.882760743622726,500,4,5
"2421",2421,0.882760743622726,500,5,1
"2422",2422,0.882760743622726,500,5,2
"2423",2423,0.882760743622726,500,5,3
"2424",2424,0.882760743622726,500,5,4
"2425",2425,0.882760743622726,500,5,5
"2426",2426,0.98703359647662,500,1,1
"2427",2427,0.98703359647662,500,1,2
"2428",2428,0.98703359647662,500,1,3
"2429",2429,0.98703359647662,500,1,4
"2430",2430,0.98703359647662,500,1,5
"2431",2431,0.98703359647662,500,2,1
"2432",2432,0.98703359647662,500,2,2
"2433",2433,0.98703359647662,500,2,3
"2434",2434,0.98703359647662,500,2,4
"2435",2435,0.98703359647662,500,2,5
"2436",2436,0.98703359647662,500,3,1
"2437",2437,0.98703359647662,500,3,2
"2438",2438,0.98703359647662,500,3,3
"2439",2439,0.98703359647662,500,3,4
"2440",2440,0.98703359647662,500,3,5
"2441",2441,0.98703359647662,500,4,1
"2442",2442,0.98703359647662,500,4,2
"2443",2443,0.98703359647662,500,4,3
"2444",2444,0.98703359647662,500,4,4
"2445",2445,0.98703359647662,500,4,5
"2446",2446,0.98703359647662,500,5,1
"2447",2447,0.98703359647662,500,5,2
"2448",2448,0.98703359647662,500,5,3
"2449",2449,0.98703359647662,500,5,4
"2450",2450,0.98703359647662,500,5,5
"2451",2451,0.0988382585369352,500,1,1
"2452",2452,0.0988382585369352,500,1,2
"2453",2453,0.0988382585369352,500,1,3
"2454",2454,0.0988382585369352,500,1,4
"2455",2455,0.0988382585369352,500,1,5
"2456",2456,0.0988382585369352,500,2,1
"2457",2457,0.0988382585369352,500,2,2
"2458",2458,0.0988382585369352,500,2,3
"2459",2459,0.0988382585369352,500,2,4
"2460",2460,0.0988382585369352,500,2,5
"2461",2461,0.0988382585369352,500,3,1
"2462",2462,0.0988382585369352,500,3,2
"2463",2463,0.0988382585369352,500,3,3
"2464",2464,0.0988382585369352,500,3,4
"2465",2465,0.0988382585369352,500,3,5
"2466",2466,0.0988382585369352,500,4,1
"2467",2467,0.0988382585369352,500,4,2
"2468",2468,0.0988382585369352,500,4,3
"2469",2469,0.0988382585369352,500,4,4
"2470",2470,0.0988382585369352,500,4,5
"2471",2471,0.0988382585369352,500,5,1
"2472",2472,0.0988382585369352,500,5,2
"2473",2473,0.0988382585369352,500,5,3
"2474",2474,0.0988382585369352,500,5,4
"2475",2475,0.0988382585369352,500,5,5
"2476",2476,0.219730133450418,500,1,1
"2477",2477,0.219730133450418,500,1,2
"2478",2478,0.219730133450418,500,1,3
"2479",2479,0.219730133450418,500,1,4
"2480",2480,0.219730133450418,500,1,5
"2481",2481,0.219730133450418,500,2,1
"2482",2482,0.219730133450418,500,2,2
"2483",2483,0.219730133450418,500,2,3
"2484",2484,0.219730133450418,500,2,4
"2485",2485,0.219730133450418,500,2,5
"2486",2486,0.219730133450418,500,3,1
"2487",2487,0.219730133450418,500,3,2
"2488",2488,0.219730133450418,500,3,3
"2489",2489,0.219730133450418,500,3,4
"2490",2490,0.219730133450418,500,3,5
"2491",2491,0.219730133450418,500,4,1
"2492",2492,0.219730133450418,500,4,2
"2493",2493,0.219730133450418,500,4,3
"2494",2494,0.219730133450418,500,4,4
"2495",2495,0.219730133450418,500,4,5
"2496",2496,0.219730133450418,500,5,1
"2497",2497,0.219730133450418,500,5,2
"2498",2498,0.219730133450418,500,5,3
"2499",2499,0.219730133450418,500,5,4
"2500",2500,0.219730133450418,500,5,5
