"","ID","N","Stripes","Distance","Error","Orientation","Interest"
"1",1,50,2,1,0.2,0,1
"2",2,50,2,1,0.2,1,1
"3",3,50,2,1,0.1,0,1
"4",4,50,2,1,0.1,1,1
"5",5,50,2,1,0.0666666666666667,0,1
"6",6,50,2,1,0.0666666666666667,1,1
"7",7,50,2,1,0,0,1
"8",8,50,2,1,0,1,1
"9",9,50,2,1,1,0,0
"10",10,50,2,1,1,1,0
"11",11,50,2,2,0.4,0,1
"12",12,50,2,2,0.4,1,1
"13",13,50,2,2,0.2,0,1
"14",14,50,2,2,0.2,1,1
"15",15,50,2,2,0.133333333333333,0,1
"16",16,50,2,2,0.133333333333333,1,1
"17",17,50,2,2,0,0,1
"18",18,50,2,2,0,1,1
"19",19,50,2,2,2,0,0
"20",20,50,2,2,2,1,0
"21",21,50,2,3,0.6,0,1
"22",22,50,2,3,0.6,1,1
"23",23,50,2,3,0.3,0,1
"24",24,50,2,3,0.3,1,1
"25",25,50,2,3,0.2,0,1
"26",26,50,2,3,0.2,1,1
"27",27,50,2,3,0,0,1
"28",28,50,2,3,0,1,1
"29",29,50,2,3,3,0,0
"30",30,50,2,3,3,1,0
"31",31,50,3,1,0.2,0,1
"32",32,50,3,1,0.2,1,1
"33",33,50,3,1,0.1,0,1
"34",34,50,3,1,0.1,1,1
"35",35,50,3,1,0.0666666666666667,0,1
"36",36,50,3,1,0.0666666666666667,1,1
"37",37,50,3,1,0,0,1
"38",38,50,3,1,0,1,1
"39",39,50,3,1,1,0,0
"40",40,50,3,1,1,1,0
"41",41,50,3,2,0.4,0,1
"42",42,50,3,2,0.4,1,1
"43",43,50,3,2,0.2,0,1
"44",44,50,3,2,0.2,1,1
"45",45,50,3,2,0.133333333333333,0,1
"46",46,50,3,2,0.133333333333333,1,1
"47",47,50,3,2,0,0,1
"48",48,50,3,2,0,1,1
"49",49,50,3,2,2,0,0
"50",50,50,3,2,2,1,0
"51",51,50,3,3,0.6,0,1
"52",52,50,3,3,0.6,1,1
"53",53,50,3,3,0.3,0,1
"54",54,50,3,3,0.3,1,1
"55",55,50,3,3,0.2,0,1
"56",56,50,3,3,0.2,1,1
"57",57,50,3,3,0,0,1
"58",58,50,3,3,0,1,1
"59",59,50,3,3,3,0,0
"60",60,50,3,3,3,1,0
"61",61,50,4,1,0.2,0,1
"62",62,50,4,1,0.2,1,1
"63",63,50,4,1,0.1,0,1
"64",64,50,4,1,0.1,1,1
"65",65,50,4,1,0.0666666666666667,0,1
"66",66,50,4,1,0.0666666666666667,1,1
"67",67,50,4,1,0,0,1
"68",68,50,4,1,0,1,1
"69",69,50,4,1,1,0,0
"70",70,50,4,1,1,1,0
"71",71,50,4,2,0.4,0,1
"72",72,50,4,2,0.4,1,1
"73",73,50,4,2,0.2,0,1
"74",74,50,4,2,0.2,1,1
"75",75,50,4,2,0.133333333333333,0,1
"76",76,50,4,2,0.133333333333333,1,1
"77",77,50,4,2,0,0,1
"78",78,50,4,2,0,1,1
"79",79,50,4,2,2,0,0
"80",80,50,4,2,2,1,0
"81",81,50,4,3,0.6,0,1
"82",82,50,4,3,0.6,1,1
"83",83,50,4,3,0.3,0,1
"84",84,50,4,3,0.3,1,1
"85",85,50,4,3,0.2,0,1
"86",86,50,4,3,0.2,1,1
"87",87,50,4,3,0,0,1
"88",88,50,4,3,0,1,1
"89",89,50,4,3,3,0,0
"90",90,50,4,3,3,1,0
"91",91,50,5,1,0.2,0,1
"92",92,50,5,1,0.2,1,1
"93",93,50,5,1,0.1,0,1
"94",94,50,5,1,0.1,1,1
"95",95,50,5,1,0.0666666666666667,0,1
"96",96,50,5,1,0.0666666666666667,1,1
"97",97,50,5,1,0,0,1
"98",98,50,5,1,0,1,1
"99",99,50,5,1,1,0,0
"100",100,50,5,1,1,1,0
"101",101,50,5,2,0.4,0,1
"102",102,50,5,2,0.4,1,1
"103",103,50,5,2,0.2,0,1
"104",104,50,5,2,0.2,1,1
"105",105,50,5,2,0.133333333333333,0,1
"106",106,50,5,2,0.133333333333333,1,1
"107",107,50,5,2,0,0,1
"108",108,50,5,2,0,1,1
"109",109,50,5,2,2,0,0
"110",110,50,5,2,2,1,0
"111",111,50,5,3,0.6,0,1
"112",112,50,5,3,0.6,1,1
"113",113,50,5,3,0.3,0,1
"114",114,50,5,3,0.3,1,1
"115",115,50,5,3,0.2,0,1
"116",116,50,5,3,0.2,1,1
"117",117,50,5,3,0,0,1
"118",118,50,5,3,0,1,1
"119",119,50,5,3,3,0,0
"120",120,50,5,3,3,1,0
"121",121,50,6,1,0.2,0,1
"122",122,50,6,1,0.2,1,1
"123",123,50,6,1,0.1,0,1
"124",124,50,6,1,0.1,1,1
"125",125,50,6,1,0.0666666666666667,0,1
"126",126,50,6,1,0.0666666666666667,1,1
"127",127,50,6,1,0,0,1
"128",128,50,6,1,0,1,1
"129",129,50,6,1,1,0,0
"130",130,50,6,1,1,1,0
"131",131,50,6,2,0.4,0,1
"132",132,50,6,2,0.4,1,1
"133",133,50,6,2,0.2,0,1
"134",134,50,6,2,0.2,1,1
"135",135,50,6,2,0.133333333333333,0,1
"136",136,50,6,2,0.133333333333333,1,1
"137",137,50,6,2,0,0,1
"138",138,50,6,2,0,1,1
"139",139,50,6,2,2,0,0
"140",140,50,6,2,2,1,0
"141",141,50,6,3,0.6,0,1
"142",142,50,6,3,0.6,1,1
"143",143,50,6,3,0.3,0,1
"144",144,50,6,3,0.3,1,1
"145",145,50,6,3,0.2,0,1
"146",146,50,6,3,0.2,1,1
"147",147,50,6,3,0,0,1
"148",148,50,6,3,0,1,1
"149",149,50,6,3,3,0,0
"150",150,50,6,3,3,1,0
"151",151,50,7,1,0.2,0,1
"152",152,50,7,1,0.2,1,1
"153",153,50,7,1,0.1,0,1
"154",154,50,7,1,0.1,1,1
"155",155,50,7,1,0.0666666666666667,0,1
"156",156,50,7,1,0.0666666666666667,1,1
"157",157,50,7,1,0,0,1
"158",158,50,7,1,0,1,1
"159",159,50,7,1,1,0,0
"160",160,50,7,1,1,1,0
"161",161,50,7,2,0.4,0,1
"162",162,50,7,2,0.4,1,1
"163",163,50,7,2,0.2,0,1
"164",164,50,7,2,0.2,1,1
"165",165,50,7,2,0.133333333333333,0,1
"166",166,50,7,2,0.133333333333333,1,1
"167",167,50,7,2,0,0,1
"168",168,50,7,2,0,1,1
"169",169,50,7,2,2,0,0
"170",170,50,7,2,2,1,0
"171",171,50,7,3,0.6,0,1
"172",172,50,7,3,0.6,1,1
"173",173,50,7,3,0.3,0,1
"174",174,50,7,3,0.3,1,1
"175",175,50,7,3,0.2,0,1
"176",176,50,7,3,0.2,1,1
"177",177,50,7,3,0,0,1
"178",178,50,7,3,0,1,1
"179",179,50,7,3,3,0,0
"180",180,50,7,3,3,1,0
"181",181,50,8,1,0.2,0,1
"182",182,50,8,1,0.2,1,1
"183",183,50,8,1,0.1,0,1
"184",184,50,8,1,0.1,1,1
"185",185,50,8,1,0.0666666666666667,0,1
"186",186,50,8,1,0.0666666666666667,1,1
"187",187,50,8,1,0,0,1
"188",188,50,8,1,0,1,1
"189",189,50,8,1,1,0,0
"190",190,50,8,1,1,1,0
"191",191,50,8,2,0.4,0,1
"192",192,50,8,2,0.4,1,1
"193",193,50,8,2,0.2,0,1
"194",194,50,8,2,0.2,1,1
"195",195,50,8,2,0.133333333333333,0,1
"196",196,50,8,2,0.133333333333333,1,1
"197",197,50,8,2,0,0,1
"198",198,50,8,2,0,1,1
"199",199,50,8,2,2,0,0
"200",200,50,8,2,2,1,0
"201",201,50,8,3,0.6,0,1
"202",202,50,8,3,0.6,1,1
"203",203,50,8,3,0.3,0,1
"204",204,50,8,3,0.3,1,1
"205",205,50,8,3,0.2,0,1
"206",206,50,8,3,0.2,1,1
"207",207,50,8,3,0,0,1
"208",208,50,8,3,0,1,1
"209",209,50,8,3,3,0,0
"210",210,50,8,3,3,1,0
"211",211,100,2,1,0.2,0,1
"212",212,100,2,1,0.2,1,1
"213",213,100,2,1,0.1,0,1
"214",214,100,2,1,0.1,1,1
"215",215,100,2,1,0.0666666666666667,0,1
"216",216,100,2,1,0.0666666666666667,1,1
"217",217,100,2,1,0,0,1
"218",218,100,2,1,0,1,1
"219",219,100,2,1,1,0,0
"220",220,100,2,1,1,1,0
"221",221,100,2,2,0.4,0,1
"222",222,100,2,2,0.4,1,1
"223",223,100,2,2,0.2,0,1
"224",224,100,2,2,0.2,1,1
"225",225,100,2,2,0.133333333333333,0,1
"226",226,100,2,2,0.133333333333333,1,1
"227",227,100,2,2,0,0,1
"228",228,100,2,2,0,1,1
"229",229,100,2,2,2,0,0
"230",230,100,2,2,2,1,0
"231",231,100,2,3,0.6,0,1
"232",232,100,2,3,0.6,1,1
"233",233,100,2,3,0.3,0,1
"234",234,100,2,3,0.3,1,1
"235",235,100,2,3,0.2,0,1
"236",236,100,2,3,0.2,1,1
"237",237,100,2,3,0,0,1
"238",238,100,2,3,0,1,1
"239",239,100,2,3,3,0,0
"240",240,100,2,3,3,1,0
"241",241,100,3,1,0.2,0,1
"242",242,100,3,1,0.2,1,1
"243",243,100,3,1,0.1,0,1
"244",244,100,3,1,0.1,1,1
"245",245,100,3,1,0.0666666666666667,0,1
"246",246,100,3,1,0.0666666666666667,1,1
"247",247,100,3,1,0,0,1
"248",248,100,3,1,0,1,1
"249",249,100,3,1,1,0,0
"250",250,100,3,1,1,1,0
"251",251,100,3,2,0.4,0,1
"252",252,100,3,2,0.4,1,1
"253",253,100,3,2,0.2,0,1
"254",254,100,3,2,0.2,1,1
"255",255,100,3,2,0.133333333333333,0,1
"256",256,100,3,2,0.133333333333333,1,1
"257",257,100,3,2,0,0,1
"258",258,100,3,2,0,1,1
"259",259,100,3,2,2,0,0
"260",260,100,3,2,2,1,0
"261",261,100,3,3,0.6,0,1
"262",262,100,3,3,0.6,1,1
"263",263,100,3,3,0.3,0,1
"264",264,100,3,3,0.3,1,1
"265",265,100,3,3,0.2,0,1
"266",266,100,3,3,0.2,1,1
"267",267,100,3,3,0,0,1
"268",268,100,3,3,0,1,1
"269",269,100,3,3,3,0,0
"270",270,100,3,3,3,1,0
"271",271,100,4,1,0.2,0,1
"272",272,100,4,1,0.2,1,1
"273",273,100,4,1,0.1,0,1
"274",274,100,4,1,0.1,1,1
"275",275,100,4,1,0.0666666666666667,0,1
"276",276,100,4,1,0.0666666666666667,1,1
"277",277,100,4,1,0,0,1
"278",278,100,4,1,0,1,1
"279",279,100,4,1,1,0,0
"280",280,100,4,1,1,1,0
"281",281,100,4,2,0.4,0,1
"282",282,100,4,2,0.4,1,1
"283",283,100,4,2,0.2,0,1
"284",284,100,4,2,0.2,1,1
"285",285,100,4,2,0.133333333333333,0,1
"286",286,100,4,2,0.133333333333333,1,1
"287",287,100,4,2,0,0,1
"288",288,100,4,2,0,1,1
"289",289,100,4,2,2,0,0
"290",290,100,4,2,2,1,0
"291",291,100,4,3,0.6,0,1
"292",292,100,4,3,0.6,1,1
"293",293,100,4,3,0.3,0,1
"294",294,100,4,3,0.3,1,1
"295",295,100,4,3,0.2,0,1
"296",296,100,4,3,0.2,1,1
"297",297,100,4,3,0,0,1
"298",298,100,4,3,0,1,1
"299",299,100,4,3,3,0,0
"300",300,100,4,3,3,1,0
"301",301,100,5,1,0.2,0,1
"302",302,100,5,1,0.2,1,1
"303",303,100,5,1,0.1,0,1
"304",304,100,5,1,0.1,1,1
"305",305,100,5,1,0.0666666666666667,0,1
"306",306,100,5,1,0.0666666666666667,1,1
"307",307,100,5,1,0,0,1
"308",308,100,5,1,0,1,1
"309",309,100,5,1,1,0,0
"310",310,100,5,1,1,1,0
"311",311,100,5,2,0.4,0,1
"312",312,100,5,2,0.4,1,1
"313",313,100,5,2,0.2,0,1
"314",314,100,5,2,0.2,1,1
"315",315,100,5,2,0.133333333333333,0,1
"316",316,100,5,2,0.133333333333333,1,1
"317",317,100,5,2,0,0,1
"318",318,100,5,2,0,1,1
"319",319,100,5,2,2,0,0
"320",320,100,5,2,2,1,0
"321",321,100,5,3,0.6,0,1
"322",322,100,5,3,0.6,1,1
"323",323,100,5,3,0.3,0,1
"324",324,100,5,3,0.3,1,1
"325",325,100,5,3,0.2,0,1
"326",326,100,5,3,0.2,1,1
"327",327,100,5,3,0,0,1
"328",328,100,5,3,0,1,1
"329",329,100,5,3,3,0,0
"330",330,100,5,3,3,1,0
"331",331,100,6,1,0.2,0,1
"332",332,100,6,1,0.2,1,1
"333",333,100,6,1,0.1,0,1
"334",334,100,6,1,0.1,1,1
"335",335,100,6,1,0.0666666666666667,0,1
"336",336,100,6,1,0.0666666666666667,1,1
"337",337,100,6,1,0,0,1
"338",338,100,6,1,0,1,1
"339",339,100,6,1,1,0,0
"340",340,100,6,1,1,1,0
"341",341,100,6,2,0.4,0,1
"342",342,100,6,2,0.4,1,1
"343",343,100,6,2,0.2,0,1
"344",344,100,6,2,0.2,1,1
"345",345,100,6,2,0.133333333333333,0,1
"346",346,100,6,2,0.133333333333333,1,1
"347",347,100,6,2,0,0,1
"348",348,100,6,2,0,1,1
"349",349,100,6,2,2,0,0
"350",350,100,6,2,2,1,0
"351",351,100,6,3,0.6,0,1
"352",352,100,6,3,0.6,1,1
"353",353,100,6,3,0.3,0,1
"354",354,100,6,3,0.3,1,1
"355",355,100,6,3,0.2,0,1
"356",356,100,6,3,0.2,1,1
"357",357,100,6,3,0,0,1
"358",358,100,6,3,0,1,1
"359",359,100,6,3,3,0,0
"360",360,100,6,3,3,1,0
"361",361,100,7,1,0.2,0,1
"362",362,100,7,1,0.2,1,1
"363",363,100,7,1,0.1,0,1
"364",364,100,7,1,0.1,1,1
"365",365,100,7,1,0.0666666666666667,0,1
"366",366,100,7,1,0.0666666666666667,1,1
"367",367,100,7,1,0,0,1
"368",368,100,7,1,0,1,1
"369",369,100,7,1,1,0,0
"370",370,100,7,1,1,1,0
"371",371,100,7,2,0.4,0,1
"372",372,100,7,2,0.4,1,1
"373",373,100,7,2,0.2,0,1
"374",374,100,7,2,0.2,1,1
"375",375,100,7,2,0.133333333333333,0,1
"376",376,100,7,2,0.133333333333333,1,1
"377",377,100,7,2,0,0,1
"378",378,100,7,2,0,1,1
"379",379,100,7,2,2,0,0
"380",380,100,7,2,2,1,0
"381",381,100,7,3,0.6,0,1
"382",382,100,7,3,0.6,1,1
"383",383,100,7,3,0.3,0,1
"384",384,100,7,3,0.3,1,1
"385",385,100,7,3,0.2,0,1
"386",386,100,7,3,0.2,1,1
"387",387,100,7,3,0,0,1
"388",388,100,7,3,0,1,1
"389",389,100,7,3,3,0,0
"390",390,100,7,3,3,1,0
"391",391,100,8,1,0.2,0,1
"392",392,100,8,1,0.2,1,1
"393",393,100,8,1,0.1,0,1
"394",394,100,8,1,0.1,1,1
"395",395,100,8,1,0.0666666666666667,0,1
"396",396,100,8,1,0.0666666666666667,1,1
"397",397,100,8,1,0,0,1
"398",398,100,8,1,0,1,1
"399",399,100,8,1,1,0,0
"400",400,100,8,1,1,1,0
"401",401,100,8,2,0.4,0,1
"402",402,100,8,2,0.4,1,1
"403",403,100,8,2,0.2,0,1
"404",404,100,8,2,0.2,1,1
"405",405,100,8,2,0.133333333333333,0,1
"406",406,100,8,2,0.133333333333333,1,1
"407",407,100,8,2,0,0,1
"408",408,100,8,2,0,1,1
"409",409,100,8,2,2,0,0
"410",410,100,8,2,2,1,0
"411",411,100,8,3,0.6,0,1
"412",412,100,8,3,0.6,1,1
"413",413,100,8,3,0.3,0,1
"414",414,100,8,3,0.3,1,1
"415",415,100,8,3,0.2,0,1
"416",416,100,8,3,0.2,1,1
"417",417,100,8,3,0,0,1
"418",418,100,8,3,0,1,1
"419",419,100,8,3,3,0,0
"420",420,100,8,3,3,1,0
"421",421,150,2,1,0.2,0,1
"422",422,150,2,1,0.2,1,1
"423",423,150,2,1,0.1,0,1
"424",424,150,2,1,0.1,1,1
"425",425,150,2,1,0.0666666666666667,0,1
"426",426,150,2,1,0.0666666666666667,1,1
"427",427,150,2,1,0,0,1
"428",428,150,2,1,0,1,1
"429",429,150,2,1,1,0,0
"430",430,150,2,1,1,1,0
"431",431,150,2,2,0.4,0,1
"432",432,150,2,2,0.4,1,1
"433",433,150,2,2,0.2,0,1
"434",434,150,2,2,0.2,1,1
"435",435,150,2,2,0.133333333333333,0,1
"436",436,150,2,2,0.133333333333333,1,1
"437",437,150,2,2,0,0,1
"438",438,150,2,2,0,1,1
"439",439,150,2,2,2,0,0
"440",440,150,2,2,2,1,0
"441",441,150,2,3,0.6,0,1
"442",442,150,2,3,0.6,1,1
"443",443,150,2,3,0.3,0,1
"444",444,150,2,3,0.3,1,1
"445",445,150,2,3,0.2,0,1
"446",446,150,2,3,0.2,1,1
"447",447,150,2,3,0,0,1
"448",448,150,2,3,0,1,1
"449",449,150,2,3,3,0,0
"450",450,150,2,3,3,1,0
"451",451,150,3,1,0.2,0,1
"452",452,150,3,1,0.2,1,1
"453",453,150,3,1,0.1,0,1
"454",454,150,3,1,0.1,1,1
"455",455,150,3,1,0.0666666666666667,0,1
"456",456,150,3,1,0.0666666666666667,1,1
"457",457,150,3,1,0,0,1
"458",458,150,3,1,0,1,1
"459",459,150,3,1,1,0,0
"460",460,150,3,1,1,1,0
"461",461,150,3,2,0.4,0,1
"462",462,150,3,2,0.4,1,1
"463",463,150,3,2,0.2,0,1
"464",464,150,3,2,0.2,1,1
"465",465,150,3,2,0.133333333333333,0,1
"466",466,150,3,2,0.133333333333333,1,1
"467",467,150,3,2,0,0,1
"468",468,150,3,2,0,1,1
"469",469,150,3,2,2,0,0
"470",470,150,3,2,2,1,0
"471",471,150,3,3,0.6,0,1
"472",472,150,3,3,0.6,1,1
"473",473,150,3,3,0.3,0,1
"474",474,150,3,3,0.3,1,1
"475",475,150,3,3,0.2,0,1
"476",476,150,3,3,0.2,1,1
"477",477,150,3,3,0,0,1
"478",478,150,3,3,0,1,1
"479",479,150,3,3,3,0,0
"480",480,150,3,3,3,1,0
"481",481,150,4,1,0.2,0,1
"482",482,150,4,1,0.2,1,1
"483",483,150,4,1,0.1,0,1
"484",484,150,4,1,0.1,1,1
"485",485,150,4,1,0.0666666666666667,0,1
"486",486,150,4,1,0.0666666666666667,1,1
"487",487,150,4,1,0,0,1
"488",488,150,4,1,0,1,1
"489",489,150,4,1,1,0,0
"490",490,150,4,1,1,1,0
"491",491,150,4,2,0.4,0,1
"492",492,150,4,2,0.4,1,1
"493",493,150,4,2,0.2,0,1
"494",494,150,4,2,0.2,1,1
"495",495,150,4,2,0.133333333333333,0,1
"496",496,150,4,2,0.133333333333333,1,1
"497",497,150,4,2,0,0,1
"498",498,150,4,2,0,1,1
"499",499,150,4,2,2,0,0
"500",500,150,4,2,2,1,0
"501",501,150,4,3,0.6,0,1
"502",502,150,4,3,0.6,1,1
"503",503,150,4,3,0.3,0,1
"504",504,150,4,3,0.3,1,1
"505",505,150,4,3,0.2,0,1
"506",506,150,4,3,0.2,1,1
"507",507,150,4,3,0,0,1
"508",508,150,4,3,0,1,1
"509",509,150,4,3,3,0,0
"510",510,150,4,3,3,1,0
"511",511,150,5,1,0.2,0,1
"512",512,150,5,1,0.2,1,1
"513",513,150,5,1,0.1,0,1
"514",514,150,5,1,0.1,1,1
"515",515,150,5,1,0.0666666666666667,0,1
"516",516,150,5,1,0.0666666666666667,1,1
"517",517,150,5,1,0,0,1
"518",518,150,5,1,0,1,1
"519",519,150,5,1,1,0,0
"520",520,150,5,1,1,1,0
"521",521,150,5,2,0.4,0,1
"522",522,150,5,2,0.4,1,1
"523",523,150,5,2,0.2,0,1
"524",524,150,5,2,0.2,1,1
"525",525,150,5,2,0.133333333333333,0,1
"526",526,150,5,2,0.133333333333333,1,1
"527",527,150,5,2,0,0,1
"528",528,150,5,2,0,1,1
"529",529,150,5,2,2,0,0
"530",530,150,5,2,2,1,0
"531",531,150,5,3,0.6,0,1
"532",532,150,5,3,0.6,1,1
"533",533,150,5,3,0.3,0,1
"534",534,150,5,3,0.3,1,1
"535",535,150,5,3,0.2,0,1
"536",536,150,5,3,0.2,1,1
"537",537,150,5,3,0,0,1
"538",538,150,5,3,0,1,1
"539",539,150,5,3,3,0,0
"540",540,150,5,3,3,1,0
"541",541,150,6,1,0.2,0,1
"542",542,150,6,1,0.2,1,1
"543",543,150,6,1,0.1,0,1
"544",544,150,6,1,0.1,1,1
"545",545,150,6,1,0.0666666666666667,0,1
"546",546,150,6,1,0.0666666666666667,1,1
"547",547,150,6,1,0,0,1
"548",548,150,6,1,0,1,1
"549",549,150,6,1,1,0,0
"550",550,150,6,1,1,1,0
"551",551,150,6,2,0.4,0,1
"552",552,150,6,2,0.4,1,1
"553",553,150,6,2,0.2,0,1
"554",554,150,6,2,0.2,1,1
"555",555,150,6,2,0.133333333333333,0,1
"556",556,150,6,2,0.133333333333333,1,1
"557",557,150,6,2,0,0,1
"558",558,150,6,2,0,1,1
"559",559,150,6,2,2,0,0
"560",560,150,6,2,2,1,0
"561",561,150,6,3,0.6,0,1
"562",562,150,6,3,0.6,1,1
"563",563,150,6,3,0.3,0,1
"564",564,150,6,3,0.3,1,1
"565",565,150,6,3,0.2,0,1
"566",566,150,6,3,0.2,1,1
"567",567,150,6,3,0,0,1
"568",568,150,6,3,0,1,1
"569",569,150,6,3,3,0,0
"570",570,150,6,3,3,1,0
"571",571,150,7,1,0.2,0,1
"572",572,150,7,1,0.2,1,1
"573",573,150,7,1,0.1,0,1
"574",574,150,7,1,0.1,1,1
"575",575,150,7,1,0.0666666666666667,0,1
"576",576,150,7,1,0.0666666666666667,1,1
"577",577,150,7,1,0,0,1
"578",578,150,7,1,0,1,1
"579",579,150,7,1,1,0,0
"580",580,150,7,1,1,1,0
"581",581,150,7,2,0.4,0,1
"582",582,150,7,2,0.4,1,1
"583",583,150,7,2,0.2,0,1
"584",584,150,7,2,0.2,1,1
"585",585,150,7,2,0.133333333333333,0,1
"586",586,150,7,2,0.133333333333333,1,1
"587",587,150,7,2,0,0,1
"588",588,150,7,2,0,1,1
"589",589,150,7,2,2,0,0
"590",590,150,7,2,2,1,0
"591",591,150,7,3,0.6,0,1
"592",592,150,7,3,0.6,1,1
"593",593,150,7,3,0.3,0,1
"594",594,150,7,3,0.3,1,1
"595",595,150,7,3,0.2,0,1
"596",596,150,7,3,0.2,1,1
"597",597,150,7,3,0,0,1
"598",598,150,7,3,0,1,1
"599",599,150,7,3,3,0,0
"600",600,150,7,3,3,1,0
"601",601,150,8,1,0.2,0,1
"602",602,150,8,1,0.2,1,1
"603",603,150,8,1,0.1,0,1
"604",604,150,8,1,0.1,1,1
"605",605,150,8,1,0.0666666666666667,0,1
"606",606,150,8,1,0.0666666666666667,1,1
"607",607,150,8,1,0,0,1
"608",608,150,8,1,0,1,1
"609",609,150,8,1,1,0,0
"610",610,150,8,1,1,1,0
"611",611,150,8,2,0.4,0,1
"612",612,150,8,2,0.4,1,1
"613",613,150,8,2,0.2,0,1
"614",614,150,8,2,0.2,1,1
"615",615,150,8,2,0.133333333333333,0,1
"616",616,150,8,2,0.133333333333333,1,1
"617",617,150,8,2,0,0,1
"618",618,150,8,2,0,1,1
"619",619,150,8,2,2,0,0
"620",620,150,8,2,2,1,0
"621",621,150,8,3,0.6,0,1
"622",622,150,8,3,0.6,1,1
"623",623,150,8,3,0.3,0,1
"624",624,150,8,3,0.3,1,1
"625",625,150,8,3,0.2,0,1
"626",626,150,8,3,0.2,1,1
"627",627,150,8,3,0,0,1
"628",628,150,8,3,0,1,1
"629",629,150,8,3,3,0,0
"630",630,150,8,3,3,1,0
"631",631,200,2,1,0.2,0,1
"632",632,200,2,1,0.2,1,1
"633",633,200,2,1,0.1,0,1
"634",634,200,2,1,0.1,1,1
"635",635,200,2,1,0.0666666666666667,0,1
"636",636,200,2,1,0.0666666666666667,1,1
"637",637,200,2,1,0,0,1
"638",638,200,2,1,0,1,1
"639",639,200,2,1,1,0,0
"640",640,200,2,1,1,1,0
"641",641,200,2,2,0.4,0,1
"642",642,200,2,2,0.4,1,1
"643",643,200,2,2,0.2,0,1
"644",644,200,2,2,0.2,1,1
"645",645,200,2,2,0.133333333333333,0,1
"646",646,200,2,2,0.133333333333333,1,1
"647",647,200,2,2,0,0,1
"648",648,200,2,2,0,1,1
"649",649,200,2,2,2,0,0
"650",650,200,2,2,2,1,0
"651",651,200,2,3,0.6,0,1
"652",652,200,2,3,0.6,1,1
"653",653,200,2,3,0.3,0,1
"654",654,200,2,3,0.3,1,1
"655",655,200,2,3,0.2,0,1
"656",656,200,2,3,0.2,1,1
"657",657,200,2,3,0,0,1
"658",658,200,2,3,0,1,1
"659",659,200,2,3,3,0,0
"660",660,200,2,3,3,1,0
"661",661,200,3,1,0.2,0,1
"662",662,200,3,1,0.2,1,1
"663",663,200,3,1,0.1,0,1
"664",664,200,3,1,0.1,1,1
"665",665,200,3,1,0.0666666666666667,0,1
"666",666,200,3,1,0.0666666666666667,1,1
"667",667,200,3,1,0,0,1
"668",668,200,3,1,0,1,1
"669",669,200,3,1,1,0,0
"670",670,200,3,1,1,1,0
"671",671,200,3,2,0.4,0,1
"672",672,200,3,2,0.4,1,1
"673",673,200,3,2,0.2,0,1
"674",674,200,3,2,0.2,1,1
"675",675,200,3,2,0.133333333333333,0,1
"676",676,200,3,2,0.133333333333333,1,1
"677",677,200,3,2,0,0,1
"678",678,200,3,2,0,1,1
"679",679,200,3,2,2,0,0
"680",680,200,3,2,2,1,0
"681",681,200,3,3,0.6,0,1
"682",682,200,3,3,0.6,1,1
"683",683,200,3,3,0.3,0,1
"684",684,200,3,3,0.3,1,1
"685",685,200,3,3,0.2,0,1
"686",686,200,3,3,0.2,1,1
"687",687,200,3,3,0,0,1
"688",688,200,3,3,0,1,1
"689",689,200,3,3,3,0,0
"690",690,200,3,3,3,1,0
"691",691,200,4,1,0.2,0,1
"692",692,200,4,1,0.2,1,1
"693",693,200,4,1,0.1,0,1
"694",694,200,4,1,0.1,1,1
"695",695,200,4,1,0.0666666666666667,0,1
"696",696,200,4,1,0.0666666666666667,1,1
"697",697,200,4,1,0,0,1
"698",698,200,4,1,0,1,1
"699",699,200,4,1,1,0,0
"700",700,200,4,1,1,1,0
"701",701,200,4,2,0.4,0,1
"702",702,200,4,2,0.4,1,1
"703",703,200,4,2,0.2,0,1
"704",704,200,4,2,0.2,1,1
"705",705,200,4,2,0.133333333333333,0,1
"706",706,200,4,2,0.133333333333333,1,1
"707",707,200,4,2,0,0,1
"708",708,200,4,2,0,1,1
"709",709,200,4,2,2,0,0
"710",710,200,4,2,2,1,0
"711",711,200,4,3,0.6,0,1
"712",712,200,4,3,0.6,1,1
"713",713,200,4,3,0.3,0,1
"714",714,200,4,3,0.3,1,1
"715",715,200,4,3,0.2,0,1
"716",716,200,4,3,0.2,1,1
"717",717,200,4,3,0,0,1
"718",718,200,4,3,0,1,1
"719",719,200,4,3,3,0,0
"720",720,200,4,3,3,1,0
"721",721,200,5,1,0.2,0,1
"722",722,200,5,1,0.2,1,1
"723",723,200,5,1,0.1,0,1
"724",724,200,5,1,0.1,1,1
"725",725,200,5,1,0.0666666666666667,0,1
"726",726,200,5,1,0.0666666666666667,1,1
"727",727,200,5,1,0,0,1
"728",728,200,5,1,0,1,1
"729",729,200,5,1,1,0,0
"730",730,200,5,1,1,1,0
"731",731,200,5,2,0.4,0,1
"732",732,200,5,2,0.4,1,1
"733",733,200,5,2,0.2,0,1
"734",734,200,5,2,0.2,1,1
"735",735,200,5,2,0.133333333333333,0,1
"736",736,200,5,2,0.133333333333333,1,1
"737",737,200,5,2,0,0,1
"738",738,200,5,2,0,1,1
"739",739,200,5,2,2,0,0
"740",740,200,5,2,2,1,0
"741",741,200,5,3,0.6,0,1
"742",742,200,5,3,0.6,1,1
"743",743,200,5,3,0.3,0,1
"744",744,200,5,3,0.3,1,1
"745",745,200,5,3,0.2,0,1
"746",746,200,5,3,0.2,1,1
"747",747,200,5,3,0,0,1
"748",748,200,5,3,0,1,1
"749",749,200,5,3,3,0,0
"750",750,200,5,3,3,1,0
"751",751,200,6,1,0.2,0,1
"752",752,200,6,1,0.2,1,1
"753",753,200,6,1,0.1,0,1
"754",754,200,6,1,0.1,1,1
"755",755,200,6,1,0.0666666666666667,0,1
"756",756,200,6,1,0.0666666666666667,1,1
"757",757,200,6,1,0,0,1
"758",758,200,6,1,0,1,1
"759",759,200,6,1,1,0,0
"760",760,200,6,1,1,1,0
"761",761,200,6,2,0.4,0,1
"762",762,200,6,2,0.4,1,1
"763",763,200,6,2,0.2,0,1
"764",764,200,6,2,0.2,1,1
"765",765,200,6,2,0.133333333333333,0,1
"766",766,200,6,2,0.133333333333333,1,1
"767",767,200,6,2,0,0,1
"768",768,200,6,2,0,1,1
"769",769,200,6,2,2,0,0
"770",770,200,6,2,2,1,0
"771",771,200,6,3,0.6,0,1
"772",772,200,6,3,0.6,1,1
"773",773,200,6,3,0.3,0,1
"774",774,200,6,3,0.3,1,1
"775",775,200,6,3,0.2,0,1
"776",776,200,6,3,0.2,1,1
"777",777,200,6,3,0,0,1
"778",778,200,6,3,0,1,1
"779",779,200,6,3,3,0,0
"780",780,200,6,3,3,1,0
"781",781,200,7,1,0.2,0,1
"782",782,200,7,1,0.2,1,1
"783",783,200,7,1,0.1,0,1
"784",784,200,7,1,0.1,1,1
"785",785,200,7,1,0.0666666666666667,0,1
"786",786,200,7,1,0.0666666666666667,1,1
"787",787,200,7,1,0,0,1
"788",788,200,7,1,0,1,1
"789",789,200,7,1,1,0,0
"790",790,200,7,1,1,1,0
"791",791,200,7,2,0.4,0,1
"792",792,200,7,2,0.4,1,1
"793",793,200,7,2,0.2,0,1
"794",794,200,7,2,0.2,1,1
"795",795,200,7,2,0.133333333333333,0,1
"796",796,200,7,2,0.133333333333333,1,1
"797",797,200,7,2,0,0,1
"798",798,200,7,2,0,1,1
"799",799,200,7,2,2,0,0
"800",800,200,7,2,2,1,0
"801",801,200,7,3,0.6,0,1
"802",802,200,7,3,0.6,1,1
"803",803,200,7,3,0.3,0,1
"804",804,200,7,3,0.3,1,1
"805",805,200,7,3,0.2,0,1
"806",806,200,7,3,0.2,1,1
"807",807,200,7,3,0,0,1
"808",808,200,7,3,0,1,1
"809",809,200,7,3,3,0,0
"810",810,200,7,3,3,1,0
"811",811,200,8,1,0.2,0,1
"812",812,200,8,1,0.2,1,1
"813",813,200,8,1,0.1,0,1
"814",814,200,8,1,0.1,1,1
"815",815,200,8,1,0.0666666666666667,0,1
"816",816,200,8,1,0.0666666666666667,1,1
"817",817,200,8,1,0,0,1
"818",818,200,8,1,0,1,1
"819",819,200,8,1,1,0,0
"820",820,200,8,1,1,1,0
"821",821,200,8,2,0.4,0,1
"822",822,200,8,2,0.4,1,1
"823",823,200,8,2,0.2,0,1
"824",824,200,8,2,0.2,1,1
"825",825,200,8,2,0.133333333333333,0,1
"826",826,200,8,2,0.133333333333333,1,1
"827",827,200,8,2,0,0,1
"828",828,200,8,2,0,1,1
"829",829,200,8,2,2,0,0
"830",830,200,8,2,2,1,0
"831",831,200,8,3,0.6,0,1
"832",832,200,8,3,0.6,1,1
"833",833,200,8,3,0.3,0,1
"834",834,200,8,3,0.3,1,1
"835",835,200,8,3,0.2,0,1
"836",836,200,8,3,0.2,1,1
"837",837,200,8,3,0,0,1
"838",838,200,8,3,0,1,1
"839",839,200,8,3,3,0,0
"840",840,200,8,3,3,1,0
"841",841,250,2,1,0.2,0,1
"842",842,250,2,1,0.2,1,1
"843",843,250,2,1,0.1,0,1
"844",844,250,2,1,0.1,1,1
"845",845,250,2,1,0.0666666666666667,0,1
"846",846,250,2,1,0.0666666666666667,1,1
"847",847,250,2,1,0,0,1
"848",848,250,2,1,0,1,1
"849",849,250,2,1,1,0,0
"850",850,250,2,1,1,1,0
"851",851,250,2,2,0.4,0,1
"852",852,250,2,2,0.4,1,1
"853",853,250,2,2,0.2,0,1
"854",854,250,2,2,0.2,1,1
"855",855,250,2,2,0.133333333333333,0,1
"856",856,250,2,2,0.133333333333333,1,1
"857",857,250,2,2,0,0,1
"858",858,250,2,2,0,1,1
"859",859,250,2,2,2,0,0
"860",860,250,2,2,2,1,0
"861",861,250,2,3,0.6,0,1
"862",862,250,2,3,0.6,1,1
"863",863,250,2,3,0.3,0,1
"864",864,250,2,3,0.3,1,1
"865",865,250,2,3,0.2,0,1
"866",866,250,2,3,0.2,1,1
"867",867,250,2,3,0,0,1
"868",868,250,2,3,0,1,1
"869",869,250,2,3,3,0,0
"870",870,250,2,3,3,1,0
"871",871,250,3,1,0.2,0,1
"872",872,250,3,1,0.2,1,1
"873",873,250,3,1,0.1,0,1
"874",874,250,3,1,0.1,1,1
"875",875,250,3,1,0.0666666666666667,0,1
"876",876,250,3,1,0.0666666666666667,1,1
"877",877,250,3,1,0,0,1
"878",878,250,3,1,0,1,1
"879",879,250,3,1,1,0,0
"880",880,250,3,1,1,1,0
"881",881,250,3,2,0.4,0,1
"882",882,250,3,2,0.4,1,1
"883",883,250,3,2,0.2,0,1
"884",884,250,3,2,0.2,1,1
"885",885,250,3,2,0.133333333333333,0,1
"886",886,250,3,2,0.133333333333333,1,1
"887",887,250,3,2,0,0,1
"888",888,250,3,2,0,1,1
"889",889,250,3,2,2,0,0
"890",890,250,3,2,2,1,0
"891",891,250,3,3,0.6,0,1
"892",892,250,3,3,0.6,1,1
"893",893,250,3,3,0.3,0,1
"894",894,250,3,3,0.3,1,1
"895",895,250,3,3,0.2,0,1
"896",896,250,3,3,0.2,1,1
"897",897,250,3,3,0,0,1
"898",898,250,3,3,0,1,1
"899",899,250,3,3,3,0,0
"900",900,250,3,3,3,1,0
"901",901,250,4,1,0.2,0,1
"902",902,250,4,1,0.2,1,1
"903",903,250,4,1,0.1,0,1
"904",904,250,4,1,0.1,1,1
"905",905,250,4,1,0.0666666666666667,0,1
"906",906,250,4,1,0.0666666666666667,1,1
"907",907,250,4,1,0,0,1
"908",908,250,4,1,0,1,1
"909",909,250,4,1,1,0,0
"910",910,250,4,1,1,1,0
"911",911,250,4,2,0.4,0,1
"912",912,250,4,2,0.4,1,1
"913",913,250,4,2,0.2,0,1
"914",914,250,4,2,0.2,1,1
"915",915,250,4,2,0.133333333333333,0,1
"916",916,250,4,2,0.133333333333333,1,1
"917",917,250,4,2,0,0,1
"918",918,250,4,2,0,1,1
"919",919,250,4,2,2,0,0
"920",920,250,4,2,2,1,0
"921",921,250,4,3,0.6,0,1
"922",922,250,4,3,0.6,1,1
"923",923,250,4,3,0.3,0,1
"924",924,250,4,3,0.3,1,1
"925",925,250,4,3,0.2,0,1
"926",926,250,4,3,0.2,1,1
"927",927,250,4,3,0,0,1
"928",928,250,4,3,0,1,1
"929",929,250,4,3,3,0,0
"930",930,250,4,3,3,1,0
"931",931,250,5,1,0.2,0,1
"932",932,250,5,1,0.2,1,1
"933",933,250,5,1,0.1,0,1
"934",934,250,5,1,0.1,1,1
"935",935,250,5,1,0.0666666666666667,0,1
"936",936,250,5,1,0.0666666666666667,1,1
"937",937,250,5,1,0,0,1
"938",938,250,5,1,0,1,1
"939",939,250,5,1,1,0,0
"940",940,250,5,1,1,1,0
"941",941,250,5,2,0.4,0,1
"942",942,250,5,2,0.4,1,1
"943",943,250,5,2,0.2,0,1
"944",944,250,5,2,0.2,1,1
"945",945,250,5,2,0.133333333333333,0,1
"946",946,250,5,2,0.133333333333333,1,1
"947",947,250,5,2,0,0,1
"948",948,250,5,2,0,1,1
"949",949,250,5,2,2,0,0
"950",950,250,5,2,2,1,0
"951",951,250,5,3,0.6,0,1
"952",952,250,5,3,0.6,1,1
"953",953,250,5,3,0.3,0,1
"954",954,250,5,3,0.3,1,1
"955",955,250,5,3,0.2,0,1
"956",956,250,5,3,0.2,1,1
"957",957,250,5,3,0,0,1
"958",958,250,5,3,0,1,1
"959",959,250,5,3,3,0,0
"960",960,250,5,3,3,1,0
"961",961,250,6,1,0.2,0,1
"962",962,250,6,1,0.2,1,1
"963",963,250,6,1,0.1,0,1
"964",964,250,6,1,0.1,1,1
"965",965,250,6,1,0.0666666666666667,0,1
"966",966,250,6,1,0.0666666666666667,1,1
"967",967,250,6,1,0,0,1
"968",968,250,6,1,0,1,1
"969",969,250,6,1,1,0,0
"970",970,250,6,1,1,1,0
"971",971,250,6,2,0.4,0,1
"972",972,250,6,2,0.4,1,1
"973",973,250,6,2,0.2,0,1
"974",974,250,6,2,0.2,1,1
"975",975,250,6,2,0.133333333333333,0,1
"976",976,250,6,2,0.133333333333333,1,1
"977",977,250,6,2,0,0,1
"978",978,250,6,2,0,1,1
"979",979,250,6,2,2,0,0
"980",980,250,6,2,2,1,0
"981",981,250,6,3,0.6,0,1
"982",982,250,6,3,0.6,1,1
"983",983,250,6,3,0.3,0,1
"984",984,250,6,3,0.3,1,1
"985",985,250,6,3,0.2,0,1
"986",986,250,6,3,0.2,1,1
"987",987,250,6,3,0,0,1
"988",988,250,6,3,0,1,1
"989",989,250,6,3,3,0,0
"990",990,250,6,3,3,1,0
"991",991,250,7,1,0.2,0,1
"992",992,250,7,1,0.2,1,1
"993",993,250,7,1,0.1,0,1
"994",994,250,7,1,0.1,1,1
"995",995,250,7,1,0.0666666666666667,0,1
"996",996,250,7,1,0.0666666666666667,1,1
"997",997,250,7,1,0,0,1
"998",998,250,7,1,0,1,1
"999",999,250,7,1,1,0,0
"1000",1000,250,7,1,1,1,0
"1001",1001,250,7,2,0.4,0,1
"1002",1002,250,7,2,0.4,1,1
"1003",1003,250,7,2,0.2,0,1
"1004",1004,250,7,2,0.2,1,1
"1005",1005,250,7,2,0.133333333333333,0,1
"1006",1006,250,7,2,0.133333333333333,1,1
"1007",1007,250,7,2,0,0,1
"1008",1008,250,7,2,0,1,1
"1009",1009,250,7,2,2,0,0
"1010",1010,250,7,2,2,1,0
"1011",1011,250,7,3,0.6,0,1
"1012",1012,250,7,3,0.6,1,1
"1013",1013,250,7,3,0.3,0,1
"1014",1014,250,7,3,0.3,1,1
"1015",1015,250,7,3,0.2,0,1
"1016",1016,250,7,3,0.2,1,1
"1017",1017,250,7,3,0,0,1
"1018",1018,250,7,3,0,1,1
"1019",1019,250,7,3,3,0,0
"1020",1020,250,7,3,3,1,0
"1021",1021,250,8,1,0.2,0,1
"1022",1022,250,8,1,0.2,1,1
"1023",1023,250,8,1,0.1,0,1
"1024",1024,250,8,1,0.1,1,1
"1025",1025,250,8,1,0.0666666666666667,0,1
"1026",1026,250,8,1,0.0666666666666667,1,1
"1027",1027,250,8,1,0,0,1
"1028",1028,250,8,1,0,1,1
"1029",1029,250,8,1,1,0,0
"1030",1030,250,8,1,1,1,0
"1031",1031,250,8,2,0.4,0,1
"1032",1032,250,8,2,0.4,1,1
"1033",1033,250,8,2,0.2,0,1
"1034",1034,250,8,2,0.2,1,1
"1035",1035,250,8,2,0.133333333333333,0,1
"1036",1036,250,8,2,0.133333333333333,1,1
"1037",1037,250,8,2,0,0,1
"1038",1038,250,8,2,0,1,1
"1039",1039,250,8,2,2,0,0
"1040",1040,250,8,2,2,1,0
"1041",1041,250,8,3,0.6,0,1
"1042",1042,250,8,3,0.6,1,1
"1043",1043,250,8,3,0.3,0,1
"1044",1044,250,8,3,0.3,1,1
"1045",1045,250,8,3,0.2,0,1
"1046",1046,250,8,3,0.2,1,1
"1047",1047,250,8,3,0,0,1
"1048",1048,250,8,3,0,1,1
"1049",1049,250,8,3,3,0,0
"1050",1050,250,8,3,3,1,0
