"","ID","scag_num_1","scag_num_2","scag_num_3","scag_num_4","scag_num_5","scag_num_6","scag_num_7","scag_num_8","scag_num_9","signal"
"1",1,0.0569667619587034,0.587920316489393,0.0715609216258263,0.134766923599985,0.166666666666667,0.227555594846276,0.603305282773467,0.434788657929154,0.431807097132713,0
"2",2,0.0596416810236516,0.56453759016681,0.221362861457231,0.119964029032586,0.0930232558139535,0.302333121184484,0.647355499619389,0.434788657929154,0.652386467083851,0
"3",3,0.0531589322574667,0.627985669580722,0.207712021453834,0.0869907217817419,0.0465116279069767,0.537152103411776,0.636303772759333,0.296296296296296,0.94834764525655,1
"4",4,0.0743714273631835,0.626437001885056,0.0909090909090909,0.133431095127682,0,0.28695619932813,0.66342404074593,0.310865697693934,0.506067377437639,0
"5",5,0,0.54154705561768,0.063891604199146,0.122622379894814,0.0930232558139535,0.384611127316959,0.57526799723214,0.153744533527697,0.490867636981513,0
"6",6,0,0.69710639728662,0.107204791363033,0.124698690606091,0.0465116279069767,0.245316038575486,0.67703073642628,0.167944565172824,0.225914558669635,0
"7",7,0,0.646926963643178,0.307761608924281,0.146998125386308,0.0909090909090909,0.292296551006175,0.632430555288631,0.282623291015625,0.494687640738113,0
"8",8,0.0685824719632134,0.606061488975467,0.131645819236844,0.137497370109722,0,0.238601850914048,0.688538864877385,0.371307373046875,0.312635185544753,0
"9",9,0.0764202394222153,0.613231753677625,0.0454545454545455,0.117160508599069,0.0697674418604651,0.412413114792384,0.594343180874623,0.324951171875,0.753427899885563,0
"10",10,0,0.578654984965157,0.100497663397024,0.109897968416285,0.116279069767442,0.340745487576402,0.539642580246589,0.512,0.632866825497883,0
"11",11,0,0.515140748752266,0.0504333789376049,0.124762519999537,0.0238095238095238,0.263507309319838,0.672196524975192,0.371307373046875,0.513602951534558,0
"12",12,0,0.561922299000892,0.0444444444444444,0.129794026486461,0.0731707317073171,0.36112726893667,0.624062580144301,0.39437037037037,0.557231297586939,0
"13",13,0,0.578951966304934,0.102041824866725,0.105220870403537,0.0930232558139535,0.230878934550667,0.647886368169895,0.512,0.512152630673936,0
"14",14,0,0.613713014915905,0.0573045951742363,0.130790796924138,0.0909090909090909,0.274401386162772,0.538385897080459,0.384673178061608,0.51918918478743,0
"15",15,0.052054529925521,0.62139009747071,0.0624206636349689,0.127726525872354,0.0465116279069767,0.33259080623714,0.482048518156557,0.384673178061608,0.679936599723299,0
"16",16,0,0.533149842690042,0.169983187845108,0.111596341065198,0.0714285714285714,0.242348491195002,0.654372189292804,0.500788723794016,0.521428048588979,0
"17",17,0,0.645961748200413,0.0742291456495519,0.134126644317261,0.113636363636364,0.285678115376191,0.63012207062821,0.384673178061608,0.475492665184032,0
"18",18,0,0.646305652112147,0.17390804228869,0.136071357463411,0.0952380952380952,0.361180575564812,0.471823272365183,0.421875,0.650295804281687,0
"19",19,0,0.596432612910485,0.421208951481021,0.118729918483696,0.0697674418604651,0.223514360057798,0.635129155978764,0.371307373046875,0.515237543676191,0
"20",20,0,0.72615007926837,0.0529333214568113,0.131053043899778,0.159090909090909,0.176222124195222,0.685548356863834,0.397542234887034,0.530363851809058,0
"21",21,0,0.52830457406552,0.0641693626316655,0.108755561063077,0.113636363636364,0.362442235440301,0.551179938972992,0.397542234887034,0.574189762773485,0
"22",22,0,0.426276151894775,0.156891437841917,0.112307492700862,0.116279069767442,0.234388907145738,0.663608917310089,0.48907810891282,0.554816270076018,0
"23",23,0.0564672312058761,0.611930070816961,0.116820574620842,0.14933551998674,0.0232558139534884,0.343551109182418,0.527469479444573,0.26853747776174,0.391869187276845,0
"24",24,0,0.501527839736223,0.184813723550408,0.131957377576845,0,0.354481804766696,0.604938330506894,0.397542234887034,0.541191106151601,0
"25",25,0.12388791272294,0.494436128994128,0.226798949670526,0.112745271377131,0.0714285714285714,0.206982614858043,0.608045491721643,0.357423382900876,0.272816763280452,0
"26",26,0,0.73464498939125,0.0444444444444444,0.149442107336696,0.204545454545455,0.182573150373093,0.689020247962957,0.384673178061608,0.564237894218489,0
"27",27,0,0.4644479698918,0.107755591208563,0.125097089993662,0.113636363636364,0.3215594737384,0.67584000830354,0.230237319995972,0.497727925071553,0
"28",28,0.0600571661286474,0.566316386774498,0.0806171145018974,0.11881370813314,0.186046511627907,0.237974839625127,0.681527485542196,0.434788657929154,0.720238148553843,0
"29",29,0,0.640955123104559,0.081939186909817,0.154706806201648,0.136363636363636,0.147311320555318,0.611372660638869,0.459078717201166,0.300662763568313,0
"30",30,0.135372279294195,0.464932191750344,0.101150396597751,0.104404309166542,0.024390243902439,0.28698302287226,0.573301506006842,0.186588921282799,0.553763266133207,0
"31",31,0.0726684939419255,0.615345899459953,0.0597203313766382,0.135884730172566,0.0232558139534884,0.2794199543161,0.703792850668012,0.324951171875,0.717810752634483,0
"32",32,0,0.656987250500269,0.0982299204207209,0.124698690606091,0.0909090909090909,0.332427292256994,0.595119630502938,0.338564710465537,0.635498155108571,0
"33",33,0,0.594941758163683,0.110662780566246,0.123193218629682,0.0909090909090909,0.257559841437114,0.543529545972166,0.230237319995972,0.507004253337014,0
"34",34,0,0.636697241855559,0.0923516840917492,0.0933959062200827,0.0681818181818182,0.392837134664371,0.5999527307634,0.384673178061608,0.92835788901734,1
"35",35,0.190922472034947,0.733263354516605,0.203423767068667,0.136553208396826,0.0512820512820513,0.297796743282744,0.572481554072398,0.39437037037037,0.607214788405276,0
"36",36,0.0571151146222637,0.572009594454895,0.193453803870674,0.112267609990653,0.0697674418604651,0.357390468233654,0.567858394514666,0.512,0.502903318603047,0
"37",37,0,0.455764668362004,0.0444444444444444,0.113747080692222,0.0952380952380952,0.281282651152021,0.615407185431993,0.310865697693934,0.70826856585753,0
"38",38,0.181960815534374,0.549004233099635,0.175328886143334,0.110051804834223,0.214285714285714,0.203539172077697,0.584888803038108,0.568839650145773,0.504042926438195,0
"39",39,0,0.790614665533785,0.0680805903097105,0.154549124316412,0.0227272727272727,0.255608738809083,0.664598201845068,0.338564710465537,0.266172006896468,0
"40",40,0,0.610453719347126,0.110472069505415,0.133520566144751,0.181818181818182,0.182559330141302,0.667598709252029,0.338564710465537,0.268536653431583,0
"41",41,0.06689604537422,0.625150262040842,0.253611831693507,0.104637583260926,0,0.28868565387551,0.629402692457157,0.371307373046875,0.60290604414094,0
"42",42,0.057577257368191,0.606537518105989,0.172008805893403,0.133132424142902,0.0232558139534884,0.358511338853464,0.59896222091274,0.578703703703704,0.5710269155747,1
"43",43,0,0.668990002898774,0.115217666340663,0.153346741272898,0.159090909090909,0.24644683730983,0.690530447296163,0.459078717201166,0.487140490167093,0
"44",44,0,0.709856618341691,0.0444444444444444,0.191737121905246,0.0714285714285714,0.195624843185877,0.545655328250557,0.310865697693934,0.180560491441634,0
"45",45,0,0.624478714657308,0.203414956222963,0.113589487678393,0.0476190476190476,0.283838803150326,0.587178022242891,0.310865697693934,0.631081525048363,0
"46",46,0.357950024622412,0.787708752777556,0.206601733330621,0.142236117145847,0.102564102564103,0.150415636504867,0.558595176667006,0.379720365738653,0.521790467942242,0
"47",47,0.122574588496741,0.677381324268676,0.149684686057278,0.141829727409161,0.166666666666667,0.217262038355995,0.616591476156513,0.500788723794016,0.499278064032883,0
"48",48,0.0647582590652121,0.664186098477361,0.159859012234548,0.120125686142784,0.0465116279069767,0.347308422133893,0.640748448483898,0.512,0.604502160465662,0
"49",49,0,0.461218888200025,0.144694732158785,0.1280067135792,0.0681818181818182,0.252599650599399,0.664933779724612,0.397542234887034,0.423492588586258,0
"50",50,0,0.764424761387313,0.134675574175907,0.157764296819016,0.0731707317073171,0.1682101577079,0.677004834080426,0.296296296296296,0.265484771988356,0
"51",51,0.132822009812896,0.804500736803438,0.420157356572102,0.113168166745208,0.142857142857143,0.144873175840989,0.659874561535167,0.434788657929154,0.714599715540204,0
"52",52,0,0.729764719010388,0.0444444444444444,0.154613503692826,0.0227272727272727,0.274704368676071,0.661071452037134,0.282623291015625,0.418467491947731,0
"53",53,0,0.642673982221513,0.139172368529625,0.141548778829596,0.0697674418604651,0.322386752665644,0.607494525560594,0.324951171875,0.536198348399575,0
"54",54,0.315634288033034,0.635154412370441,0.512703673324153,0.0697528406659526,0.0952380952380952,0.109136045453363,0.57724214904692,0.310865697693934,0.239956624344878,0
"55",55,0.0653210150743176,0.659669321851186,0.220098632798712,0.121337400747422,0.0714285714285714,0.387995369039131,0.616027524519602,0.408411936490887,0.641256919337354,0
"56",56,0,0.58373503723229,0.0973439442997417,0.129340857806332,0.0238095238095238,0.298254518249604,0.684248743452823,0.310865697693934,0.653608316922819,0
"57",57,0,0.589009966394296,0.253260644199398,0.131257915181683,0.0465116279069767,0.300733352288101,0.577707798592884,0.26853747776174,0.586417297964007,0
"58",58,0,0.654819871718392,0.0444444444444444,0.152095601753448,0.13953488372093,0.259713838138089,0.721371219119329,0.447180948503969,0.401703580599812,0
"59",59,0,0.651976114935251,0.0444444444444444,0.145661735596807,0.0909090909090909,0.243116398666812,0.650239194789484,0.384673178061608,0.567710812333247,0
"60",60,0,0.669478548264394,0.121461570830895,0.154957479019894,0.0681818181818182,0.217194685506288,0.585886158383606,0.384673178061608,0.573832688458648,0
"61",61,0.0622567030361103,0.778465327119042,0.0821665054082599,0.15516927049183,0.125,0.264795756420989,0.642937652648072,0.476837158203125,0.517057772977775,0
"62",62,0,0.754907519490255,0.198790882794883,0.152226408573371,0.0227272727272727,0.232461530172321,0.570008934514675,0.512,0.443723733464938,0
"63",63,0.212110070487111,0.681636042690016,0.49130058325991,0.115823537823643,0.0731707317073171,0.267576646332548,0.610215864900165,0.239124195333962,0.509306601826904,0
"64",64,0.128171913832751,0.714090982248464,0.0670510088855341,0.129686638230334,0.219512195121951,0.192963842192119,0.753737369635069,0.421875,0.345080952274714,0
"65",65,0,0.578614745512233,0.115452618459932,0.125621042530358,0.0681818181818182,0.306969684686476,0.650658775715503,0.338564710465537,0.639250117696359,0
"66",66,0.0585467892170757,0.59251185890964,0.277750861527316,0.121366103645792,0.0731707317073171,0.440056180566841,0.477584511023861,0.421875,0.434816949665244,0
"67",67,0.0585644324656627,0.439985324718998,0.186045055957376,0.130115659471931,0.0232558139534884,0.222553697639853,0.628955318879948,0.324951171875,0.371045865858343,0
"68",68,0,0.6426858321789,0.334156524748483,0.138244457585569,0.0930232558139535,0.216929921594086,0.620683301601741,0.324951171875,0.477360041016946,0
"69",69,0.0623231032137063,0.719208156228394,0.125301399583778,0.117309062929066,0.0238095238095238,0.219114202885682,0.621458813733511,0.254037037037037,0.563762405349776,0
"70",70,0,0.696988272952514,0.15678125599026,0.150487297391376,0.0697674418604651,0.182481124150402,0.69562329022357,0.447180948503969,0.60143400651583,0
"71",71,0,0.674883969806126,0.0911455103330289,0.118583144135421,0.186046511627907,0.232684299450624,0.600628857752806,0.578703703703704,0.698126717772955,1
"72",72,0,0.786510405998836,0.283287738141045,0.151282075036805,0.0697674418604651,0.182916520913942,0.633643510937906,0.384673178061608,0.527468602900445,0
"73",73,0.187446335124267,0.706053905989128,0.0980923803782148,0.137105969316439,0.0487804878048781,0.194071561148255,0.5766806644435,0.239124195333962,0.455350933136328,0
"74",74,0,0.5853391040542,0.327628193364709,0.124102703011338,0.0454545454545455,0.343345532339655,0.538675425848061,0.230237319995972,0.476632873633576,0
"75",75,0,0.652785208001316,0.14663646618683,0.160686250796329,0.0714285714285714,0.201206093753146,0.721343276946502,0.434788657929154,0.151243048245269,0
"76",76,0,0.723943548061426,0.205001911540621,0.148480066694245,0.0681818181818182,0.179634213073235,0.660049992670085,0.397542234887034,0.436150973610257,0
"77",77,0,0.488612529511066,0.542221846798932,0.073915931177809,0.0232558139534884,0.12181290939059,0.605848946887971,0.384673178061608,0.134930295408731,0
"78",78,0,0.763588283787671,0.331150524506766,0.160127879896553,0.1,0.218209909582721,0.464353855461817,0.54770848985725,0.518111717970566,0
"79",79,0.0670637182367543,0.694806706839516,0.231312337239369,0.170339689387773,0.0697674418604651,0.228956283060778,0.68899050159667,0.324951171875,0.216917891347916,0
"80",80,0,0.518763633719501,0.407274914620275,0.129009579489704,0.0465116279069767,0.342265289561577,0.550734753208243,0.447180948503969,0.596474857755297,0
"81",81,0,0.69521083758188,0.121048017819211,0.14960517204755,0.0454545454545455,0.327320115781914,0.623433790175206,0.181962962962963,0.484633818643026,0
"82",82,0,0.712636554137568,0.0688796775566454,0.176711376373561,0.0909090909090909,0.0923286615701435,0.70535366799465,0.447180948503969,0.0810121867398146,0
"83",83,0,0.594046267192985,0.452442886693138,0.120051102218151,0.0909090909090909,0.196411539583782,0.682351530963927,0.338564710465537,0.349731950381185,0
"84",84,0,0.675998755061807,0.489667704000683,0.122768378282159,0.142857142857143,0.17611519738959,0.686404408349316,0.357423382900876,0.648680593946123,0
"85",85,0,0.777208933575614,0.283317817008453,0.156048640947273,0.0454545454545455,0.130567903546812,0.736184272510813,0.459078717201166,0.330452002486566,0
"86",86,0,0.64369318878829,0.0517010933445566,0.138320023623444,0.0454545454545455,0.322910861352256,0.649188214488581,0.338564710465537,0.658275921853677,0
"87",87,0,0.490722415845192,0.321793005170845,0.121624124910918,0.121951219512195,0.221892521234338,0.650707067335412,0.421875,0.6590772892748,0
"88",88,0,0.608664945439195,0.757674234346423,0.0911962711724258,0.05,0.133854672082913,0.552433678162255,0.39437037037037,0.362863834901602,0
"89",89,0,0.547027114735573,0.0444444444444444,0.119918394036404,0.0681818181818182,0.300345613067466,0.626559894816619,0.338564710465537,0.468442411231624,0
"90",90,0,0.637971024199652,0.0978967970599861,0.125498189611449,0.113636363636364,0.24611077524064,0.631796560621064,0.282623291015625,0.509012453395437,0
"91",91,0,0.620475256435995,0.118129666505081,0.14791935077566,0.0238095238095238,0.220666122741357,0.678253166975378,0.500788723794016,0.335089495770292,0
"92",92,0,0.641384520900924,0.345688739168402,0.157991223366125,0.186046511627907,0.187935911484804,0.683945795395539,0.568839650145773,0.380138527983259,0
"93",93,0,0.71476122462668,0.229142294924101,0.135705179841916,0.0975609756097561,0.332113230331438,0.677569923709029,0.357423382900876,0.593584063847601,0
"94",94,0.0671996448038035,0.877173853845906,0.259109051947305,0.134678280579914,0.255813953488372,0.141409987283131,0.712230216405511,0.578703703703704,0.473603845716296,0
"95",95,0.0737870262154098,0.688872567598831,0.288844076275023,0.133993022433431,0.0952380952380952,0.253526095628975,0.618228855949442,0.421875,0.416196657868422,1
"96",96,0,0.63888106106963,0.159723601346894,0.125339491786698,0,0.2924017576761,0.63954916177612,0.310865697693934,0.429301767381151,0
"97",97,0,0.55008154565931,0.318996150597849,0.13979429565453,0.0697674418604651,0.266229897404788,0.66506045836398,0.324951171875,0.650384819398402,0
"98",98,0.0656317305652261,0.636614804067232,0.158874206365715,0.123011323859377,0.0232558139534884,0.229594276818786,0.663780634474464,0.384673178061608,0.448059605851338,0
"99",99,0,0.679631173697063,0.103382895969973,0.163352048207352,0.0909090909090909,0.243942068731873,0.570022386876628,0.282623291015625,0.327650883127972,0
"100",100,0,0.793474668169557,0.0823832033393135,0.160053283263802,0.0697674418604651,0.188687540159232,0.59682068396249,0.447180948503969,0.29777146432673,0
"101",101,0.0761229261346427,0.703092768276282,0.357492661913265,0.146156228132047,0.0465116279069767,0.158397608088592,0.671534976914899,0.447180948503969,0.550808872852419,0
"102",102,0,0.678257180522124,0.0949225899504458,0.147767895752727,0.0476190476190476,0.291371367916966,0.651304962422596,0.371307373046875,0.493372292994195,0
"103",103,0,0.685960481960718,0.105204677800794,0.142344524838119,0.0454545454545455,0.241524388182503,0.646871478536961,0.324951171875,0.50562454914214,0
"104",104,0,0.807053954249748,0.083699279439688,0.156827926824952,0.0930232558139535,0.174694513701229,0.731378665165625,0.500788723794016,0.475027197293562,1
"105",105,0.0658795580429039,0.714707179438535,0.155588525240161,0.132589368176535,0.0697674418604651,0.338926288018926,0.591121874082165,0.324951171875,0.499592949693013,0
"106",106,0.0605441851525458,0.423102659568321,0.107937923299548,0.119727368319471,0.0714285714285714,0.277329412077084,0.608968424101818,0.476837158203125,0.608676503819877,0
"107",107,0.646885926305524,0.647066517418546,0.569665165174205,0.0874528195644689,0.027027027027027,0.105056225403958,0.605914909425867,0.498872442494567,0.185529287556889,0
"108",108,0,0.655698748733434,0.68971097734117,0.0906050766285484,0.0714285714285714,0.157622608546145,0.547622464712228,0.371307373046875,0.466335088534398,0
"109",109,0.105328093842495,0.787905012233541,0.0709836627605274,0.11699050124172,0.0975609756097561,0.283371331891084,0.685287932246845,0.421875,0.448618661425976,0
"110",110,0.331997148868535,0.823322158305293,0.45429653113738,0.142686691277352,0.075,0.0962911806074002,0.615222062064658,0.408411936490887,0.332420008070052,0
"111",111,0,0.678887430321905,0.283970572800518,0.1546553359162,0.0232558139534884,0.176101077019395,0.69954609830537,0.324951171875,0.346882957937727,0
"112",112,0,0.78621914034085,0.126105249154435,0.16025213045251,0,0.265036914717816,0.571253134282028,0.181962962962963,0.440201225276767,0
"113",113,0,0.640440683376348,0.12386626713204,0.141994525476798,0.0909090909090909,0.218174327326638,0.682152145303294,0.459078717201166,0.572068694388194,0
"114",114,0.118934976634831,0.671955617372614,0.198018781647245,0.115930891204576,0.119047619047619,0.273357164117413,0.602057190077167,0.500788723794016,0.612329531792203,0
"115",115,0.0676580403041052,0.665260176968688,0.16700976387053,0.14598931112805,0.0952380952380952,0.265419862514423,0.542284223957981,0.371307373046875,0.681701839027388,0
"116",116,0,0.807917782536271,0.0515597070423019,0.16977203514674,0.0238095238095238,0.240485968035152,0.638749134129168,0.296296296296296,0.510165965064644,0
"117",117,0,0.583690318730398,0.130020412427368,0.138948142433447,0.116279069767442,0.18561607858968,0.723997343996385,0.447180948503969,0.585038334180244,0
"118",118,0,0.692490438557417,0.0706344868593594,0.154706806201648,0.116279069767442,0.158312709146079,0.703491076182744,0.384673178061608,0.39718529393012,0
"119",119,0,0.720017381768662,0.0485676834358424,0.134334236395544,0.0232558139534884,0.238408010239859,0.63493610006887,0.371307373046875,0.37894489365023,0
"120",120,0.184822347683433,0.727406590583619,0.206848416406651,0.11710953230575,0.0731707317073171,0.281093929015574,0.580654011023922,0.464032761572287,9.61252963360523e-05,0
"121",121,0.111600743917481,0.629501377406404,0.172597642171812,0.117499785378525,0.024390243902439,0.271934306773548,0.69549832764929,0.357423382900876,0.682042400224092,1
"122",122,0,0.554150188811521,0.142596069969282,0.129486966613482,0.0454545454545455,0.287002397856121,0.647081500341402,0.384673178061608,0.445446720077374,0
"123",123,0.116581272566731,0.530338252888995,0.580637437653915,0.110209941554167,0.119047619047619,0.21437752215753,0.588119402054019,0.310865697693934,0.56647096699002,0
"124",124,0,0.607437748902589,0.248056159873818,0.127554997070194,0.0465116279069767,0.268067511365143,0.562644915749137,0.324951171875,0.548045781128774,0
"125",125,0,0.670555911364768,0.139046389504487,0.149684975665626,0.0454545454545455,0.248341605859105,0.697895666297281,0.397542234887034,0.409166892948353,0
"126",126,0.115138948863797,0.71203086702642,0.19153053822912,0.115930891204576,0.0714285714285714,0.276948251456303,0.666610319081502,0.620522084266232,0.569221740889329,0
"127",127,0.0490207764476049,0.634573615287842,0.255595461891042,0.132420380737819,0.0238095238095238,0.320628673837795,0.636980474573266,0.371307373046875,0.448998321026122,0
"128",128,0,0.649969515000463,0.126647272790149,0.133038951952665,0.0952380952380952,0.204750441472198,0.631635619436625,0.310865697693934,0.597246180241448,0
"129",129,0,0.539150867628603,0.563541133153443,0.067733316802038,0.102564102564103,0.0975225406707508,0.508362183830597,0.328016728853172,0.0945182060423711,0
"130",130,0,0.571919676541198,0.136392631199477,0.124698690606091,0.0454545454545455,0.277679275187508,0.607405246661209,0.338564710465537,0.543647144756193,0
"131",131,0,0.447340188311587,0.233207178699167,0.112161186764278,0.0681818181818182,0.326161007347131,0.602876257858767,0.26853747776174,0.700597961018659,0
"132",132,0,0.739639469438995,0.0921979786718323,0.134748461112934,0.0465116279069767,0.199057061555865,0.628459802537115,0.310865697693934,0.560820043563466,0
"133",133,0,0.724325461204574,0.0632131262737369,0.136374538185553,0.0454545454545455,0.203576678566176,0.665888385068361,0.282623291015625,0.524867587425694,0
"134",134,0,0.435338287285031,0.0444444444444444,0.119043825575507,0.0232558139534884,0.352705290350775,0.587060686421409,0.512,0.650549261886855,0
"135",135,0,0.543153729015714,0.0752328579836309,0.138639822517694,0,0.202513820386586,0.676095261663672,0.384673178061608,0.247065797244938,0
"136",136,0.0583615277678539,0.560020748193574,0.330589294021591,0.121300487041065,0.0476190476190476,0.496525250014281,0.525173588508359,0.296296296296296,0.685751044160824,0
"137",137,0.0622972623625403,0.638044882098792,0.120546392571627,0.124726619985046,0.119047619047619,0.258856669962797,0.546627336958917,0.357423382900876,0.357665054640126,0
"138",138,0.0695958609918429,0.736772037384707,0.0716207413462431,0.153512141170924,0.0238095238095238,0.175691382136271,0.67229688740229,0.568839650145773,0.248567115431618,0
"139",139,0.14451017049994,0.72780712809532,0.438864918103706,0.132694407303154,0.0465116279069767,0.174039464063834,0.645092205855373,0.384673178061608,0.459870798475178,0
"140",140,0,0.343809613825244,0.113672305574762,0.104227817461173,0.116279069767442,0.366109149791051,0.583647365502405,0.324951171875,0.624559040604969,0
"141",141,0,0.73789527542217,0.205148272399764,0.137717947499791,0.0952380952380952,0.2280235074198,0.678851520609098,0.254037037037037,0.614907397138026,0
"142",142,0.103780376175093,0.541783872642203,0.0870454560543794,0.123592444823659,0,0.417584660628719,0.607672640195342,0.421875,0.423431290998162,0
"143",143,0,0.665093442384258,0.0444444444444444,0.129379323489801,0.159090909090909,0.25625121753278,0.65078458881234,0.588138905889088,0.577367828185946,0
"144",144,0,0.753291558939484,0.217669765210504,0.16282421402464,0.0238095238095238,0.220924916275571,0.684440893691574,0.371307373046875,0.589722552969874,0
"145",145,0,0.721975249350524,0.097873875197167,0.140868683922839,0.0487804878048781,0.304492642239178,0.610826010484532,0.296296296296296,0.693851354929567,0
"146",146,0,0.66255745676467,0.148162099051209,0.126823411516726,0.0697674418604651,0.146461727226392,0.690143764687051,0.26853747776174,0.493509688468829,0
"147",147,0,0.673577641468852,0.0786587666531293,0.143874407348313,0.0476190476190476,0.179008475726683,0.662079373757555,0.357423382900876,0.343627479846841,0
"148",148,0,0.547870538980417,0.0684121249103786,0.1358627571666,0.0697674418604651,0.279326716339873,0.611254966103975,0.447180948503969,0.464331673236882,0
"149",149,0,0.603288883582476,0.068333343776238,0.132604378860176,0.0227272727272727,0.281190228313899,0.646403088027385,0.338564710465537,0.386606598638176,1
"150",150,0,0.547527265981009,0.138595098102011,0.146791493590819,0.0714285714285714,0.184579166143903,0.675782069277722,0.254037037037037,0.545458587612904,0
"151",151,0,0.56681423173725,0.394495769686977,0.076717164067501,0.121951219512195,0.129202480785995,0.522959646364587,0.408411936490887,0.306105837328391,0
"152",152,0.0514315307044214,0.614482789915713,0.194573459578297,0.0985545749037454,0.13953488372093,0.124676553815036,0.707142803804616,0.384673178061608,0.450679201315635,0
"153",153,0.128741874689575,0.753350222995591,0.3508546042481,0.147767895752727,0.05,0.176070711175839,0.572586608191732,0.343,0.485632201907346,0
"154",154,0,0.712555737289822,0.137484020748937,0.148644186780619,0.0232558139534884,0.33231060424323,0.613937518424215,0.324951171875,0.483275172796704,0
"155",155,0,0.567833898971058,0.225170549588578,0.124730609385805,0.13953488372093,0.27525449349277,0.647982448996208,0.310865697693934,0.709862270442086,0
"156",156,0.409367849647868,0.770928392911648,0.748786381293004,0.13348702154095,0.131578947368421,0.108380974502115,0.565712194887726,0.364431486880467,0.526856369871599,0
"157",157,0,0.500568345802462,0.0514399896914401,0.12563292514701,0.0930232558139535,0.296628586932261,0.660467507534713,0.384673178061608,0.546278486757534,0
"158",158,0.312386220234293,0.481370157982685,0.19112591741164,0.0907861278568925,0.105263157894737,0.248476934541164,0.592324583475474,0.379720365738653,0.564659098372599,0
"159",159,0.0693645177399504,0.690645900178464,0.0502842640372726,0.139676784030716,0.121951219512195,0.231188817223432,0.674630279201473,0.357423382900876,0.342677912636587,0
"160",160,0,0.591145390302408,0.189183418442534,0.125656687009306,0.159090909090909,0.185277821752629,0.705771726805856,0.522740912208505,0.421908913058596,0
"161",161,0.240581105179254,0.529796727842826,0.142937967934089,0.0887910719701952,0.170731707317073,0.199378885800939,0.600994072199939,0.421875,0.301667097074267,0
"162",162,0,0.759318375760106,0.158995346257031,0.165193716734234,0.0731707317073171,0.21901940742959,0.629414586358539,0.408411936490887,0.357138594320709,0
"163",163,0,0.612769842514335,0.604871772624085,0.069186987049754,0.0487804878048781,0.0976598395956424,0.536510432478914,0.296296296296296,0.0011771424815689,0
"164",164,0,0.690307617562114,0.0444444444444444,0.145750526666069,0.119047619047619,0.152140399773192,0.715459412772671,0.371307373046875,0.440923289385782,0
"165",165,0,0.710584328332365,0.0508376462472394,0.165647930751772,0.0227272727272727,0.250556493590848,0.575703669867681,0.384673178061608,0.460447650403545,0
"166",166,0,0.693514415482474,0.0526426619813461,0.148050486468083,0,0.260409150124542,0.632529280391456,0.357423382900876,0.499682332792841,0
"167",167,0,0.651623765100201,0.136015094919729,0.131288239293253,0.0909090909090909,0.193112502811361,0.672175467855285,0.397542234887034,0.484383042155836,0
"168",168,0,0.663460407225977,0.232411395390484,0.143406747169429,0.113636363636364,0.336826009413078,0.584569964445748,0.459078717201166,0.601071840174559,0
"169",169,0,0.606657698596095,0.090453658735626,0.139334368519023,0.0454545454545455,0.231116604876039,0.705055923356744,0.522740912208505,0.503222552845254,0
"170",170,0,0.588728596241508,0.263992254036117,0.118729918483696,0.0909090909090909,0.348699178914627,0.582639096446575,0.230237319995972,0.618779530596775,0
"171",171,0.186976053901911,0.679983986475108,0.429137827070058,0.134678280579914,0.05,0.219550090457453,0.666462108743499,0.223806486880466,0.488484933281011,0
"172",172,0.14950118728164,0.739197395569975,0.201133603064866,0.166525752141672,0.0714285714285714,0.228364339789794,0.606200755112998,0.500788723794016,0.361373886261747,0
"173",173,0,0.76392928708006,0.115130204718619,0.141678786795953,0.0697674418604651,0.246767222888272,0.671529077606305,0.384673178061608,0.513438764133243,0
"174",174,0,0.619867439488895,0.147361602111218,0.134881334614049,0.024390243902439,0.273118791810777,0.632959841057026,0.281233342900488,0.508783387245489,0
"175",175,0,0.717816398816479,0.149215715562342,0.149442107336696,0.0476190476190476,0.257952452013224,0.682646272355984,0.434788657929154,0.626606355156907,0
"176",176,0,0.585781365889868,0.0656223502539716,0.1204111632143,0.0232558139534884,0.407038164104204,0.556743181523813,0.26853747776174,0.563357346993142,0
"177",177,0,0.389622714665376,0.0515883534264185,0.114969758248365,0.0476190476190476,0.489501657095414,0.526339802208828,0.500788723794016,0.641896666481156,0
"178",178,0.126072992074402,0.822295187868328,0.456754206147364,0.161307480768433,0.05,0.117656652082692,0.585805250939546,0.476837158203125,0.35502242232333,0
"179",179,0,0.670292599133255,0.102914261688847,0.152500737688033,0.0714285714285714,0.13976528043877,0.604162293617239,0.48907810891282,0.318535639751607,1
"180",180,0,0.423026776135003,0.172875631080035,0.136465725685335,0.0681818181818182,0.308697300646541,0.651647884941978,0.384673178061608,0.345153988517919,0
"181",181,0,0.664630307937622,0.220419673931733,0.11633793060389,0.0232558139534884,0.236107989371649,0.63556853068638,0.384673178061608,0.444941185526964,0
"182",182,0,0.49272582994437,0.129048379567456,0.129771022198361,0.116279069767442,0.318559285191476,0.653489523332572,0.324951171875,0.619086699937692,0
"183",183,0,0.702754465108182,0.694869316351261,0.104404309166542,0.0769230769230769,0.139224700913422,0.538366628762773,0.328016728853172,0.0999519624559987,0
"184",184,0.0682968759511344,0.611919735490964,0.0536678903068992,0.129859183172349,0.13953488372093,0.304515315394624,0.590727204140621,0.384673178061608,0.674528125094361,0
"185",185,0,0.645468271664626,0.210211085622841,0.141334180266786,0.0238095238095238,0.352176553903912,0.578055647129236,0.357423382900876,0.678591066800131,0
"186",186,0,0.661478014502484,0.259263457582214,0.140748534006255,0.0232558139534884,0.247441038077005,0.67727060709626,0.371307373046875,0.424735176766687,0
"187",187,0.0639243052827703,0.772643564465773,0.128176547978427,0.143187983041633,0.0465116279069767,0.31210574174809,0.616408355397913,0.447180948503969,0.354175300076511,0
"188",188,0.36259699613104,0.699198359482315,0.339622022029649,0.137283687597415,0.0789473684210526,0.172478071842022,0.525393586081119,0.296296296296296,0.417594393470456,0
"189",189,0,0.813763666541138,0.0899653680294465,0.161060512115948,0.0465116279069767,0.206601166924972,0.680361319519459,0.254037037037037,0.335654195263718,0
"190",190,0.0797825683341552,0.705746872776954,0.113676044107753,0.137898485512205,0.195121951219512,0.25148841201245,0.563662068285576,0.476837158203125,0.435049104931136,0
"191",191,0,0.682136409459411,0.0728689587971319,0.115969514094127,0.0697674418604651,0.26857602646327,0.664355782215408,0.324951171875,0.685288874139919,0
"192",192,0.169414656948864,0.690355414057813,0.455924025806667,0.137309057146152,0.0714285714285714,0.204935086270559,0.628996859164111,0.434788657929154,0.572913238242383,0
"193",193,0,0.693290625770145,0.217825343910456,0.141678786795953,0.0227272727272727,0.23726096538388,0.633213651364366,0.384673178061608,0.252252327315482,0
"194",194,0.109183261398931,0.739338516002749,0.130841187964679,0.144550687727197,0.225,0.200685849505196,0.538737798374024,0.408411936490887,0.604087010417426,1
"195",195,0.0661945973977472,0.494089867864047,0.137695274021242,0.12530375707698,0.119047619047619,0.47301505971146,0.533216750347878,0.421875,0.673785168196257,0
"196",196,0.187440324536168,0.673931098029656,0.0877746522569153,0.133889002105339,0.075,0.171748509759816,0.662077296113849,0.476837158203125,0.284262142842498,0
"197",197,0,0.605353419045526,0.140840476232119,0.155908274981308,0.0465116279069767,0.223700898707854,0.578785164621886,0.512,0.197090178407349,0
"198",198,0,0.684659718426911,0.106637116428466,0.148141204715834,0.125,0.181606568473827,0.644270746698519,0.464032761572287,0.324814699353772,0
"199",199,0,0.734367012607016,0.107983866581632,0.143309559896171,0.0476190476190476,0.198900481372671,0.660297218087313,0.434788657929154,0.647296590018564,0
"200",200,0,0.666776629731633,0.138902684772845,0.14567881500539,0.0930232558139535,0.182290098359429,0.621118639098778,0.512,0.382236871269368,0
"201",201,0,0.733101784707543,0.20500040385345,0.147697163592016,0.0681818181818182,0.161822542714684,0.679923073618236,0.282623291015625,0.320574142359361,0
"202",202,0.0663916619330065,0.482530680928148,0.0468854908537034,0.129244643512122,0.0731707317073171,0.308740538933928,0.613307279354937,0.39437037037037,0.324810647061667,0
"203",203,0.153836159713992,0.713035496906962,0.0665571919496806,0.113834538094572,0.119047619047619,0.205421122395697,0.659850049844355,0.434788657929154,0.58812737654385,0
"204",204,0,0.675178033626634,0.0947235611176813,0.151751697395562,0.113636363636364,0.440165594442799,0.561959476341409,0.338564710465537,0.55989014224814,0
"205",205,0,0.553602296298092,0.104368336781656,0.145148418827285,0,0.215232646640548,0.673072386199526,0.324951171875,0.34003882462498,0
"206",206,0,0.695673208731709,0.257379829849394,0.131780028109475,0.0465116279069767,0.255659865059772,0.674973364398389,0.384673178061608,0.597023279201902,0
"207",207,0,0.519252175163923,0.0668236721965985,0.125299785924585,0,0.326530586431792,0.658911667097899,0.384673178061608,0.561902264146895,0
"208",208,0.0682585879114089,0.759682005853515,0.0454545454545455,0.151456300710886,0,0.233930868919918,0.664865065356554,0.254037037037037,0.587999620571335,0
"209",209,0,0.627840699147248,0.260978924522959,0.141955972864547,0.0952380952380952,0.207362096492796,0.657015874641682,0.371307373046875,0.308805967416502,0
"210",210,0.0971622759306813,0.761512931337389,0.200692379136078,0.11794360505898,0.0476190476190476,0.20107421435692,0.663076264422511,0.638524519890261,0.327994813233789,0
"211",211,0.0994968079319037,0.616741083441774,0.176547600350307,0.165205764995992,0.0512820512820513,0.298346568764303,0.558213311543371,0.39437037037037,0.220384457072557,0
"212",212,0,0.566733636044046,0.180157550770109,0.127324629867249,0.0714285714285714,0.236987123653726,0.649470412383478,0.310865697693934,0.508191529709463,0
"213",213,0,0.637494112673617,0.163825737501865,0.121893847101125,0.0681818181818182,0.325349319033007,0.586440252645696,0.384673178061608,0.46585950143501,0
"214",214,0,0.621534257074106,0.275175168407055,0.123059855419863,0.0232558139534884,0.343580293527999,0.587298257348899,0.447180948503969,0.627075181002086,1
"215",215,0,0.7022873359621,0.305029074718254,0.123668916587115,0.0465116279069767,0.278250807637332,0.572923264125545,0.384673178061608,0.631871564228308,0
"216",216,0,0.636346785262883,0.193936641124973,0.136848049665073,0.0476190476190476,0.249881679984956,0.630669101015845,0.371307373046875,0.40001449912369,0
"217",217,0,0.694480428298532,0.667342460696331,0.0941441254882262,0.102564102564103,0.10783361110049,0.591486964985991,0.39437037037037,0.331914577508031,0
"218",218,0,0.81323907459385,0.245539622465323,0.163120377648442,0.0487804878048781,0.146833092791179,0.596719556038644,0.186588921282799,0.285838441364828,0
"219",219,0,0.628007323194792,0.244056431765953,0.124475029972716,0,0.250754855042366,0.585239026701222,0.338564710465537,0.552323643407017,0
"220",220,0,0.688253765549585,0.0570377347180093,0.131155519543096,0,0.203212760623705,0.687757659651221,0.384673178061608,0.73061982414192,0
"221",221,0,0.587384269586504,0.108125586059487,0.133472110122054,0.0681818181818182,0.284131485372172,0.723966855911718,0.282623291015625,0.419641545895972,0
"222",222,0.133325499068628,0.606016434999712,0.129976351790936,0.133859267164746,0.024390243902439,0.395159878678841,0.583865660513807,0.421875,0.403488373036549,0
"223",223,0.125407468000386,0.651590617512573,0.511353516492104,0.11760137754568,0.121951219512195,0.400578599790845,0.468291769894039,0.421875,0.460449825272047,0
"224",224,0,0.548339260477492,0.0654167224683943,0.118583144135421,0.0930232558139535,0.307062710280471,0.696501789681899,0.384673178061608,0.55984918567918,0
"225",225,0,0.663853832563031,0.130158327447198,0.125116976662573,0.0465116279069767,0.288523459283238,0.636096226099753,0.384673178061608,0.625623731748593,0
"226",226,0,0.651487498570153,0.0799969025023669,0.126894014974002,0,0.28115658931212,0.673886723488342,0.338564710465537,0.459552334546075,0
"227",227,0,0.506439644067082,0.115480219380995,0.107651881988768,0.0930232558139535,0.231040625242181,0.630964103002407,0.434788657929154,0.536220756933756,0
"228",228,0,0.502464470093422,0.114530496243789,0.133337832311278,0.0454545454545455,0.201994279302123,0.696101950877646,0.282623291015625,0.333603003474386,0
"229",229,0,0.734065802296897,0.0911959267510769,0.151423443285461,0.0232558139534884,0.293070861787091,0.673744812170428,0.384673178061608,0.412644490916496,0
"230",230,0,0.470236837927087,0.0444444444444444,0.13972664951685,0.159090909090909,0.305859509036008,0.639967857571844,0.384673178061608,0.480693037177079,0
"231",231,0,0.672334257138565,0.238253299039494,0.131987540987166,0.0697674418604651,0.20884668025924,0.679355594724736,0.512,0.203385117554621,0
"232",232,0,0.455393172085307,0.146043136200886,0.136669764904275,0.13953488372093,0.202380762826051,0.650193540749079,0.26853747776174,0.3568148591099,0
"233",233,0,0.52419814066528,0.096100638320549,0.12805335192672,0.0454545454545455,0.238154667150692,0.647245527746775,0.397542234887034,0.48945228488321,0
"234",234,0,0.470270407860744,0.0487440916521149,0.0866238641776203,0.113636363636364,0.457806795065176,0.551688861312581,0.459078717201166,0.924029757287538,0
"235",235,0.0646784882601623,0.609031154003888,0.0576990083732194,0.129859183172349,0.146341463414634,0.172082899812944,0.667583469047806,0.48907810891282,0.65492292666412,0
"236",236,0,0.672177994450409,0.111275508547185,0.12417084616504,0.0909090909090909,0.322513389832317,0.601764334103027,0.338564710465537,0.61230859000835,0
"237",237,0.0876675973351254,0.518138063217178,0.154600569419357,0.104151404094991,0.0697674418604651,0.396592860285762,0.465089033340746,0.384673178061608,0.266386529282647,1
"238",238,0,0.66751416069182,0.0880593695837385,0.132814350297918,0.119047619047619,0.245119954720559,0.53089428283689,0.48907810891282,0.533961776524043,0
"239",239,0,0.59124237864719,0.0444444444444444,0.127168211343985,0.0454545454545455,0.303000632770533,0.650632061382813,0.324951171875,0.433588062923499,0
"240",240,0.0537366631648701,0.47216966983562,0.344744083946436,0.102708127803654,0.13953488372093,0.241879780706232,0.668231929947324,0.447180948503969,0.551335310316033,0
"241",241,0,0.58989117883095,0.303971121417956,0.130486082672613,0.0465116279069767,0.332420731370112,0.534252328200189,0.512,0.598657200712132,0
"242",242,0.0814582439603099,0.582665438101043,0.324750334026251,0.125905915811531,0.0731707317073171,0.362497041668012,0.548249116995869,0.296296296296296,0.599664926311004,0
"243",243,0,0.646792906491986,0.640455756993048,0.0723922887690596,0.125,0.110119368006194,0.556187605151768,0.476837158203125,0.466921782405461,0
"244",244,0.280880637756557,0.784608454344444,0.258098352295632,0.123898048680582,0.125,0.172448838488254,0.67100326919167,0.26567055393586,0.442055733250252,0
"245",245,0,0.662818242652482,0.0803991546443564,0.120510301067016,0.159090909090909,0.199670122766183,0.633999797681725,0.459078717201166,0.384197593380327,0
"246",246,0,0.620413095246702,0.135912117915069,0.142937556917714,0.0952380952380952,0.32262863823929,0.63090438971998,0.500788723794016,0.673079402409672,0
"247",247,0.0513411307582811,0.599541118831478,0.151730896703541,0.114266466491063,0.0232558139534884,0.407719826896607,0.601752834987641,0.371307373046875,0.568852596790461,0
"248",248,0,0.531676003120386,0.0562126355953728,0.126980254776655,0.0465116279069767,0.340579449903443,0.634874865011032,0.434788657929154,0.541697774587145,1
"249",249,0,0.81722002102034,0.607874359593591,0.153317534532996,0.0731707317073171,0.211313668060477,0.64372289952123,0.421875,0.574771691889828,0
"250",250,0,0.721380675476903,0.0597839670748524,0.129340857806332,0.0238095238095238,0.303587970629615,0.556735165806192,0.310865697693934,0.582485602088572,0
"251",251,0,0.673499975535074,0.120467819633015,0.16394800360515,0.0238095238095238,0.171058132147195,0.670256577868827,0.48907810891282,0.387807766501064,0
"252",252,0,0.666730898616603,0.268973436663754,0.140391011656876,0.159090909090909,0.225536815803064,0.594693393539136,0.397542234887034,0.408151745978515,0
"253",253,0,0.577735928587385,0.173739811276897,0.13530859496365,0.0487804878048781,0.192564439422249,0.679084130552932,0.421875,0.578937794985744,0
"254",254,0,0.706167581647372,0.203161122665757,0.153803589438899,0.0238095238095238,0.184615979690781,0.652894135701469,0.254037037037037,0.457948243397543,0
"255",255,0.106923753836095,0.814417019785119,0.0852187537641881,0.138104010961249,0.170731707317073,0.223788676796598,0.61358749452961,0.54770848985725,0.505503625322332,0
"256",256,0,0.72965641736488,0.06901199532225,0.165807061851805,0.0465116279069767,0.244761138642409,0.593759340446357,0.254037037037037,0.471260060918711,0
"257",257,0.0530309162166511,0.763186193145195,0.207790414768693,0.143493465897297,0,0.115810361906224,0.675033099957161,0.512,0.452782460361635,0
"258",258,0,0.595513969145633,0.292561859157977,0.131742263377904,0.0238095238095238,0.253859848254142,0.642724010956001,0.371307373046875,0.464624575084525,0
"259",259,0,0.628261987897133,0.063360343979665,0.13878331233308,0.116279069767442,0.327437824932603,0.562300578505548,0.384673178061608,0.54996510517724,0
"260",260,0.0632716456513958,0.713011385997429,0.227066380517761,0.149455425410632,0,0.220173825471285,0.621836080899297,0.343,0.227004453277826,0
"261",261,0.0683966943399677,0.520503258907342,0.118819234824969,0.140291735244663,0.024390243902439,0.247950679484509,0.686724212816976,0.223806486880466,0.530842421777737,0
"262",262,0,0.59491102883021,0.185515422746266,0.0954771874240397,0.0454545454545455,0.538376505267038,0.616867113239801,0.338564710465537,0.938239388575161,0
"263",263,0.137076249922304,0.482070107225577,0.16076823134977,0.11500005045959,0.024390243902439,0.347036531798982,0.512391043722996,0.476837158203125,0.449246506842144,0
"264",264,0,0.539900664545732,0.0901393024266397,0.136673405693463,0.0232558139534884,0.290219768702188,0.64360105568302,0.254037037037037,0.52109101787182,0
"265",265,0.0647631700427825,0.502135980572388,0.0491451489950258,0.113022974939117,0.0476190476190476,0.322952649404652,0.59983070535907,0.371307373046875,0.67634357596153,0
"266",266,0,0.526801245056677,0.156215616400706,0.115324110532944,0.0909090909090909,0.244125151985829,0.677258577160217,0.384673178061608,0.488643583768512,0
"267",267,0,0.753384674552023,0.296274246717154,0.128692915273464,0.113636363636364,0.198988652404109,0.67271743160496,0.324951171875,0.453008649027988,0
"268",268,0.167914266501934,0.457420883229451,0.108163778645728,0.106742079158814,0.025,0.399893963583372,0.563476804051098,0.476837158203125,0.54897471229013,1
"269",269,0,0.666313598688198,0.444581608051933,0.130912484032554,0.0238095238095238,0.200653709826261,0.68179724747102,0.239124195333962,0.504876578976948,0
"270",270,0,0.608167956431324,0.0444444444444444,0.124702680900346,0.0454545454545455,0.325470054855796,0.662712230092365,0.397542234887034,0.575604011736518,0
"271",271,0.0477162881222265,0.614645084945371,0.0711178300181432,0.141829727409161,0.0952380952380952,0.28197308515176,0.645617322310387,0.434788657929154,0.535318126194342,0
"272",272,0,0.62258689751058,0.0734932603220473,0.124997609190657,0.0930232558139535,0.237536638587161,0.677826028357614,0.26853747776174,0.347958093339162,0
"273",273,0,0.553731832219201,0.265624092282068,0.11760137754568,0,0.246573149103251,0.65893745217485,0.26853747776174,0.525451285124525,0
"274",274,0.0623512596567126,0.664584264771418,0.476853975012833,0.110124124082924,0.0476190476190476,0.177017855005464,0.656464261547005,0.434788657929154,0.544592226724531,0
"275",275,0,0.762933230223282,0.207184877729001,0.122232198313291,0.162790697674419,0.308298665188602,0.550874715834869,0.512,0.500468197838369,0
"276",276,0,0.69981027072572,0.231433868872385,0.127554997070194,0.0681818181818182,0.192589920307253,0.602632803531928,0.230237319995972,0.321976784669364,0
"277",277,0.292063035285269,0.632395660668096,0.281231062806592,0.103504420286509,0.146341463414634,0.307070618435726,0.586708123788181,0.558518216975371,0.795745434907329,0
"278",278,0,0.545460073847303,0.26321519112918,0.104232591436554,0.0476190476190476,0.244241159206624,0.567822161802205,0.371307373046875,0.557136054433697,0
"279",279,0,0.479248974502655,0.0858132922865918,0.107896582398648,0,0.311146417343269,0.585940876359964,0.181962962962963,0.773505572477866,0
"280",280,0.0770878475794992,0.703002690217077,0.345947386939777,0.12599678126096,0.0930232558139535,0.282896966121432,0.594420094033564,0.447180948503969,0.373987576558603,0
"281",281,0.116859621111088,0.662542517914954,0.0753060572973254,0.139377216462792,0.0465116279069767,0.269743176364131,0.58412082594853,0.26853747776174,0.530129463546072,0
"282",282,0,0.61985081171842,0.0689451935335061,0.133691884896499,0.113636363636364,0.261351058006922,0.686857550586748,0.338564710465537,0.413483594493331,0
"283",283,0.0586969655212881,0.67064126621351,0.114822691244852,0.131957377576845,0.0731707317073171,0.223185007535456,0.732048735446539,0.357423382900876,0.396027837966406,0
"284",284,0,0.662317882012722,0.0444444444444444,0.123124534410162,0.0227272727272727,0.286305092650864,0.59961843745516,0.338564710465537,0.597920536602935,0
"285",285,0,0.627050390061121,0.0497850256156973,0.131912119529015,0.113636363636364,0.284298603668972,0.565291821761256,0.397542234887034,0.475228051052187,0
"286",286,0,0.671201484812503,0.0444444444444444,0.125625003527459,0.113636363636364,0.214990735792259,0.627206914238756,0.447180948503969,0.494315132583038,0
"287",287,0,0.63042668027988,0.190643911202258,0.138980368935494,0.0454545454545455,0.224503976710024,0.682772389345954,0.384673178061608,0.470213460934151,0
"288",288,0,0.680732797002785,0.336189688679673,0.136728005897663,0.0454545454545455,0.288791941569947,0.613898572156282,0.282623291015625,0.524964607094772,0
"289",289,0.057165560788789,0.529644081254901,0.090415054630253,0.116444809754225,0.0476190476190476,0.301847705410917,0.638804738550013,0.371307373046875,0.507772950453015,1
"290",290,0,0.596526240795965,0.339359487225162,0.139252206441452,0.113636363636364,0.279206449457058,0.652163626991235,0.397542234887034,0.558181533166183,0
"291",291,0,0.518987199975898,0.0690259946838182,0.0877538628628974,0.113636363636364,0.523689777715637,0.611029158698592,0.578703703703704,0.924603045432456,0
"292",292,0,0.530126817667529,0.104964368010167,0.109152888853078,0.0227272727272727,0.228678403176612,0.64939039320247,0.722786965390516,0.445377649460148,0
"293",293,0,0.655758196348985,0.0444444444444444,0.177783776415037,0.0909090909090909,0.263298713694253,0.474842076912461,0.397542234887034,0.196577035109422,0
"294",294,0.184281379845406,0.616362435224616,0.213290599403222,0.111019658133993,0,0.307821442815882,0.545647449962134,0.310865697693934,0.358368624365273,0
"295",295,0,0.709030822239999,0.431302741632711,0.146343357174461,0.0454545454545455,0.276770968047467,0.517561363492899,0.459078717201166,0.533213836838338,0
"296",296,0,0.645829558229717,0.0665214489766178,0.132288796822126,0.0731707317073171,0.192074796579782,0.721505935632099,0.702331961591221,0.34833365927602,0
"297",297,0,0.49990557503905,0.16938598589807,0.128146577700345,0.0697674418604651,0.296019182995112,0.618925666195605,0.324951171875,0.392669030704811,0
"298",298,0,0.578181205928256,0.142877482594296,0.137047888945576,0,0.246093637874595,0.61446210752953,0.26853747776174,0.449503853785429,0
"299",299,0,0.542441139856343,0.162942205744578,0.116483262241571,0.113636363636364,0.25597895865525,0.666357436154716,0.230237319995972,0.382296442932198,0
"300",300,0,0.610553521484625,0.0798109200216274,0.131477606533306,0.0697674418604651,0.247701884469456,0.647785058211562,0.384673178061608,0.652110016822476,0
"301",301,0.0617517971048032,0.807628373933324,0.263855870880099,0.137573346507061,0.142857142857143,0.326933647407569,0.578265150431894,0.357423382900876,0.640492968962734,0
"302",302,0.140058992819653,0.510424274029299,0.409340865452414,0.100062754695963,0.0714285714285714,0.280805486057402,0.56308340060606,0.48907810891282,0.461810965240062,0
"303",303,0,0.660000599559251,0.219251317150091,0.134567394691877,0.116279069767442,0.312746421034959,0.590263286925111,0.447180948503969,0.564456799861255,0
"304",304,0,0.521077168295832,0.0892433120768989,0.123415170395075,0.0454545454545455,0.241774232818811,0.659492772628522,0.397542234887034,0.420120282625391,0
"305",305,0.108902898657382,0.523511710120369,0.386161227089193,0.117041529377867,0.116279069767442,0.343839987738702,0.485260874586699,0.26853747776174,0.453115586524168,0
"306",306,0.0683716471028087,0.683199777205459,0.0454545454545455,0.133222095745442,0.0714285714285714,0.267939376039099,0.692125735122422,0.371307373046875,0.586058707038787,0
"307",307,0.0613792764226943,0.627414201868947,0.395054144666829,0.128982577529252,0.0232558139534884,0.298267884967531,0.562121325878283,0.254037037037037,0.406583181569884,0
"308",308,0.115565478167064,0.539513584959965,0.244467241304426,0.134877645451005,0.0476190476190476,0.220432023263257,0.636356338182042,0.357423382900876,0.372849309825818,0
"309",309,0,0.72039528634709,0.241515294417668,0.146943954994165,0.159090909090909,0.222179342135397,0.644951459904241,0.447180948503969,0.635138718250384,0
"310",310,0.0571701641479672,0.532056768098804,0.141402192771364,0.129105968961982,0.0476190476190476,0.286307312721068,0.533881942846204,0.371307373046875,0.601138147341583,0
"311",311,0,0.617620951954641,0.131969746831591,0.151833650038245,0.0909090909090909,0.303823841821023,0.571241979072328,0.338564710465537,0.405156439953378,1
"312",312,0,0.720233887939018,0.390820480931154,0.129859183172349,0.0697674418604651,0.206650907739191,0.586161589659509,0.578703703703704,0.273392794123239,0
"313",313,0.116181926707531,0.720580145080014,0.143447596938043,0.116918173258769,0.214285714285714,0.353487931787197,0.591277827696839,0.421875,0.501115928157237,0
"314",314,0.106362752368969,0.542980581841557,0.0569751390487231,0.11569458227671,0.0714285714285714,0.243478954668605,0.619580701737613,0.310865697693934,0.303987342434118,0
"315",315,0,0.658677315279823,0.263856930588264,0.0952528234196836,0.0909090909090909,0.63463901316615,0.580842521696616,0.282623291015625,0.94811851420937,0
"316",316,0,0.660818974980389,0.100776506879283,0.125621042530358,0,0.218331530969256,0.666855768170773,0.324951171875,0.469192977426917,0
"317",317,0,0.526230778432663,0.0821936028233881,0.128661979476076,0.0476190476190476,0.276423722667019,0.626942447062187,0.310865697693934,0.319088181490043,0
"318",318,0.0572555461389851,0.539429866362456,0.0890098894741526,0.112696713281452,0.0952380952380952,0.340173217176645,0.549269296184103,0.434788657929154,0.522040469544733,0
"319",319,0,0.513079362787868,0.0464188967313142,0.108521968440866,0.0909090909090909,0.334342322953734,0.672216394263948,0.324951171875,0.676849300401445,0
"320",320,0.0534245788317061,0.638054270923167,0.0454545454545455,0.125116976662573,0.0697674418604651,0.208432305633746,0.688737743862381,0.384673178061608,0.537582393224557,0
"321",321,0,0.513550942625497,0.0611629632727636,0.111890238805295,0.136363636363636,0.329831090375857,0.610742691664512,0.447180948503969,0.55899465093873,0
"322",322,0,0.747680346151752,0.0559851897859181,0.176034275564213,0.0232558139534884,0.166983463507469,0.633516032093806,0.324951171875,0.462599665004231,0
"323",323,0.0933782496197693,0.552778496486306,0.221020607452096,0.111127174574137,0.119047619047619,0.211155701099911,0.693691537628524,0.310865697693934,0.61923708131306,1
"324",324,0,0.417519936439393,0.0524376137797778,0.0832314953071967,0.113636363636364,0.375378699480704,0.656991894032323,0.459078717201166,0.923172479184472,0
"325",325,0,0.65645291343966,0.158120188701946,0.13308382679719,0.113636363636364,0.198672965501322,0.651136441197223,0.282623291015625,0.546422723170937,0
"326",326,0.192443864434904,0.540955066531921,0.125681423241842,0.122358330469006,0.175,0.223989616400925,0.627656203627439,0.464032761572287,0.356698212794833,0
"327",327,0,0.58204775574,0.232134434400432,0.134304600029535,0.0227272727272727,0.374045500109624,0.578564755068328,0.324951171875,0.520834345450948,0
"328",328,0,0.6189257119854,0.109452087947492,0.139908152060804,0.0952380952380952,0.267982715205713,0.633694782244016,0.434788657929154,0.384773231652715,0
"329",329,0.169944706668108,0.554440112286055,0.316156679179582,0.107522381482374,0.142857142857143,0.347878920960065,0.621170414793032,0.48907810891282,0.757953279802058,0
"330",330,0,0.579739328257228,0.130123028116364,0.150371523920114,0,0.267887095742471,0.589014701480217,0.338564710465537,0.552753500096006,0
"331",331,0,0.638409536819024,0.318272218632489,0.112001362319429,0.0465116279069767,0.21805736337114,0.677552994612982,0.447180948503969,0.541953536108766,0
"332",332,0.0577671152846531,0.746950572083544,0.109111754578506,0.138840666736741,0.0697674418604651,0.275566690292446,0.64696119938079,0.384673178061608,0.580699721595814,0
"333",333,0,0.705691314915557,0.0683615386249937,0.145866556512037,0.116279069767442,0.383675126998633,0.524785845396714,0.371307373046875,0.571620020997099,0
"334",334,0,0.607223681415086,0.134407560914869,0.139494980444813,0.136363636363636,0.211147121208522,0.734192120659453,0.26853747776174,0.462857727682089,0
"335",335,0,0.568301112921827,0.0444444444444444,0.135396825323489,0.0465116279069767,0.270116345866317,0.638098946716327,0.167944565172824,0.479068463360555,0
"336",336,0.053137401551658,0.598876494380456,0.214042904548921,0.131961148380189,0.0930232558139535,0.223271748959897,0.668511228146978,0.324951171875,0.576696054861712,0
"337",337,0.0646905604964957,0.473642934252308,0.305233670153443,0.118780199366166,0,0.374824071299245,0.557440448106443,0.201443273606954,0.427480987863084,0
"338",338,0,0.705140088054655,0.380245587803225,0.154365495788226,0.0232558139534884,0.188480928033671,0.650878086385298,0.26853747776174,0.432904480068767,0
"339",339,0,0.830704948357865,0.244056276385488,0.123011323859377,0.0681818181818182,0.370690785612971,0.565336787435871,0.512,0.706791647339001,0
"340",340,0,0.594329842648659,0.0829982877250983,0.146060870344197,0.0930232558139535,0.246517016966906,0.697428103771889,0.434788657929154,0.641204095663982,0
"341",341,0,0.559156597749859,0.0790123456790123,0.0963332695402773,0.0454545454545455,0.584559540410103,0.608537256985666,0.384673178061608,0.935361302757664,0
"342",342,0,0.756495660531088,0.0493641010061073,0.157040364294784,0.0232558139534884,0.352562983669699,0.663118370093983,0.310865697693934,0.541607827090922,0
"343",343,0.217033885523249,0.659994791984326,0.0816667692658322,0.122199626945499,0.0487804878048781,0.166098950468135,0.651484428699736,0.48907810891282,0.694762392616331,1
"344",344,0,0.457049819240249,0.101835722254076,0.113742706056884,0.0454545454545455,0.230327936244512,0.663959953797187,0.397542234887034,0.400424896631015,0
"345",345,0.196231740964738,0.622387990992402,0.28122130815864,0.113190149256778,0.0731707317073171,0.342283251528621,0.598955001303263,0.421875,0.757175755717992,0
"346",346,0.0697242809301036,0.553877055346888,0.11631803686431,0.131394318571257,0.0232558139534884,0.438111068746327,0.537651748742948,0.447180948503969,0.689771719540894,0
"347",347,0,0.550988520409795,0.0444444444444444,0.130104186270985,0,0.217579757782547,0.690684538557659,0.384673178061608,0.495957538550709,0
"348",348,0,0.675699317986056,0.0687098842556697,0.120522687564803,0.204545454545455,0.285475198758213,0.678885767378379,0.638524519890261,0.709986645720873,0
"349",349,0.155545933151382,0.611249005010349,0.212297640658153,0.10556081128148,0.0731707317073171,0.376001724798098,0.59864769125051,0.296296296296296,0.66916124094672,0
"350",350,0.0516557388067107,0.553796634576434,0.315491706201233,0.131382957031058,0.0714285714285714,0.434339070760314,0.48105670798323,0.421875,0.570696891324803,0
"351",351,0,0.702465821883669,0.386582471364107,0.136680686980898,0.0681818181818182,0.260797811226607,0.641114398575582,0.522740912208505,0.639068435106154,0
"352",352,0,0.521549244097713,0.0869190921844901,0.12578334112941,0.113636363636364,0.282241121694414,0.650657120978648,0.397542234887034,0.386627059367039,0
"353",353,0,0.376907243046665,0.335052612880465,0.114061613507478,0.0227272727272727,0.219740330212143,0.671953186362824,0.588138905889088,0.260065592822571,0
"354",354,0,0.645041222760816,0.122270367226973,0.142498252218172,0.0930232558139535,0.234324097777449,0.664498182509121,0.500788723794016,0.471134355578371,0
"355",355,0,0.601334114588309,0.0597529938188752,0.146632086878006,0.0714285714285714,0.28827024332033,0.651814574252727,0.500788723794016,0.417813089213627,0
"356",356,0.0665225660949872,0.612296517794052,0.131776448713015,0.13708056218217,0.0465116279069767,0.212282588781021,0.692504746425147,0.646911337926678,0.531362337936659,0
"357",357,0,0.582925691761446,0.133767076660409,0.137261938537907,0.0681818181818182,0.35474911075523,0.591860404554589,0.338564710465537,0.496220874835636,0
"358",358,0,0.584268987665291,0.193402476273114,0.119231773141037,0.0681818181818182,0.261876077470055,0.694083507372815,0.397542234887034,0.792567595967957,0
"359",359,0,0.628214087167759,0.142745132668735,0.117901408497557,0.25,0.227897856638188,0.576653431364424,0.588138905889088,0.739512915058925,0
"360",360,0.273214936701247,0.660187046922046,0.319445728178157,0.12116914723178,0.0526315789473684,0.311212489418955,0.570350188446698,0.379720365738653,0.391598781000335,0
"361",361,0,0.638721183209876,0.325198898738606,0.128971003529899,0.0454545454545455,0.372951989352655,0.528416110331538,0.282623291015625,0.712090350230843,0
"362",362,0,0.564340550065745,0.0444444444444444,0.124726619985046,0.0454545454545455,0.391551255836258,0.515054314268543,0.500788723794016,0.730220421133197,0
"363",363,0,0.575517545538624,0.0625228507493451,0.120971870150017,0.136363636363636,0.304905085958073,0.587787199210083,0.588138905889088,0.614701399325627,0
"364",364,0,0.58836936687737,0.183081365797117,0.126815564261728,0.0465116279069767,0.226560779450123,0.672119100139838,0.254037037037037,0.58366918869264,0
"365",365,0,0.750209885852886,0.11103800803045,0.160946160945914,0.0909090909090909,0.185081577807552,0.659569523515261,0.282623291015625,0.518415848859934,0
"366",366,0.067670293691958,0.667444676680241,0.187965688891965,0.121103423911611,0.0232558139534884,0.224074848878182,0.627195324721532,0.384673178061608,0.590675351597686,0
"367",367,0,0.565508855010672,0.125156402787822,0.135617150092769,0.0909090909090909,0.24297055119921,0.685457893019218,0.338564710465537,0.306943198278466,0
"368",368,0,0.675914433815781,0.0596541328495953,0.139066269764053,0.113636363636364,0.218755765487776,0.556015216253268,0.447180948503969,0.31516441009481,0
"369",369,0.0449396417915653,0.514497340883065,0.173730137389065,0.0762944050809373,0.0465116279069767,0.439244178603467,0.646364545161714,0.568839650145773,0.943131195233655,0
"370",370,0.0579770076638272,0.4857958733387,0.169878638504249,0.12594147966449,0.0476190476190476,0.290660928955238,0.665175682577059,0.558518216975371,0.683677820877837,0
"371",371,0,0.639374602145856,0.117159911624674,0.137977847401246,0.0454545454545455,0.24240997204296,0.625583710649681,0.282623291015625,0.424989055830764,0
"372",372,0,0.740983409121056,0.146517373271458,0.139180721731176,0.0454545454545455,0.261139140655956,0.692451948078878,0.282623291015625,0.174049706924912,0
"373",373,0.119341464260451,0.61277759092476,0.108335606096578,0.132563095390204,0.0238095238095238,0.324638272636169,0.649150977870512,0.254037037037037,0.413892006320341,0
"374",374,0.0630737888489218,0.570650000645947,0.0736672345133924,0.145210112649025,0.0238095238095238,0.295348480982354,0.609445863357506,0.310865697693934,0.430491807593,0
"375",375,0.0509499688911157,0.587719592801844,0.1858943924249,0.121644579347569,0.0714285714285714,0.318562973760183,0.649432752538919,0.296296296296296,0.382344773812148,0
"376",376,0.0415491754366854,0.621396012322994,0.129447428210402,0.1192651550338,0.116279069767442,0.163579673912394,0.738115292407683,0.447180948503969,0.404907017457521,0
"377",377,0,0.634420625068019,0.0901104860683915,0.128103857642343,0.0930232558139535,0.24275642732831,0.617200271926376,0.447180948503969,0.493296534692732,1
"378",378,0,0.412120140837018,0.0488355232098407,0.122804850758315,0.0465116279069767,0.236867918362425,0.667419124301021,0.26853747776174,0.340124546092928,0
"379",379,0,0.520658706421916,0.137679160022629,0.119565172668143,0.113636363636364,0.315044613929209,0.611821428253734,0.324951171875,0.316004075145333,0
"380",380,0,0.621077172936412,0.231424967175085,0.123124534410162,0,0.268021829602976,0.626297404578143,0.578703703703704,0.436022842740505,0
"381",381,0,0.590674542565787,0.0444444444444444,0.139609080954004,0.113636363636364,0.272492612494649,0.577928965730577,0.324951171875,0.391700574444394,0
"382",382,0,0.630009689762479,0.424146058688095,0.128514932743315,0.0930232558139535,0.245743549022847,0.669164378962205,0.384673178061608,0.377128387522426,0
"383",383,0,0.608912123050432,0.0978372553091032,0.12670957875314,0.0454545454545455,0.27971916814192,0.636538663535836,0.397542234887034,0.346185533177266,1
"384",384,0.195503620972954,0.589433444717558,0.396448429475886,0.105786831655403,0.024390243902439,0.303444655460204,0.59761801678402,0.186588921282799,0.863435698473967,0
"385",385,0.0564167886013083,0.59448793090319,0.208826512818702,0.127273814933202,0,0.541497078906001,0.480802306650703,0.371307373046875,0.612403583644791,0
"386",386,0,0.612364476961168,0.314506590288184,0.13348702154095,0.0454545454545455,0.176308278370034,0.666509805045426,0.397542234887034,0.385575477423764,0
"387",387,0.167770384596609,0.541959954452282,0.10077722002319,0.116496076916859,0,0.396054116700678,0.552241302246131,0.223806486880466,0.458415928493815,0
"388",388,0,0.742018404253395,0.360381034717806,0.122281039097731,0.0465116279069767,0.187472817364443,0.627158372063841,0.447180948503969,0.68888797792746,0
"389",389,0,0.610268191561973,0.367247000402663,0.104746900109116,0.0465116279069767,0.272989728726383,0.515487508498615,0.512,0.604562438469631,0
"390",390,0,0.50265206224674,0.125244823593329,0.118074318566619,0.0681818181818182,0.252838684259134,0.691275925132603,0.397542234887034,0.449780953072833,0
"391",391,0,0.626816864594421,0.0646205201806501,0.121808091188765,0.0681818181818182,0.354526003068083,0.603296742569622,0.338564710465537,0.711038034800405,0
"392",392,0,0.609523748227342,0.216552081130826,0.127956169519747,0.113636363636364,0.215864266549448,0.700794014026356,0.397542234887034,0.427221422188781,0
"393",393,0,0.721057090514814,0.146945744857237,0.131356442948963,0.159090909090909,0.212941150125612,0.599684483196056,0.512,0.670434998824312,0
"394",394,0.0546971616979387,0.61219247742324,0.336593561331079,0.113506225374197,0.0714285714285714,0.339900367603034,0.558730561760126,0.421875,0.666582795510416,0
"395",395,0,0.540477909285361,0.0459416845246773,0.129317772904258,0.159090909090909,0.351412403322455,0.61564016592888,0.522740912208505,0.620028688485855,0
"396",396,0,0.640017090561866,0.154129359336442,0.153683838722444,0.0454545454545455,0.270543018341917,0.668006439477188,0.459078717201166,0.493732067350892,0
"397",397,0,0.608508718546669,0.274259305015121,0.137305433211892,0.116279069767442,0.256644004731727,0.60873418162948,0.26853747776174,0.419407690585493,0
"398",398,0,0.632562986191363,0.103308762651517,0.128932416028353,0.0909090909090909,0.323629005364715,0.60958060682967,0.397542234887034,0.68290681355686,0
"399",399,0,0.706517302997668,0.0444444444444444,0.100958820006081,0.0227272727272727,0.550299798453717,0.583214469216401,0.397542234887034,0.922657269197845,0
"400",400,0,0.690273357225793,0.170385137803535,0.128239735702132,0.159090909090909,0.281871210332471,0.562149067916162,0.338564710465537,0.595262015466721,0
