"","x",".n","seed","n","df","sw_pvalue","meanx","sdx","cdfx","naive1.env.lower","naive1.env.upper","naive1.env.fit.value","naive1.qq.x","naive1.qq.y",".sample_inner",".sample_outer"
"1",-1.47486642910351,1,79494,20,5,0.762097433917169,0.209197832659709,1.20719249734198,0.0952380952380952,-2.25500164509415,-0.624061296782765,-1.43953147093846,-1.43953147093846,-1.47486642910351,15,19
"2",-1.21699333472067,1,79494,20,5,0.762097433917169,0.209197832659709,1.20719249734198,0.142857142857143,-1.85444850943105,-0.446250251320968,-1.15034938037601,-1.15034938037601,-1.21699333472067,15,19
"3",-2.4630333028318,1,79494,20,5,0.762097433917169,0.209197832659709,1.20719249734198,0.0476190476190476,-3.13069607745053,-0.78923189162958,-1.95996398454005,-1.95996398454005,-2.4630333028318,15,19
"4",-0.0350402484235348,1,79494,20,5,0.762097433917169,0.209197832659709,1.20719249734198,0.380952380952381,-0.878172558126795,0.240893830198045,-0.318639363964375,-0.318639363964375,-0.0350402484235348,15,19
"5",1.07728469456168,1,79494,20,5,0.762097433917169,0.209197832659709,1.20719249734198,0.714285714285714,0.011286056641904,1.18423419544305,0.597760126042478,0.597760126042478,1.07728469456168,15,19
"6",0.103061262369013,1,79494,20,5,0.762097433917169,0.209197832659709,1.20719249734198,0.476190476190476,-0.612378426639773,0.486964870753346,-0.0627067779432138,-0.0627067779432138,0.103061262369013,15,19
"7",0.68243036923308,1,79494,20,5,0.762097433917169,0.209197832659709,1.20719249734198,0.666666666666667,-0.116569151709816,1.02409353204957,0.45376219016988,0.45376219016988,0.68243036923308,15,19
"8",2.04249347374295,1,79494,20,5,0.762097433917169,0.209197832659709,1.20719249734198,0.952380952380952,0.78923189162958,3.13069607745053,1.95996398454005,1.95996398454005,2.04249347374295,15,19
"9",0.055950942560235,1,79494,20,5,0.762097433917169,0.209197832659709,1.20719249734198,0.428571428571429,-0.741981845054401,0.363744992508816,-0.189118426272792,-0.189118426272792,0.055950942560235,15,19
"10",1.44555431637015,1,79494,20,5,0.762097433917169,0.209197832659709,1.20719249734198,0.80952380952381,0.288581382623485,1.58059719952347,0.93458929107348,0.93458929107348,1.44555431637015,15,19
"11",0.147501555511126,1,79494,20,5,0.762097433917169,0.209197832659709,1.20719249734198,0.523809523809524,-0.486964870753346,0.612378426639773,0.0627067779432138,0.0627067779432138,0.147501555511126,15,19
"12",1.87410023768674,1,79494,20,5,0.762097433917169,0.209197832659709,1.20719249734198,0.857142857142857,0.446250251320968,1.85444850943105,1.15034938037601,1.15034938037601,1.87410023768674,15,19
"13",-0.158067715252218,1,79494,20,5,0.762097433917169,0.209197832659709,1.20719249734198,0.333333333333333,-1.02409353204957,0.116569151709816,-0.453762190169879,-0.453762190169879,-0.158067715252218,15,19
"14",0.247522499800457,1,79494,20,5,0.762097433917169,0.209197832659709,1.20719249734198,0.571428571428571,-0.363744992508816,0.741981845054401,0.189118426272792,0.189118426272792,0.247522499800457,15,19
"15",1.34400874425682,1,79494,20,5,0.762097433917169,0.209197832659709,1.20719249734198,0.761904761904762,0.145203207411256,1.36562684530968,0.755415026360469,0.755415026360469,1.34400874425682,15,19
"16",-0.744355311978468,1,79494,20,5,0.762097433917169,0.209197832659709,1.20719249734198,0.238095238095238,-1.36562684530968,-0.145203207411256,-0.755415026360469,-0.755415026360469,-0.744355311978468,15,19
"17",-0.885324960704268,1,79494,20,5,0.762097433917169,0.209197832659709,1.20719249734198,0.19047619047619,-1.58059719952348,-0.288581382623485,-0.93458929107348,-0.93458929107348,-0.885324960704268,15,19
"18",-0.327295383196479,1,79494,20,5,0.762097433917169,0.209197832659709,1.20719249734198,0.285714285714286,-1.18423419544305,-0.011286056641904,-0.597760126042478,-0.597760126042478,-0.327295383196479,15,19
"19",0.520682326830531,1,79494,20,5,0.762097433917169,0.209197832659709,1.20719249734198,0.619047619047619,-0.240893830198045,0.878172558126795,0.318639363964375,0.318639363964375,0.520682326830531,15,19
"20",1.94834291648235,1,79494,20,5,0.762097433917169,0.209197832659709,1.20719249734198,0.904761904761905,0.624061296782765,2.25500164509415,1.43953147093846,1.43953147093846,1.94834291648235,15,19
"21",0.168521708976015,2,47180,20,5,0.581494758157165,0.000165654380419531,1.11121045583936,0.571428571428571,-0.363744992508816,0.741981845054401,0.189118426272792,0.189118426272792,0.168521708976015,10,13
"22",-0.551276746008521,2,47180,20,5,0.581494758157165,0.000165654380419531,1.11121045583936,0.285714285714286,-1.18423419544305,-0.011286056641904,-0.597760126042478,-0.597760126042478,-0.551276746008521,10,13
"23",1.06003705190714,2,47180,20,5,0.581494758157165,0.000165654380419531,1.11121045583936,0.857142857142857,0.446250251320968,1.85444850943105,1.15034938037601,1.15034938037601,1.06003705190714,10,13
"24",-2.11058183374203,2,47180,20,5,0.581494758157165,0.000165654380419531,1.11121045583936,0.0952380952380952,-2.25500164509415,-0.624061296782765,-1.43953147093846,-1.43953147093846,-2.11058183374203,10,13
"25",-0.106031126019701,2,47180,20,5,0.581494758157165,0.000165654380419531,1.11121045583936,0.476190476190476,-0.612378426639773,0.486964870753346,-0.0627067779432138,-0.0627067779432138,-0.106031126019701,10,13
"26",-0.650962292913436,2,47180,20,5,0.581494758157165,0.000165654380419531,1.11121045583936,0.238095238095238,-1.36562684530968,-0.145203207411256,-0.755415026360469,-0.755415026360469,-0.650962292913436,10,13
"27",0.899117692725204,2,47180,20,5,0.581494758157165,0.000165654380419531,1.11121045583936,0.761904761904762,0.145203207411256,1.36562684530968,0.755415026360469,0.755415026360469,0.899117692725204,10,13
"28",-0.812947871967267,2,47180,20,5,0.581494758157165,0.000165654380419531,1.11121045583936,0.19047619047619,-1.58059719952348,-0.288581382623485,-0.93458929107348,-0.93458929107348,-0.812947871967267,10,13
"29",-0.542722619818674,2,47180,20,5,0.581494758157165,0.000165654380419531,1.11121045583936,0.333333333333333,-1.02409353204957,0.116569151709816,-0.453762190169879,-0.453762190169879,-0.542722619818674,10,13
"30",-0.22840768761259,2,47180,20,5,0.581494758157165,0.000165654380419531,1.11121045583936,0.380952380952381,-0.878172558126795,0.240893830198045,-0.318639363964375,-0.318639363964375,-0.22840768761259,10,13
"31",1.67632135051836,2,47180,20,5,0.581494758157165,0.000165654380419531,1.11121045583936,0.904761904761905,0.624061296782765,2.25500164509415,1.43953147093846,1.43953147093846,1.67632135051836,10,13
"32",0.754012897278076,2,47180,20,5,0.581494758157165,0.000165654380419531,1.11121045583936,0.666666666666667,-0.116569151709816,1.02409353204957,0.45376219016988,0.45376219016988,0.754012897278076,10,13
"33",-2.1637001124296,2,47180,20,5,0.581494758157165,0.000165654380419531,1.11121045583936,0.0476190476190476,-3.13069607745053,-0.78923189162958,-1.95996398454005,-1.95996398454005,-2.1637001124296,10,13
"34",-1.33808838330278,2,47180,20,5,0.581494758157165,0.000165654380419531,1.11121045583936,0.142857142857143,-1.85444850943105,-0.446250251320968,-1.15034938037601,-1.15034938037601,-1.33808838330278,10,13
"35",-0.225183126661987,2,47180,20,5,0.581494758157165,0.000165654380419531,1.11121045583936,0.428571428571429,-0.741981845054401,0.363744992508816,-0.189118426272792,-0.189118426272792,-0.225183126661987,10,13
"36",-0.0830500023271263,2,47180,20,5,0.581494758157165,0.000165654380419531,1.11121045583936,0.523809523809524,-0.486964870753346,0.612378426639773,0.0627067779432138,0.0627067779432138,-0.0830500023271263,10,13
"37",1.01667754714537,2,47180,20,5,0.581494758157165,0.000165654380419531,1.11121045583936,0.80952380952381,0.288581382623485,1.58059719952347,0.93458929107348,0.93458929107348,1.01667754714537,10,13
"38",1.80813877621769,2,47180,20,5,0.581494758157165,0.000165654380419531,1.11121045583936,0.952380952380952,0.78923189162958,3.13069607745053,1.95996398454005,1.95996398454005,1.80813877621769,10,13
"39",0.891064844954504,2,47180,20,5,0.581494758157165,0.000165654380419531,1.11121045583936,0.714285714285714,0.011286056641904,1.18423419544305,0.597760126042478,0.597760126042478,0.891064844954504,10,13
"40",0.542373020689745,2,47180,20,5,0.581494758157165,0.000165654380419531,1.11121045583936,0.619047619047619,-0.240893830198045,0.878172558126795,0.318639363964375,0.318639363964375,0.542373020689745,10,13
"41",0.42224957452859,3,19954,20,5,0.0197613415305135,-0.161520452779226,0.759104128245628,0.714285714285714,0.011286056641904,1.18423419544305,0.597760126042478,0.597760126042478,0.42224957452859,17,7
"42",0.368803763981349,3,19954,20,5,0.0197613415305135,-0.161520452779226,0.759104128245628,0.666666666666667,-0.116569151709816,1.02409353204957,0.45376219016988,0.45376219016988,0.368803763981349,17,7
"43",0.219629439808561,3,19954,20,5,0.0197613415305135,-0.161520452779226,0.759104128245628,0.571428571428571,-0.363744992508816,0.741981845054401,0.189118426272792,0.189118426272792,0.219629439808561,17,7
"44",-1.51145147275604,3,19954,20,5,0.0197613415305135,-0.161520452779226,0.759104128245628,0.0952380952380952,-2.25500164509415,-0.624061296782765,-1.43953147093846,-1.43953147093846,-1.51145147275604,17,7
"45",0.663862159128555,3,19954,20,5,0.0197613415305135,-0.161520452779226,0.759104128245628,0.904761904761905,0.624061296782765,2.25500164509415,1.43953147093846,1.43953147093846,0.663862159128555,17,7
"46",-0.405761877866546,3,19954,20,5,0.0197613415305135,-0.161520452779226,0.759104128245628,0.285714285714286,-1.18423419544305,-0.011286056641904,-0.597760126042478,-0.597760126042478,-0.405761877866546,17,7
"47",-0.240684020117733,3,19954,20,5,0.0197613415305135,-0.161520452779226,0.759104128245628,0.380952380952381,-0.878172558126795,0.240893830198045,-0.318639363964375,-0.318639363964375,-0.240684020117733,17,7
"48",-0.362607404426299,3,19954,20,5,0.0197613415305135,-0.161520452779226,0.759104128245628,0.333333333333333,-1.02409353204957,0.116569151709816,-0.453762190169879,-0.453762190169879,-0.362607404426299,17,7
"49",-0.110352660236495,3,19954,20,5,0.0197613415305135,-0.161520452779226,0.759104128245628,0.428571428571429,-0.741981845054401,0.363744992508816,-0.189118426272792,-0.189118426272792,-0.110352660236495,17,7
"50",-0.0947060957321991,3,19954,20,5,0.0197613415305135,-0.161520452779226,0.759104128245628,0.476190476190476,-0.612378426639773,0.486964870753346,-0.0627067779432138,-0.0627067779432138,-0.0947060957321991,17,7
"51",-1.55548448287297,3,19954,20,5,0.0197613415305135,-0.161520452779226,0.759104128245628,0.0476190476190476,-3.13069607745053,-0.78923189162958,-1.95996398454005,-1.95996398454005,-1.55548448287297,17,7
"52",0.57537665874098,3,19954,20,5,0.0197613415305135,-0.161520452779226,0.759104128245628,0.80952380952381,0.288581382623485,1.58059719952347,0.93458929107348,0.93458929107348,0.57537665874098,17,7
"53",-1.49992481397618,3,19954,20,5,0.0197613415305135,-0.161520452779226,0.759104128245628,0.142857142857143,-1.85444850943105,-0.446250251320968,-1.15034938037601,-1.15034938037601,-1.49992481397618,17,7
"54",0.63165271566074,3,19954,20,5,0.0197613415305135,-0.161520452779226,0.759104128245628,0.857142857142857,0.446250251320968,1.85444850943105,1.15034938037601,1.15034938037601,0.63165271566074,17,7
"55",-0.65135601467496,3,19954,20,5,0.0197613415305135,-0.161520452779226,0.759104128245628,0.238095238095238,-1.36562684530968,-0.145203207411256,-0.755415026360469,-0.755415026360469,-0.65135601467496,17,7
"56",-0.00786412274418952,3,19954,20,5,0.0197613415305135,-0.161520452779226,0.759104128245628,0.523809523809524,-0.486964870753346,0.612378426639773,0.0627067779432138,0.0627067779432138,-0.00786412274418952,17,7
"57",0.291169858494076,3,19954,20,5,0.0197613415305135,-0.161520452779226,0.759104128245628,0.619047619047619,-0.240893830198045,0.878172558126795,0.318639363964375,0.318639363964375,0.291169858494076,17,7
"58",0.704757126183945,3,19954,20,5,0.0197613415305135,-0.161520452779226,0.759104128245628,0.952380952380952,0.78923189162958,3.13069607745053,1.95996398454005,1.95996398454005,0.704757126183945,17,7
"59",-1.16431289600953,3,19954,20,5,0.0197613415305135,-0.161520452779226,0.759104128245628,0.19047619047619,-1.58059719952348,-0.288581382623485,-0.93458929107348,-0.93458929107348,-1.16431289600953,17,7
"60",0.496595509301824,3,19954,20,5,0.0197613415305135,-0.161520452779226,0.759104128245628,0.761904761904762,0.145203207411256,1.36562684530968,0.755415026360469,0.755415026360469,0.496595509301824,17,7
"61",-0.196261762290501,4,32301,20,5,0.764628897638695,-0.297706589116992,1.10840431391828,0.476190476190476,-0.612378426639773,0.486964870753346,-0.0627067779432138,-0.0627067779432138,-0.196261762290501,11,8
"62",-1.54079356816334,4,32301,20,5,0.764628897638695,-0.297706589116992,1.10840431391828,0.19047619047619,-1.58059719952348,-0.288581382623485,-0.93458929107348,-0.93458929107348,-1.54079356816334,11,8
"63",-0.677946977352465,4,32301,20,5,0.764628897638695,-0.297706589116992,1.10840431391828,0.285714285714286,-1.18423419544305,-0.011286056641904,-0.597760126042478,-0.597760126042478,-0.677946977352465,11,8
"64",-0.276595287157554,4,32301,20,5,0.764628897638695,-0.297706589116992,1.10840431391828,0.428571428571429,-0.741981845054401,0.363744992508816,-0.189118426272792,-0.189118426272792,-0.276595287157554,11,8
"65",0.216511149028322,4,32301,20,5,0.764628897638695,-0.297706589116992,1.10840431391828,0.714285714285714,0.011286056641904,1.18423419544305,0.597760126042478,0.597760126042478,0.216511149028322,11,8
"66",-2.77153842507123,4,32301,20,5,0.764628897638695,-0.297706589116992,1.10840431391828,0.0476190476190476,-3.13069607745053,-0.78923189162958,-1.95996398454005,-1.95996398454005,-2.77153842507123,11,8
"67",0.264954300955422,4,32301,20,5,0.764628897638695,-0.297706589116992,1.10840431391828,0.761904761904762,0.145203207411256,1.36562684530968,0.755415026360469,0.755415026360469,0.264954300955422,11,8
"68",-0.104065630915177,4,32301,20,5,0.764628897638695,-0.297706589116992,1.10840431391828,0.571428571428571,-0.363744992508816,0.741981845054401,0.189118426272792,0.189118426272792,-0.104065630915177,11,8
"69",-0.172430251475442,4,32301,20,5,0.764628897638695,-0.297706589116992,1.10840431391828,0.523809523809524,-0.486964870753346,0.612378426639773,0.0627067779432138,0.0627067779432138,-0.172430251475442,11,8
"70",0.0213106965808551,4,32301,20,5,0.764628897638695,-0.297706589116992,1.10840431391828,0.619047619047619,-0.240893830198045,0.878172558126795,0.318639363964375,0.318639363964375,0.0213106965808551,11,8
"71",-1.75668364366485,4,32301,20,5,0.764628897638695,-0.297706589116992,1.10840431391828,0.142857142857143,-1.85444850943105,-0.446250251320968,-1.15034938037601,-1.15034938037601,-1.75668364366485,11,8
"72",-2.01183782872612,4,32301,20,5,0.764628897638695,-0.297706589116992,1.10840431391828,0.0952380952380952,-2.25500164509415,-0.624061296782765,-1.43953147093846,-1.43953147093846,-2.01183782872612,11,8
"73",0.884038999857886,4,32301,20,5,0.764628897638695,-0.297706589116992,1.10840431391828,0.857142857142857,0.446250251320968,1.85444850943105,1.15034938037601,1.15034938037601,0.884038999857886,11,8
"74",-0.577326346938432,4,32301,20,5,0.764628897638695,-0.297706589116992,1.10840431391828,0.333333333333333,-1.02409353204957,0.116569151709816,-0.453762190169879,-0.453762190169879,-0.577326346938432,11,8
"75",0.185797969878713,4,32301,20,5,0.764628897638695,-0.297706589116992,1.10840431391828,0.666666666666667,-0.116569151709816,1.02409353204957,0.45376219016988,0.45376219016988,0.185797969878713,11,8
"76",1.69785020695018,4,32301,20,5,0.764628897638695,-0.297706589116992,1.10840431391828,0.952380952380952,0.78923189162958,3.13069607745053,1.95996398454005,1.95996398454005,1.69785020695018,11,8
"77",0.87598981583902,4,32301,20,5,0.764628897638695,-0.297706589116992,1.10840431391828,0.80952380952381,0.288581382623485,1.58059719952347,0.93458929107348,0.93458929107348,0.87598981583902,11,8
"78",1.24421854031908,4,32301,20,5,0.764628897638695,-0.297706589116992,1.10840431391828,0.904761904761905,0.624061296782765,2.25500164509415,1.43953147093846,1.43953147093846,1.24421854031908,11,8
"79",-0.792703476298724,4,32301,20,5,0.764628897638695,-0.297706589116992,1.10840431391828,0.238095238095238,-1.36562684530968,-0.145203207411256,-0.755415026360469,-0.755415026360469,-0.792703476298724,11,8
"80",-0.466620263695491,4,32301,20,5,0.764628897638695,-0.297706589116992,1.10840431391828,0.380952380952381,-0.878172558126795,0.240893830198045,-0.318639363964375,-0.318639363964375,-0.466620263695491,11,8
"81",-0.555719350319721,5,40127,20,5,0.785019412494494,0.0465914614840291,1.16142590113494,0.285714285714286,-1.18423419544305,-0.011286056641904,-0.597760126042478,-0.597760126042478,-0.555719350319721,13,11
"82",0.622013632153329,5,40127,20,5,0.785019412494494,0.0465914614840291,1.16142590113494,0.714285714285714,0.011286056641904,1.18423419544305,0.597760126042478,0.597760126042478,0.622013632153329,13,11
"83",-0.955089742074553,5,40127,20,5,0.785019412494494,0.0465914614840291,1.16142590113494,0.19047619047619,-1.58059719952348,-0.288581382623485,-0.93458929107348,-0.93458929107348,-0.955089742074553,13,11
"84",-0.907301408788354,5,40127,20,5,0.785019412494494,0.0465914614840291,1.16142590113494,0.238095238095238,-1.36562684530968,-0.145203207411256,-0.755415026360469,-0.755415026360469,-0.907301408788354,13,11
"85",2.02152847736822,5,40127,20,5,0.785019412494494,0.0465914614840291,1.16142590113494,0.904761904761905,0.624061296782765,2.25500164509415,1.43953147093846,1.43953147093846,2.02152847736822,13,11
"86",0.242765919227833,5,40127,20,5,0.785019412494494,0.0465914614840291,1.16142590113494,0.619047619047619,-0.240893830198045,0.878172558126795,0.318639363964375,0.318639363964375,0.242765919227833,13,11
"87",0.000722662656028538,5,40127,20,5,0.785019412494494,0.0465914614840291,1.16142590113494,0.428571428571429,-0.741981845054401,0.363744992508816,-0.189118426272792,-0.189118426272792,0.000722662656028538,13,11
"88",1.57380016002752,5,40127,20,5,0.785019412494494,0.0465914614840291,1.16142590113494,0.857142857142857,0.446250251320968,1.85444850943105,1.15034938037601,1.15034938037601,1.57380016002752,13,11
"89",-2.18598240424213,5,40127,20,5,0.785019412494494,0.0465914614840291,1.16142590113494,0.0476190476190476,-3.13069607745053,-0.78923189162958,-1.95996398454005,-1.95996398454005,-2.18598240424213,13,11
"90",2.13471636231414,5,40127,20,5,0.785019412494494,0.0465914614840291,1.16142590113494,0.952380952380952,0.78923189162958,3.13069607745053,1.95996398454005,1.95996398454005,2.13471636231414,13,11
"91",-0.475785854936037,5,40127,20,5,0.785019412494494,0.0465914614840291,1.16142590113494,0.333333333333333,-1.02409353204957,0.116569151709816,-0.453762190169879,-0.453762190169879,-0.475785854936037,13,11
"92",0.13903398431127,5,40127,20,5,0.785019412494494,0.0465914614840291,1.16142590113494,0.523809523809524,-0.486964870753346,0.612378426639773,0.0627067779432138,0.0627067779432138,0.13903398431127,13,11
"93",0.176416353077523,5,40127,20,5,0.785019412494494,0.0465914614840291,1.16142590113494,0.571428571428571,-0.363744992508816,0.741981845054401,0.189118426272792,0.189118426272792,0.176416353077523,13,11
"94",0.0860214060550687,5,40127,20,5,0.785019412494494,0.0465914614840291,1.16142590113494,0.476190476190476,-0.612378426639773,0.486964870753346,-0.0627067779432138,-0.0627067779432138,0.0860214060550687,13,11
"95",-2.01404751152838,5,40127,20,5,0.785019412494494,0.0465914614840291,1.16142590113494,0.0952380952380952,-2.25500164509415,-0.624061296782765,-1.43953147093846,-1.43953147093846,-2.01404751152838,13,11
"96",0.315155926556534,5,40127,20,5,0.785019412494494,0.0465914614840291,1.16142590113494,0.666666666666667,-0.116569151709816,1.02409353204957,0.45376219016988,0.45376219016988,0.315155926556534,13,11
"97",0.883959503853722,5,40127,20,5,0.785019412494494,0.0465914614840291,1.16142590113494,0.761904761904762,0.145203207411256,1.36562684530968,0.755415026360469,0.755415026360469,0.883959503853722,13,11
"98",-0.961260213104809,5,40127,20,5,0.785019412494494,0.0465914614840291,1.16142590113494,0.142857142857143,-1.85444850943105,-0.446250251320968,-1.15034938037601,-1.15034938037601,-0.961260213104809,13,11
"99",-0.247058108625346,5,40127,20,5,0.785019412494494,0.0465914614840291,1.16142590113494,0.380952380952381,-0.878172558126795,0.240893830198045,-0.318639363964375,-0.318639363964375,-0.247058108625346,13,11
"100",1.03793943569871,5,40127,20,5,0.785019412494494,0.0465914614840291,1.16142590113494,0.80952380952381,0.288581382623485,1.58059719952347,0.93458929107348,0.93458929107348,1.03793943569871,13,11
"101",-0.551491305109027,6,63962,20,5,0.489876114706986,0.222981613947375,0.902356230747476,0.19047619047619,-1.58059719952348,-0.288581382623485,-0.93458929107348,-0.93458929107348,-0.551491305109027,8,2
"102",1.06000058541398,6,63962,20,5,0.489876114706986,0.222981613947375,0.902356230747476,0.80952380952381,0.288581382623485,1.58059719952347,0.93458929107348,0.93458929107348,1.06000058541398,8,2
"103",-0.0167432068213971,6,63962,20,5,0.489876114706986,0.222981613947375,0.902356230747476,0.428571428571429,-0.741981845054401,0.363744992508816,-0.189118426272792,-0.189118426272792,-0.0167432068213971,8,2
"104",1.00329691838825,6,63962,20,5,0.489876114706986,0.222981613947375,0.902356230747476,0.761904761904762,0.145203207411256,1.36562684530968,0.755415026360469,0.755415026360469,1.00329691838825,8,2
"105",-0.294895927323152,6,63962,20,5,0.489876114706986,0.222981613947375,0.902356230747476,0.333333333333333,-1.02409353204957,0.116569151709816,-0.453762190169879,-0.453762190169879,-0.294895927323152,8,2
"106",0.312414037333221,6,63962,20,5,0.489876114706986,0.222981613947375,0.902356230747476,0.571428571428571,-0.363744992508816,0.741981845054401,0.189118426272792,0.189118426272792,0.312414037333221,8,2
"107",1.58484107109997,6,63962,20,5,0.489876114706986,0.222981613947375,0.902356230747476,0.952380952380952,0.78923189162958,3.13069607745053,1.95996398454005,1.95996398454005,1.58484107109997,8,2
"108",1.42050267181164,6,63962,20,5,0.489876114706986,0.222981613947375,0.902356230747476,0.857142857142857,0.446250251320968,1.85444850943105,1.15034938037601,1.15034938037601,1.42050267181164,8,2
"109",-0.343887441317284,6,63962,20,5,0.489876114706986,0.222981613947375,0.902356230747476,0.285714285714286,-1.18423419544305,-0.011286056641904,-0.597760126042478,-0.597760126042478,-0.343887441317284,8,2
"110",-1.382669751913,6,63962,20,5,0.489876114706986,0.222981613947375,0.902356230747476,0.0476190476190476,-3.13069607745053,-0.78923189162958,-1.95996398454005,-1.95996398454005,-1.382669751913,8,2
"111",-1.0574124507387,6,63962,20,5,0.489876114706986,0.222981613947375,0.902356230747476,0.142857142857143,-1.85444850943105,-0.446250251320968,-1.15034938037601,-1.15034938037601,-1.0574124507387,8,2
"112",0.235307908845404,6,63962,20,5,0.489876114706986,0.222981613947375,0.902356230747476,0.523809523809524,-0.486964870753346,0.612378426639773,0.0627067779432138,0.0627067779432138,0.235307908845404,8,2
"113",-1.23556576108816,6,63962,20,5,0.489876114706986,0.222981613947375,0.902356230747476,0.0952380952380952,-2.25500164509415,-0.624061296782765,-1.43953147093846,-1.43953147093846,-1.23556576108816,8,2
"114",0.933904998533654,6,63962,20,5,0.489876114706986,0.222981613947375,0.902356230747476,0.666666666666667,-0.116569151709816,1.02409353204957,0.45376219016988,0.45376219016988,0.933904998533654,8,2
"115",-0.400425032617569,6,63962,20,5,0.489876114706986,0.222981613947375,0.902356230747476,0.238095238095238,-1.36562684530968,-0.145203207411256,-0.755415026360469,-0.755415026360469,-0.400425032617569,8,2
"116",1.48523432604835,6,63962,20,5,0.489876114706986,0.222981613947375,0.902356230747476,0.904761904761905,0.624061296782765,2.25500164509415,1.43953147093846,1.43953147093846,1.48523432604835,8,2
"117",0.599114805502661,6,63962,20,5,0.489876114706986,0.222981613947375,0.902356230747476,0.619047619047619,-0.240893830198045,0.878172558126795,0.318639363964375,0.318639363964375,0.599114805502661,8,2
"118",0.223430516379112,6,63962,20,5,0.489876114706986,0.222981613947375,0.902356230747476,0.476190476190476,-0.612378426639773,0.486964870753346,-0.0627067779432138,-0.0627067779432138,0.223430516379112,8,2
"119",-0.0809155592651903,6,63962,20,5,0.489876114706986,0.222981613947375,0.902356230747476,0.380952380952381,-0.878172558126795,0.240893830198045,-0.318639363964375,-0.318639363964375,-0.0809155592651903,8,2
"120",0.965590875784739,6,63962,20,5,0.489876114706986,0.222981613947375,0.902356230747476,0.714285714285714,0.011286056641904,1.18423419544305,0.597760126042478,0.597760126042478,0.965590875784739,8,2
"121",-2.0638525671486,7,79915,20,5,0.627956588607578,-0.385010282039863,1.12258966491057,0.142857142857143,-1.85444850943105,-0.446250251320968,-1.15034938037601,-1.15034938037601,-2.0638525671486,5,10
"122",-0.918372523877981,7,79915,20,5,0.627956588607578,-0.385010282039863,1.12258966491057,0.333333333333333,-1.02409353204957,0.116569151709816,-0.453762190169879,-0.453762190169879,-0.918372523877981,5,10
"123",-1.37706638565182,7,79915,20,5,0.627956588607578,-0.385010282039863,1.12258966491057,0.19047619047619,-1.58059719952348,-0.288581382623485,-0.93458929107348,-0.93458929107348,-1.37706638565182,5,10
"124",0.867043445365186,7,79915,20,5,0.627956588607578,-0.385010282039863,1.12258966491057,0.857142857142857,0.446250251320968,1.85444850943105,1.15034938037601,1.15034938037601,0.867043445365186,5,10
"125",-0.105138521016332,7,79915,20,5,0.627956588607578,-0.385010282039863,1.12258966491057,0.571428571428571,-0.363744992508816,0.741981845054401,0.189118426272792,0.189118426272792,-0.105138521016332,5,10
"126",0.210106831146055,7,79915,20,5,0.627956588607578,-0.385010282039863,1.12258966491057,0.761904761904762,0.145203207411256,1.36562684530968,0.755415026360469,0.755415026360469,0.210106831146055,5,10
"127",-2.36488074902872,7,79915,20,5,0.627956588607578,-0.385010282039863,1.12258966491057,0.0476190476190476,-3.13069607745053,-0.78923189162958,-1.95996398454005,-1.95996398454005,-2.36488074902872,5,10
"128",-0.400534439951423,7,79915,20,5,0.627956588607578,-0.385010282039863,1.12258966491057,0.380952380952381,-0.878172558126795,0.240893830198045,-0.318639363964375,-0.318639363964375,-0.400534439951423,5,10
"129",-2.11508916320948,7,79915,20,5,0.627956588607578,-0.385010282039863,1.12258966491057,0.0952380952380952,-2.25500164509415,-0.624061296782765,-1.43953147093846,-1.43953147093846,-2.11508916320948,5,10
"130",-0.240901870637677,7,79915,20,5,0.627956588607578,-0.385010282039863,1.12258966491057,0.476190476190476,-0.612378426639773,0.486964870753346,-0.0627067779432138,-0.0627067779432138,-0.240901870637677,5,10
"131",-1.13028077657445,7,79915,20,5,0.627956588607578,-0.385010282039863,1.12258966491057,0.238095238095238,-1.36562684530968,-0.145203207411256,-0.755415026360469,-0.755415026360469,-1.13028077657445,5,10
"132",0.872538135513654,7,79915,20,5,0.627956588607578,-0.385010282039863,1.12258966491057,0.904761904761905,0.624061296782765,2.25500164509415,1.43953147093846,1.43953147093846,0.872538135513654,5,10
"133",-1.10736296380667,7,79915,20,5,0.627956588607578,-0.385010282039863,1.12258966491057,0.285714285714286,-1.18423419544305,-0.011286056641904,-0.597760126042478,-0.597760126042478,-1.10736296380667,5,10
"134",-0.0621491996023957,7,79915,20,5,0.627956588607578,-0.385010282039863,1.12258966491057,0.666666666666667,-0.116569151709816,1.02409353204957,0.45376219016988,0.45376219016988,-0.0621491996023957,5,10
"135",-0.0814670545567482,7,79915,20,5,0.627956588607578,-0.385010282039863,1.12258966491057,0.619047619047619,-0.240893830198045,0.878172558126795,0.318639363964375,0.318639363964375,-0.0814670545567482,5,10
"136",-0.223557962300082,7,79915,20,5,0.627956588607578,-0.385010282039863,1.12258966491057,0.523809523809524,-0.486964870753346,0.612378426639773,0.0627067779432138,0.0627067779432138,-0.223557962300082,5,10
"137",0.102823328773981,7,79915,20,5,0.627956588607578,-0.385010282039863,1.12258966491057,0.714285714285714,0.011286056641904,1.18423419544305,0.597760126042478,0.597760126042478,0.102823328773981,5,10
"138",-0.368856840196829,7,79915,20,5,0.627956588607578,-0.385010282039863,1.12258966491057,0.428571428571429,-0.741981845054401,0.363744992508816,-0.189118426272792,-0.189118426272792,-0.368856840196829,5,10
"139",0.564813021160726,7,79915,20,5,0.627956588607578,-0.385010282039863,1.12258966491057,0.80952380952381,0.288581382623485,1.58059719952347,0.93458929107348,0.93458929107348,0.564813021160726,5,10
"140",2.24198061480233,7,79915,20,5,0.627956588607578,-0.385010282039863,1.12258966491057,0.952380952380952,0.78923189162958,3.13069607745053,1.95996398454005,1.95996398454005,2.24198061480233,5,10
"141",0.370081228359071,8,56021,20,5,0.0346778616495215,0.159967891253969,1.04347432988245,0.619047619047619,-0.240893830198045,0.878172558126795,0.318639363964375,0.318639363964375,0.370081228359071,18,20
"142",0.336056854165571,8,56021,20,5,0.0346778616495215,0.159967891253969,1.04347432988245,0.523809523809524,-0.486964870753346,0.612378426639773,0.0627067779432138,0.0627067779432138,0.336056854165571,18,20
"143",0.434829712910627,8,56021,20,5,0.0346778616495215,0.159967891253969,1.04347432988245,0.666666666666667,-0.116569151709816,1.02409353204957,0.45376219016988,0.45376219016988,0.434829712910627,18,20
"144",0.361163259713332,8,56021,20,5,0.0346778616495215,0.159967891253969,1.04347432988245,0.571428571428571,-0.363744992508816,0.741981845054401,0.189118426272792,0.189118426272792,0.361163259713332,18,20
"145",-0.0916425648261046,8,56021,20,5,0.0346778616495215,0.159967891253969,1.04347432988245,0.380952380952381,-0.878172558126795,0.240893830198045,-0.318639363964375,-0.318639363964375,-0.0916425648261046,18,20
"146",-0.814220472678778,8,56021,20,5,0.0346778616495215,0.159967891253969,1.04347432988245,0.142857142857143,-1.85444850943105,-0.446250251320968,-1.15034938037601,-1.15034938037601,-0.814220472678778,18,20
"147",1.240731507797,8,56021,20,5,0.0346778616495215,0.159967891253969,1.04347432988245,0.857142857142857,0.446250251320968,1.85444850943105,1.15034938037601,1.15034938037601,1.240731507797,18,20
"148",0.824524840426339,8,56021,20,5,0.0346778616495215,0.159967891253969,1.04347432988245,0.761904761904762,0.145203207411256,1.36562684530968,0.755415026360469,0.755415026360469,0.824524840426339,18,20
"149",0.487019096966559,8,56021,20,5,0.0346778616495215,0.159967891253969,1.04347432988245,0.714285714285714,0.011286056641904,1.18423419544305,0.597760126042478,0.597760126042478,0.487019096966559,18,20
"150",-0.46233370802929,8,56021,20,5,0.0346778616495215,0.159967891253969,1.04347432988245,0.19047619047619,-1.58059719952348,-0.288581382623485,-0.93458929107348,-0.93458929107348,-0.46233370802929,18,20
"151",-3.06762284783166,8,56021,20,5,0.0346778616495215,0.159967891253969,1.04347432988245,0.0476190476190476,-3.13069607745053,-0.78923189162958,-1.95996398454005,-1.95996398454005,-3.06762284783166,18,20
"152",-0.225263166674895,8,56021,20,5,0.0346778616495215,0.159967891253969,1.04347432988245,0.238095238095238,-1.36562684530968,-0.145203207411256,-0.755415026360469,-0.755415026360469,-0.225263166674895,18,20
"153",-0.823837328789299,8,56021,20,5,0.0346778616495215,0.159967891253969,1.04347432988245,0.0952380952380952,-2.25500164509415,-0.624061296782765,-1.43953147093846,-1.43953147093846,-0.823837328789299,18,20
"154",1.89236655669754,8,56021,20,5,0.0346778616495215,0.159967891253969,1.04347432988245,0.952380952380952,0.78923189162958,3.13069607745053,1.95996398454005,1.95996398454005,1.89236655669754,18,20
"155",1.07999320789429,8,56021,20,5,0.0346778616495215,0.159967891253969,1.04347432988245,0.80952380952381,0.288581382623485,1.58059719952347,0.93458929107348,0.93458929107348,1.07999320789429,18,20
"156",-0.115607205425877,8,56021,20,5,0.0346778616495215,0.159967891253969,1.04347432988245,0.333333333333333,-1.02409353204957,0.116569151709816,-0.453762190169879,-0.453762190169879,-0.115607205425877,18,20
"157",0.132094980592165,8,56021,20,5,0.0346778616495215,0.159967891253969,1.04347432988245,0.428571428571429,-0.741981845054401,0.363744992508816,-0.189118426272792,-0.189118426272792,0.132094980592165,18,20
"158",0.291726448271286,8,56021,20,5,0.0346778616495215,0.159967891253969,1.04347432988245,0.476190476190476,-0.612378426639773,0.486964870753346,-0.0627067779432138,-0.0627067779432138,0.291726448271286,18,20
"159",-0.154613583427389,8,56021,20,5,0.0346778616495215,0.159967891253969,1.04347432988245,0.285714285714286,-1.18423419544305,-0.011286056641904,-0.597760126042478,-0.597760126042478,-0.154613583427389,18,20
"160",1.50391100896889,8,56021,20,5,0.0346778616495215,0.159967891253969,1.04347432988245,0.904761904761905,0.624061296782765,2.25500164509415,1.43953147093846,1.43953147093846,1.50391100896889,18,20
"161",-0.584834681500911,9,57960,20,5,0.404459396243007,0.375647437138057,0.806505070520661,0.0952380952380952,-2.25500164509415,-0.624061296782765,-1.43953147093846,-1.43953147093846,-0.584834681500911,7,14
"162",0.0332211878636872,9,57960,20,5,0.404459396243007,0.375647437138057,0.806505070520661,0.333333333333333,-1.02409353204957,0.116569151709816,-0.453762190169879,-0.453762190169879,0.0332211878636872,7,14
"163",0.673165439785139,9,57960,20,5,0.404459396243007,0.375647437138057,0.806505070520661,0.761904761904762,0.145203207411256,1.36562684530968,0.755415026360469,0.755415026360469,0.673165439785139,7,14
"164",-0.0764760619089615,9,57960,20,5,0.404459396243007,0.375647437138057,0.806505070520661,0.285714285714286,-1.18423419544305,-0.011286056641904,-0.597760126042478,-0.597760126042478,-0.0764760619089615,7,14
"165",-0.299305922054835,9,57960,20,5,0.404459396243007,0.375647437138057,0.806505070520661,0.19047619047619,-1.58059719952348,-0.288581382623485,-0.93458929107348,-0.93458929107348,-0.299305922054835,7,14
"166",0.10790185065925,9,57960,20,5,0.404459396243007,0.375647437138057,0.806505070520661,0.380952380952381,-0.878172558126795,0.240893830198045,-0.318639363964375,-0.318639363964375,0.10790185065925,7,14
"167",2.53909014636869,9,57960,20,5,0.404459396243007,0.375647437138057,0.806505070520661,0.952380952380952,0.78923189162958,3.13069607745053,1.95996398454005,1.95996398454005,2.53909014636869,7,14
"168",1.0543282604295,9,57960,20,5,0.404459396243007,0.375647437138057,0.806505070520661,0.80952380952381,0.288581382623485,1.58059719952347,0.93458929107348,0.93458929107348,1.0543282604295,7,14
"169",0.238753995954383,9,57960,20,5,0.404459396243007,0.375647437138057,0.806505070520661,0.428571428571429,-0.741981845054401,0.363744992508816,-0.189118426272792,-0.189118426272792,0.238753995954383,7,14
"170",1.40280019702939,9,57960,20,5,0.404459396243007,0.375647437138057,0.806505070520661,0.857142857142857,0.446250251320968,1.85444850943105,1.15034938037601,1.15034938037601,1.40280019702939,7,14
"171",0.399447505075336,9,57960,20,5,0.404459396243007,0.375647437138057,0.806505070520661,0.523809523809524,-0.486964870753346,0.612378426639773,0.0627067779432138,0.0627067779432138,0.399447505075336,7,14
"172",0.579410927935698,9,57960,20,5,0.404459396243007,0.375647437138057,0.806505070520661,0.666666666666667,-0.116569151709816,1.02409353204957,0.45376219016988,0.45376219016988,0.579410927935698,7,14
"173",0.408373094180032,9,57960,20,5,0.404459396243007,0.375647437138057,0.806505070520661,0.571428571428571,-0.363744992508816,0.741981845054401,0.189118426272792,0.189118426272792,0.408373094180032,7,14
"174",0.419901717703728,9,57960,20,5,0.404459396243007,0.375647437138057,0.806505070520661,0.619047619047619,-0.240893830198045,0.878172558126795,0.318639363964375,0.318639363964375,0.419901717703728,7,14
"175",0.585254576733543,9,57960,20,5,0.404459396243007,0.375647437138057,0.806505070520661,0.714285714285714,0.011286056641904,1.18423419544305,0.597760126042478,0.597760126042478,0.585254576733543,7,14
"176",1.40930459811844,9,57960,20,5,0.404459396243007,0.375647437138057,0.806505070520661,0.904761904761905,0.624061296782765,2.25500164509415,1.43953147093846,1.43953147093846,1.40930459811844,7,14
"177",-1.11762688070773,9,57960,20,5,0.404459396243007,0.375647437138057,0.806505070520661,0.0476190476190476,-3.13069607745053,-0.78923189162958,-1.95996398454005,-1.95996398454005,-1.11762688070773,7,14
"178",-0.424870179253295,9,57960,20,5,0.404459396243007,0.375647437138057,0.806505070520661,0.142857142857143,-1.85444850943105,-0.446250251320968,-1.15034938037601,-1.15034938037601,-0.424870179253295,7,14
"179",-0.122040528407201,9,57960,20,5,0.404459396243007,0.375647437138057,0.806505070520661,0.238095238095238,-1.36562684530968,-0.145203207411256,-0.755415026360469,-0.755415026360469,-0.122040528407201,7,14
"180",0.287149498757275,9,57960,20,5,0.404459396243007,0.375647437138057,0.806505070520661,0.476190476190476,-0.612378426639773,0.486964870753346,-0.0627067779432138,-0.0627067779432138,0.287149498757275,7,14
"181",0.152301062771982,10,35109,20,5,0.936090859383381,0.195169165486565,0.890796370033644,0.476190476190476,-0.612378426639773,0.486964870753346,-0.0627067779432138,-0.0627067779432138,0.152301062771982,19,12
"182",1.10872771306629,10,35109,20,5,0.936090859383381,0.195169165486565,0.890796370033644,0.80952380952381,0.288581382623485,1.58059719952347,0.93458929107348,0.93458929107348,1.10872771306629,19,12
"183",1.70391174763228,10,35109,20,5,0.936090859383381,0.195169165486565,0.890796370033644,0.952380952380952,0.78923189162958,3.13069607745053,1.95996398454005,1.95996398454005,1.70391174763228,19,12
"184",0.174278889539225,10,35109,20,5,0.936090859383381,0.195169165486565,0.890796370033644,0.523809523809524,-0.486964870753346,0.612378426639773,0.0627067779432138,0.0627067779432138,0.174278889539225,19,12
"185",0.452179637511883,10,35109,20,5,0.936090859383381,0.195169165486565,0.890796370033644,0.619047619047619,-0.240893830198045,0.878172558126795,0.318639363964375,0.318639363964375,0.452179637511883,19,12
"186",0.907087309052217,10,35109,20,5,0.936090859383381,0.195169165486565,0.890796370033644,0.761904761904762,0.145203207411256,1.36562684530968,0.755415026360469,0.755415026360469,0.907087309052217,19,12
"187",-0.45144512475277,10,35109,20,5,0.936090859383381,0.195169165486565,0.890796370033644,0.238095238095238,-1.36562684530968,-0.145203207411256,-0.755415026360469,-0.755415026360469,-0.45144512475277,19,12
"188",-0.747284913045579,10,35109,20,5,0.936090859383381,0.195169165486565,0.890796370033644,0.19047619047619,-1.58059719952348,-0.288581382623485,-0.93458929107348,-0.93458929107348,-0.747284913045579,19,12
"189",-0.141167235408825,10,35109,20,5,0.936090859383381,0.195169165486565,0.890796370033644,0.333333333333333,-1.02409353204957,0.116569151709816,-0.453762190169879,-0.453762190169879,-0.141167235408825,19,12
"190",0.0825120672979483,10,35109,20,5,0.936090859383381,0.195169165486565,0.890796370033644,0.428571428571429,-0.741981845054401,0.363744992508816,-0.189118426272792,-0.189118426272792,0.0825120672979483,19,12
"191",-0.134075174358168,10,35109,20,5,0.936090859383381,0.195169165486565,0.890796370033644,0.380952380952381,-0.878172558126795,0.240893830198045,-0.318639363964375,-0.318639363964375,-0.134075174358168,19,12
"192",-1.22480144986708,10,35109,20,5,0.936090859383381,0.195169165486565,0.890796370033644,0.0952380952380952,-2.25500164509415,-0.624061296782765,-1.43953147093846,-1.43953147093846,-1.22480144986708,19,12
"193",-0.87740240661293,10,35109,20,5,0.936090859383381,0.195169165486565,0.890796370033644,0.142857142857143,-1.85444850943105,-0.446250251320968,-1.15034938037601,-1.15034938037601,-0.87740240661293,19,12
"194",-0.303197085395408,10,35109,20,5,0.936090859383381,0.195169165486565,0.890796370033644,0.285714285714286,-1.18423419544305,-0.011286056641904,-0.597760126042478,-0.597760126042478,-0.303197085395408,19,12
"195",1.33714568758621,10,35109,20,5,0.936090859383381,0.195169165486565,0.890796370033644,0.857142857142857,0.446250251320968,1.85444850943105,1.15034938037601,1.15034938037601,1.33714568758621,19,12
"196",0.53536744024576,10,35109,20,5,0.936090859383381,0.195169165486565,0.890796370033644,0.666666666666667,-0.116569151709816,1.02409353204957,0.45376219016988,0.45376219016988,0.53536744024576,19,12
"197",-1.42809494975987,10,35109,20,5,0.936090859383381,0.195169165486565,0.890796370033644,0.0476190476190476,-3.13069607745053,-0.78923189162958,-1.95996398454005,-1.95996398454005,-1.42809494975987,19,12
"198",0.328327723324634,10,35109,20,5,0.936090859383381,0.195169165486565,0.890796370033644,0.571428571428571,-0.363744992508816,0.741981845054401,0.189118426272792,0.189118426272792,0.328327723324634,19,12
"199",0.837347982122386,10,35109,20,5,0.936090859383381,0.195169165486565,0.890796370033644,0.714285714285714,0.011286056641904,1.18423419544305,0.597760126042478,0.597760126042478,0.837347982122386,19,12
"200",1.59166438878112,10,35109,20,5,0.936090859383381,0.195169165486565,0.890796370033644,0.904761904761905,0.624061296782765,2.25500164509415,1.43953147093846,1.43953147093846,1.59166438878112,19,12
"201",1.88689316584699,11,50702,20,5,0.357538920046315,0.362188012711513,1.08037608220403,0.904761904761905,0.624061296782765,2.25500164509415,1.43953147093846,1.43953147093846,1.88689316584699,14,15
"202",-0.476386368866152,11,50702,20,5,0.357538920046315,0.362188012711513,1.08037608220403,0.19047619047619,-1.58059719952348,-0.288581382623485,-0.93458929107348,-0.93458929107348,-0.476386368866152,14,15
"203",1.34679664650554,11,50702,20,5,0.357538920046315,0.362188012711513,1.08037608220403,0.761904761904762,0.145203207411256,1.36562684530968,0.755415026360469,0.755415026360469,1.34679664650554,14,15
"204",0.22184697001281,11,50702,20,5,0.357538920046315,0.362188012711513,1.08037608220403,0.523809523809524,-0.486964870753346,0.612378426639773,0.0627067779432138,0.0627067779432138,0.22184697001281,14,15
"205",-0.359001649231116,11,50702,20,5,0.357538920046315,0.362188012711513,1.08037608220403,0.333333333333333,-1.02409353204957,0.116569151709816,-0.453762190169879,-0.453762190169879,-0.359001649231116,14,15
"206",-1.4278168634979,11,50702,20,5,0.357538920046315,0.362188012711513,1.08037608220403,0.0476190476190476,-3.13069607745053,-0.78923189162958,-1.95996398454005,-1.95996398454005,-1.4278168634979,14,15
"207",-1.0680630382817,11,50702,20,5,0.357538920046315,0.362188012711513,1.08037608220403,0.142857142857143,-1.85444850943105,-0.446250251320968,-1.15034938037601,-1.15034938037601,-1.0680630382817,14,15
"208",1.78532024287234,11,50702,20,5,0.357538920046315,0.362188012711513,1.08037608220403,0.857142857142857,0.446250251320968,1.85444850943105,1.15034938037601,1.15034938037601,1.78532024287234,14,15
"209",2.0299589511124,11,50702,20,5,0.357538920046315,0.362188012711513,1.08037608220403,0.952380952380952,0.78923189162958,3.13069607745053,1.95996398454005,1.95996398454005,2.0299589511124,14,15
"210",1.07298644904103,11,50702,20,5,0.357538920046315,0.362188012711513,1.08037608220403,0.666666666666667,-0.116569151709816,1.02409353204957,0.45376219016988,0.45376219016988,1.07298644904103,14,15
"211",0.173279527683276,11,50702,20,5,0.357538920046315,0.362188012711513,1.08037608220403,0.428571428571429,-0.741981845054401,0.363744992508816,-0.189118426272792,-0.189118426272792,0.173279527683276,14,15
"212",0.487862056468294,11,50702,20,5,0.357538920046315,0.362188012711513,1.08037608220403,0.571428571428571,-0.363744992508816,0.741981845054401,0.189118426272792,0.189118426272792,0.487862056468294,14,15
"213",1.67044810798362,11,50702,20,5,0.357538920046315,0.362188012711513,1.08037608220403,0.80952380952381,0.288581382623485,1.58059719952347,0.93458929107348,0.93458929107348,1.67044810798362,14,15
"214",-0.365863289324533,11,50702,20,5,0.357538920046315,0.362188012711513,1.08037608220403,0.285714285714286,-1.18423419544305,-0.011286056641904,-0.597760126042478,-0.597760126042478,-0.365863289324533,14,15
"215",0.982203152685796,11,50702,20,5,0.357538920046315,0.362188012711513,1.08037608220403,0.619047619047619,-0.240893830198045,0.878172558126795,0.318639363964375,0.318639363964375,0.982203152685796,14,15
"216",0.18315941353304,11,50702,20,5,0.357538920046315,0.362188012711513,1.08037608220403,0.476190476190476,-0.612378426639773,0.486964870753346,-0.0627067779432138,-0.0627067779432138,0.18315941353304,14,15
"217",-0.225033124633037,11,50702,20,5,0.357538920046315,0.362188012711513,1.08037608220403,0.380952380952381,-0.878172558126795,0.240893830198045,-0.318639363964375,-0.318639363964375,-0.225033124633037,14,15
"218",-0.455467876222904,11,50702,20,5,0.357538920046315,0.362188012711513,1.08037608220403,0.238095238095238,-1.36562684530968,-0.145203207411256,-0.755415026360469,-0.755415026360469,-0.455467876222904,14,15
"219",1.09651963870859,11,50702,20,5,0.357538920046315,0.362188012711513,1.08037608220403,0.714285714285714,0.011286056641904,1.18423419544305,0.597760126042478,0.597760126042478,1.09651963870859,14,15
"220",-1.31588185816614,11,50702,20,5,0.357538920046315,0.362188012711513,1.08037608220403,0.0952380952380952,-2.25500164509415,-0.624061296782765,-1.43953147093846,-1.43953147093846,-1.31588185816614,14,15
"221",0.590791606173138,12,70287,20,5,0.927711001924321,0.545136975651843,0.957397227666001,0.476190476190476,-0.612378426639773,0.486964870753346,-0.0627067779432138,-0.0627067779432138,0.590791606173138,4,16
"222",1.49910742574247,12,70287,20,5,0.927711001924321,0.545136975651843,0.957397227666001,0.80952380952381,0.288581382623485,1.58059719952347,0.93458929107348,0.93458929107348,1.49910742574247,4,16
"223",-0.0806278623999513,12,70287,20,5,0.927711001924321,0.545136975651843,0.957397227666001,0.285714285714286,-1.18423419544305,-0.011286056641904,-0.597760126042478,-0.597760126042478,-0.0806278623999513,4,16
"224",1.81332712590778,12,70287,20,5,0.927711001924321,0.545136975651843,0.957397227666001,0.904761904761905,0.624061296782765,2.25500164509415,1.43953147093846,1.43953147093846,1.81332712590778,4,16
"225",-1.16285320192258,12,70287,20,5,0.927711001924321,0.545136975651843,0.957397227666001,0.0476190476190476,-3.13069607745053,-0.78923189162958,-1.95996398454005,-1.95996398454005,-1.16285320192258,4,16
"226",0.765875808318303,12,70287,20,5,0.927711001924321,0.545136975651843,0.957397227666001,0.571428571428571,-0.363744992508816,0.741981845054401,0.189118426272792,0.189118426272792,0.765875808318303,4,16
"227",-0.850175268567445,12,70287,20,5,0.927711001924321,0.545136975651843,0.957397227666001,0.0952380952380952,-2.25500164509415,-0.624061296782765,-1.43953147093846,-1.43953147093846,-0.850175268567445,4,16
"228",1.11748107898316,12,70287,20,5,0.927711001924321,0.545136975651843,0.957397227666001,0.714285714285714,0.011286056641904,1.18423419544305,0.597760126042478,0.597760126042478,1.11748107898316,4,16
"229",1.81150966844616,12,70287,20,5,0.927711001924321,0.545136975651843,0.957397227666001,0.857142857142857,0.446250251320968,1.85444850943105,1.15034938037601,1.15034938037601,1.81150966844616,4,16
"230",0.670670474815054,12,70287,20,5,0.927711001924321,0.545136975651843,0.957397227666001,0.523809523809524,-0.486964870753346,0.612378426639773,0.0627067779432138,0.0627067779432138,0.670670474815054,4,16
"231",1.06681642994021,12,70287,20,5,0.927711001924321,0.545136975651843,0.957397227666001,0.666666666666667,-0.116569151709816,1.02409353204957,0.45376219016988,0.45376219016988,1.06681642994021,4,16
"232",0.380377990749398,12,70287,20,5,0.927711001924321,0.545136975651843,0.957397227666001,0.428571428571429,-0.741981845054401,0.363744992508816,-0.189118426272792,-0.189118426272792,0.380377990749398,4,16
"233",-0.621702146515952,12,70287,20,5,0.927711001924321,0.545136975651843,0.957397227666001,0.142857142857143,-1.85444850943105,-0.446250251320968,-1.15034938037601,-1.15034938037601,-0.621702146515952,4,16
"234",0.0409916213226794,12,70287,20,5,0.927711001924321,0.545136975651843,0.957397227666001,0.333333333333333,-1.02409353204957,0.116569151709816,-0.453762190169879,-0.453762190169879,0.0409916213226794,4,16
"235",1.35708275823136,12,70287,20,5,0.927711001924321,0.545136975651843,0.957397227666001,0.761904761904762,0.145203207411256,1.36562684530968,0.755415026360469,0.755415026360469,1.35708275823136,4,16
"236",0.841667956962449,12,70287,20,5,0.927711001924321,0.545136975651843,0.957397227666001,0.619047619047619,-0.240893830198045,0.878172558126795,0.318639363964375,0.318639363964375,0.841667956962449,4,16
"237",0.0920794992712848,12,70287,20,5,0.927711001924321,0.545136975651843,0.957397227666001,0.380952380952381,-0.878172558126795,0.240893830198045,-0.318639363964375,-0.318639363964375,0.0920794992712848,4,16
"238",-0.0938016072354058,12,70287,20,5,0.927711001924321,0.545136975651843,0.957397227666001,0.238095238095238,-1.36562684530968,-0.145203207411256,-0.755415026360469,-0.755415026360469,-0.0938016072354058,4,16
"239",2.28177525759192,12,70287,20,5,0.927711001924321,0.545136975651843,0.957397227666001,0.952380952380952,0.78923189162958,3.13069607745053,1.95996398454005,1.95996398454005,2.28177525759192,4,16
"240",-0.617655102777156,12,70287,20,5,0.927711001924321,0.545136975651843,0.957397227666001,0.19047619047619,-1.58059719952348,-0.288581382623485,-0.93458929107348,-0.93458929107348,-0.617655102777156,4,16
"241",-1.70157487265545,13,25664,20,5,0.761598553320037,0.0351771034436178,1.13397149295887,0.0476190476190476,-3.13069607745053,-0.78923189162958,-1.95996398454005,-1.95996398454005,-1.70157487265545,1,18
"242",0.00912059351101269,13,25664,20,5,0.761598553320037,0.0351771034436178,1.13397149295887,0.476190476190476,-0.612378426639773,0.486964870753346,-0.0627067779432138,-0.0627067779432138,0.00912059351101269,1,18
"243",1.30516366974299,13,25664,20,5,0.761598553320037,0.0351771034436178,1.13397149295887,0.857142857142857,0.446250251320968,1.85444850943105,1.15034938037601,1.15034938037601,1.30516366974299,1,18
"244",-0.182362392216513,13,25664,20,5,0.761598553320037,0.0351771034436178,1.13397149295887,0.428571428571429,-0.741981845054401,0.363744992508816,-0.189118426272792,-0.189118426272792,-0.182362392216513,1,18
"245",0.924450940678184,13,25664,20,5,0.761598553320037,0.0351771034436178,1.13397149295887,0.761904761904762,0.145203207411256,1.36562684530968,0.755415026360469,0.755415026360469,0.924450940678184,1,18
"246",-0.476592274111132,13,25664,20,5,0.761598553320037,0.0351771034436178,1.13397149295887,0.380952380952381,-0.878172558126795,0.240893830198045,-0.318639363964375,-0.318639363964375,-0.476592274111132,1,18
"247",-1.37559698871228,13,25664,20,5,0.761598553320037,0.0351771034436178,1.13397149295887,0.142857142857143,-1.85444850943105,-0.446250251320968,-1.15034938037601,-1.15034938037601,-1.37559698871228,1,18
"248",1.2470687250171,13,25664,20,5,0.761598553320037,0.0351771034436178,1.13397149295887,0.80952380952381,0.288581382623485,1.58059719952347,0.93458929107348,0.93458929107348,1.2470687250171,1,18
"249",-1.47197141094703,13,25664,20,5,0.761598553320037,0.0351771034436178,1.13397149295887,0.0952380952380952,-2.25500164509415,-0.624061296782765,-1.43953147093846,-1.43953147093846,-1.47197141094703,1,18
"250",0.0956367637759925,13,25664,20,5,0.761598553320037,0.0351771034436178,1.13397149295887,0.571428571428571,-0.363744992508816,0.741981845054401,0.189118426272792,0.189118426272792,0.0956367637759925,1,18
"251",0.400619777480432,13,25664,20,5,0.761598553320037,0.0351771034436178,1.13397149295887,0.666666666666667,-0.116569151709816,1.02409353204957,0.45376219016988,0.45376219016988,0.400619777480432,1,18
"252",1.7988884976,13,25664,20,5,0.761598553320037,0.0351771034436178,1.13397149295887,0.904761904761905,0.624061296782765,2.25500164509415,1.43953147093846,1.43953147093846,1.7988884976,1,18
"253",-0.600890392581209,13,25664,20,5,0.761598553320037,0.0351771034436178,1.13397149295887,0.333333333333333,-1.02409353204957,0.116569151709816,-0.453762190169879,-0.453762190169879,-0.600890392581209,1,18
"254",-0.60739468397282,13,25664,20,5,0.761598553320037,0.0351771034436178,1.13397149295887,0.285714285714286,-1.18423419544305,-0.011286056641904,-0.597760126042478,-0.597760126042478,-0.60739468397282,1,18
"255",0.907843164281739,13,25664,20,5,0.761598553320037,0.0351771034436178,1.13397149295887,0.714285714285714,0.011286056641904,1.18423419544305,0.597760126042478,0.597760126042478,0.907843164281739,1,18
"256",2.3347659143471,13,25664,20,5,0.761598553320037,0.0351771034436178,1.13397149295887,0.952380952380952,0.78923189162958,3.13069607745053,1.95996398454005,1.95996398454005,2.3347659143471,1,18
"257",0.317729047120549,13,25664,20,5,0.761598553320037,0.0351771034436178,1.13397149295887,0.619047619047619,-0.240893830198045,0.878172558126795,0.318639363964375,0.318639363964375,0.317729047120549,1,18
"258",0.0281360769707636,13,25664,20,5,0.761598553320037,0.0351771034436178,1.13397149295887,0.523809523809524,-0.486964870753346,0.612378426639773,0.0627067779432138,0.0627067779432138,0.0281360769707636,1,18
"259",-0.917597711524421,13,25664,20,5,0.761598553320037,0.0351771034436178,1.13397149295887,0.238095238095238,-1.36562684530968,-0.145203207411256,-0.755415026360469,-0.755415026360469,-0.917597711524421,1,18
"260",-1.33190037493266,13,25664,20,5,0.761598553320037,0.0351771034436178,1.13397149295887,0.19047619047619,-1.58059719952348,-0.288581382623485,-0.93458929107348,-0.93458929107348,-1.33190037493266,1,18
"261",0.262098027554002,14,18932,20,5,0.286682725383922,0.166905736636024,1.00048141771195,0.428571428571429,-0.741981845054401,0.363744992508816,-0.189118426272792,-0.189118426272792,0.262098027554002,16,17
"262",1.39782904275616,14,18932,20,5,0.286682725383922,0.166905736636024,1.00048141771195,0.857142857142857,0.446250251320968,1.85444850943105,1.15034938037601,1.15034938037601,1.39782904275616,16,17
"263",-1.46733547549082,14,18932,20,5,0.286682725383922,0.166905736636024,1.00048141771195,0.0476190476190476,-3.13069607745053,-0.78923189162958,-1.95996398454005,-1.95996398454005,-1.46733547549082,16,17
"264",0.269921841260512,14,18932,20,5,0.286682725383922,0.166905736636024,1.00048141771195,0.476190476190476,-0.612378426639773,0.486964870753346,-0.0627067779432138,-0.0627067779432138,0.269921841260512,16,17
"265",-0.804683576991844,14,18932,20,5,0.286682725383922,0.166905736636024,1.00048141771195,0.285714285714286,-1.18423419544305,-0.011286056641904,-0.597760126042478,-0.597760126042478,-0.804683576991844,16,17
"266",0.39115849622695,14,18932,20,5,0.286682725383922,0.166905736636024,1.00048141771195,0.571428571428571,-0.363744992508816,0.741981845054401,0.189118426272792,0.189118426272792,0.39115849622695,16,17
"267",1.45796137595886,14,18932,20,5,0.286682725383922,0.166905736636024,1.00048141771195,0.904761904761905,0.624061296782765,2.25500164509415,1.43953147093846,1.43953147093846,1.45796137595886,16,17
"268",-1.05553475487032,14,18932,20,5,0.286682725383922,0.166905736636024,1.00048141771195,0.0952380952380952,-2.25500164509415,-0.624061296782765,-1.43953147093846,-1.43953147093846,-1.05553475487032,16,17
"269",1.92040828246676,14,18932,20,5,0.286682725383922,0.166905736636024,1.00048141771195,0.952380952380952,0.78923189162958,3.13069607745053,1.95996398454005,1.95996398454005,1.92040828246676,16,17
"270",0.447149298980672,14,18932,20,5,0.286682725383922,0.166905736636024,1.00048141771195,0.619047619047619,-0.240893830198045,0.878172558126795,0.318639363964375,0.318639363964375,0.447149298980672,16,17
"271",0.387960951904806,14,18932,20,5,0.286682725383922,0.166905736636024,1.00048141771195,0.523809523809524,-0.486964870753346,0.612378426639773,0.0627067779432138,0.0627067779432138,0.387960951904806,16,17
"272",-0.635565078962702,14,18932,20,5,0.286682725383922,0.166905736636024,1.00048141771195,0.333333333333333,-1.02409353204957,0.116569151709816,-0.453762190169879,-0.453762190169879,-0.635565078962702,16,17
"273",-0.3494972009556,14,18932,20,5,0.286682725383922,0.166905736636024,1.00048141771195,0.380952380952381,-0.878172558126795,0.240893830198045,-0.318639363964375,-0.318639363964375,-0.3494972009556,16,17
"274",1.1000232193608,14,18932,20,5,0.286682725383922,0.166905736636024,1.00048141771195,0.80952380952381,0.288581382623485,1.58059719952347,0.93458929107348,0.93458929107348,1.1000232193608,16,17
"275",0.81096630508734,14,18932,20,5,0.286682725383922,0.166905736636024,1.00048141771195,0.666666666666667,-0.116569151709816,1.02409353204957,0.45376219016988,0.45376219016988,0.81096630508734,16,17
"276",-1.00468447736109,14,18932,20,5,0.286682725383922,0.166905736636024,1.00048141771195,0.142857142857143,-1.85444850943105,-0.446250251320968,-1.15034938037601,-1.15034938037601,-1.00468447736109,16,17
"277",1.0898602454858,14,18932,20,5,0.286682725383922,0.166905736636024,1.00048141771195,0.761904761904762,0.145203207411256,1.36562684530968,0.755415026360469,0.755415026360469,1.0898602454858,16,17
"278",-0.894458684696904,14,18932,20,5,0.286682725383922,0.166905736636024,1.00048141771195,0.238095238095238,-1.36562684530968,-0.145203207411256,-0.755415026360469,-0.755415026360469,-0.894458684696904,16,17
"279",0.970852754401545,14,18932,20,5,0.286682725383922,0.166905736636024,1.00048141771195,0.714285714285714,0.011286056641904,1.18423419544305,0.597760126042478,0.597760126042478,0.970852754401545,16,17
"280",-0.956315859394443,14,18932,20,5,0.286682725383922,0.166905736636024,1.00048141771195,0.19047619047619,-1.58059719952348,-0.288581382623485,-0.93458929107348,-0.93458929107348,-0.956315859394443,16,17
"281",0.592913400616779,15,55001,20,5,0.00290839459954259,-0.0447343527187214,0.938959253044147,0.761904761904762,0.145203207411256,1.36562684530968,0.755415026360469,0.755415026360469,0.592913400616779,6,9
"282",-0.171992905559752,15,55001,20,5,0.00290839459954259,-0.0447343527187214,0.938959253044147,0.380952380952381,-0.878172558126795,0.240893830198045,-0.318639363964375,-0.318639363964375,-0.171992905559752,6,9
"283",0.699579150692769,15,55001,20,5,0.00290839459954259,-0.0447343527187214,0.938959253044147,0.80952380952381,0.288581382623485,1.58059719952347,0.93458929107348,0.93458929107348,0.699579150692769,6,9
"284",-0.109546569435441,15,55001,20,5,0.00290839459954259,-0.0447343527187214,0.938959253044147,0.428571428571429,-0.741981845054401,0.363744992508816,-0.189118426272792,-0.189118426272792,-0.109546569435441,6,9
"285",-0.89252574315906,15,55001,20,5,0.00290839459954259,-0.0447343527187214,0.938959253044147,0.0952380952380952,-2.25500164509415,-0.624061296782765,-1.43953147093846,-1.43953147093846,-0.89252574315906,6,9
"286",0.725854319162879,15,55001,20,5,0.00290839459954259,-0.0447343527187214,0.938959253044147,0.857142857142857,0.446250251320968,1.85444850943105,1.15034938037601,1.15034938037601,0.725854319162879,6,9
"287",-0.219865968693923,15,55001,20,5,0.00290839459954259,-0.0447343527187214,0.938959253044147,0.333333333333333,-1.02409353204957,0.116569151709816,-0.453762190169879,-0.453762190169879,-0.219865968693923,6,9
"288",0.00931299977251362,15,55001,20,5,0.00290839459954259,-0.0447343527187214,0.938959253044147,0.476190476190476,-0.612378426639773,0.486964870753346,-0.0627067779432138,-0.0627067779432138,0.00931299977251362,6,9
"289",0.459276702049588,15,55001,20,5,0.00290839459954259,-0.0447343527187214,0.938959253044147,0.666666666666667,-0.116569151709816,1.02409353204957,0.45376219016988,0.45376219016988,0.459276702049588,6,9
"290",0.186793474656628,15,55001,20,5,0.00290839459954259,-0.0447343527187214,0.938959253044147,0.571428571428571,-0.363744992508816,0.741981845054401,0.189118426272792,0.189118426272792,0.186793474656628,6,9
"291",-0.320686016904313,15,55001,20,5,0.00290839459954259,-0.0447343527187214,0.938959253044147,0.285714285714286,-1.18423419544305,-0.011286056641904,-0.597760126042478,-0.597760126042478,-0.320686016904313,6,9
"292",1.17298306516332,15,55001,20,5,0.00290839459954259,-0.0447343527187214,0.938959253044147,0.952380952380952,0.78923189162958,3.13069607745053,1.95996398454005,1.95996398454005,1.17298306516332,6,9
"293",-0.359579537537351,15,55001,20,5,0.00290839459954259,-0.0447343527187214,0.938959253044147,0.238095238095238,-1.36562684530968,-0.145203207411256,-0.755415026360469,-0.755415026360469,-0.359579537537351,6,9
"294",-0.634087957648359,15,55001,20,5,0.00290839459954259,-0.0447343527187214,0.938959253044147,0.19047619047619,-1.58059719952348,-0.288581382623485,-0.93458929107348,-0.93458929107348,-0.634087957648359,6,9
"295",0.972702515404866,15,55001,20,5,0.00290839459954259,-0.0447343527187214,0.938959253044147,0.904761904761905,0.624061296782765,2.25500164509415,1.43953147093846,1.43953147093846,0.972702515404866,6,9
"296",0.384350550614244,15,55001,20,5,0.00290839459954259,-0.0447343527187214,0.938959253044147,0.619047619047619,-0.240893830198045,0.878172558126795,0.318639363964375,0.318639363964375,0.384350550614244,6,9
"297",0.502298730884718,15,55001,20,5,0.00290839459954259,-0.0447343527187214,0.938959253044147,0.714285714285714,0.011286056641904,1.18423419544305,0.597760126042478,0.597760126042478,0.502298730884718,6,9
"298",-3.19928124948771,15,55001,20,5,0.00290839459954259,-0.0447343527187214,0.938959253044147,0.0476190476190476,-3.13069607745053,-0.78923189162958,-1.95996398454005,-1.95996398454005,-3.19928124948771,6,9
"299",-0.825696558831577,15,55001,20,5,0.00290839459954259,-0.0447343527187214,0.938959253044147,0.142857142857143,-1.85444850943105,-0.446250251320968,-1.15034938037601,-1.15034938037601,-0.825696558831577,6,9
"300",0.132510543864748,15,55001,20,5,0.00290839459954259,-0.0447343527187214,0.938959253044147,0.523809523809524,-0.486964870753346,0.612378426639773,0.0627067779432138,0.0627067779432138,0.132510543864748,6,9
"301",-2.56253690023681,16,24409,20,5,0.389794249380732,-0.00377814951287798,1.11895758071906,0.0476190476190476,-3.13069607745053,-0.78923189162958,-1.95996398454005,-1.95996398454005,-2.56253690023681,20,3
"302",-2.14568377342986,16,24409,20,5,0.389794249380732,-0.00377814951287798,1.11895758071906,0.0952380952380952,-2.25500164509415,-0.624061296782765,-1.43953147093846,-1.43953147093846,-2.14568377342986,20,3
"303",0.301564963091107,16,24409,20,5,0.389794249380732,-0.00377814951287798,1.11895758071906,0.619047619047619,-0.240893830198045,0.878172558126795,0.318639363964375,0.318639363964375,0.301564963091107,20,3
"304",0.771507657218731,16,24409,20,5,0.389794249380732,-0.00377814951287798,1.11895758071906,0.80952380952381,0.288581382623485,1.58059719952347,0.93458929107348,0.93458929107348,0.771507657218731,20,3
"305",-0.00396843568188676,16,24409,20,5,0.389794249380732,-0.00377814951287798,1.11895758071906,0.476190476190476,-0.612378426639773,0.486964870753346,-0.0627067779432138,-0.0627067779432138,-0.00396843568188676,20,3
"306",0.63732598192823,16,24409,20,5,0.389794249380732,-0.00377814951287798,1.11895758071906,0.761904761904762,0.145203207411256,1.36562684530968,0.755415026360469,0.755415026360469,0.63732598192823,20,3
"307",1.39276758057617,16,24409,20,5,0.389794249380732,-0.00377814951287798,1.11895758071906,0.904761904761905,0.624061296782765,2.25500164509415,1.43953147093846,1.43953147093846,1.39276758057617,20,3
"308",0.439090180781385,16,24409,20,5,0.389794249380732,-0.00377814951287798,1.11895758071906,0.714285714285714,0.011286056641904,1.18423419544305,0.597760126042478,0.597760126042478,0.439090180781385,20,3
"309",-0.38027486816646,16,24409,20,5,0.389794249380732,-0.00377814951287798,1.11895758071906,0.285714285714286,-1.18423419544305,-0.011286056641904,-0.597760126042478,-0.597760126042478,-0.38027486816646,20,3
"310",0.991349052146894,16,24409,20,5,0.389794249380732,-0.00377814951287798,1.11895758071906,0.857142857142857,0.446250251320968,1.85444850943105,1.15034938037601,1.15034938037601,0.991349052146894,20,3
"311",-0.394688461734111,16,24409,20,5,0.389794249380732,-0.00377814951287798,1.11895758071906,0.238095238095238,-1.36562684530968,-0.145203207411256,-0.755415026360469,-0.755415026360469,-0.394688461734111,20,3
"312",-0.359006978355685,16,24409,20,5,0.389794249380732,-0.00377814951287798,1.11895758071906,0.333333333333333,-1.02409353204957,0.116569151709816,-0.453762190169879,-0.453762190169879,-0.359006978355685,20,3
"313",-0.921157992125028,16,24409,20,5,0.389794249380732,-0.00377814951287798,1.11895758071906,0.142857142857143,-1.85444850943105,-0.446250251320968,-1.15034938037601,-1.15034938037601,-0.921157992125028,20,3
"314",2.50270863069308,16,24409,20,5,0.389794249380732,-0.00377814951287798,1.11895758071906,0.952380952380952,0.78923189162958,3.13069607745053,1.95996398454005,1.95996398454005,2.50270863069308,20,3
"315",0.371608726352393,16,24409,20,5,0.389794249380732,-0.00377814951287798,1.11895758071906,0.666666666666667,-0.116569151709816,1.02409353204957,0.45376219016988,0.45376219016988,0.371608726352393,20,3
"316",-0.764024914423911,16,24409,20,5,0.389794249380732,-0.00377814951287798,1.11895758071906,0.19047619047619,-1.58059719952348,-0.288581382623485,-0.93458929107348,-0.93458929107348,-0.764024914423911,20,3
"317",0.0949244620843375,16,24409,20,5,0.389794249380732,-0.00377814951287798,1.11895758071906,0.523809523809524,-0.486964870753346,0.612378426639773,0.0627067779432138,0.0627067779432138,0.0949244620843375,20,3
"318",-0.207431463084484,16,24409,20,5,0.389794249380732,-0.00377814951287798,1.11895758071906,0.380952380952381,-0.878172558126795,0.240893830198045,-0.318639363964375,-0.318639363964375,-0.207431463084484,20,3
"319",0.284100780552801,16,24409,20,5,0.389794249380732,-0.00377814951287798,1.11895758071906,0.571428571428571,-0.363744992508816,0.741981845054401,0.189118426272792,0.189118426272792,0.284100780552801,20,3
"320",-0.123737218444452,16,24409,20,5,0.389794249380732,-0.00377814951287798,1.11895758071906,0.428571428571429,-0.741981845054401,0.363744992508816,-0.189118426272792,-0.189118426272792,-0.123737218444452,20,3
"321",-0.445973150761863,17,42670,20,5,0.561422550699494,-0.346491642931476,0.769846988763806,0.476190476190476,-0.612378426639773,0.486964870753346,-0.0627067779432138,-0.0627067779432138,-0.445973150761863,3,4
"322",0.176829761649089,17,42670,20,5,0.561422550699494,-0.346491642931476,0.769846988763806,0.80952380952381,0.288581382623485,1.58059719952347,0.93458929107348,0.93458929107348,0.176829761649089,3,4
"323",0.105417955812797,17,42670,20,5,0.561422550699494,-0.346491642931476,0.769846988763806,0.714285714285714,0.011286056641904,1.18423419544305,0.597760126042478,0.597760126042478,0.105417955812797,3,4
"324",-1.35686360637043,17,42670,20,5,0.561422550699494,-0.346491642931476,0.769846988763806,0.142857142857143,-1.85444850943105,-0.446250251320968,-1.15034938037601,-1.15034938037601,-1.35686360637043,3,4
"325",-0.22607168119733,17,42670,20,5,0.561422550699494,-0.346491642931476,0.769846988763806,0.571428571428571,-0.363744992508816,0.741981845054401,0.189118426272792,0.189118426272792,-0.22607168119733,3,4
"326",1.56347489089555,17,42670,20,5,0.561422550699494,-0.346491642931476,0.769846988763806,0.952380952380952,0.78923189162958,3.13069607745053,1.95996398454005,1.95996398454005,1.56347489089555,3,4
"327",-0.214469996050916,17,42670,20,5,0.561422550699494,-0.346491642931476,0.769846988763806,0.619047619047619,-0.240893830198045,0.878172558126795,0.318639363964375,0.318639363964375,-0.214469996050916,3,4
"328",-0.712063415160278,17,42670,20,5,0.561422550699494,-0.346491642931476,0.769846988763806,0.380952380952381,-0.878172558126795,0.240893830198045,-0.318639363964375,-0.318639363964375,-0.712063415160278,3,4
"329",-0.330282467744798,17,42670,20,5,0.561422550699494,-0.346491642931476,0.769846988763806,0.523809523809524,-0.486964870753346,0.612378426639773,0.0627067779432138,0.0627067779432138,-0.330282467744798,3,4
"330",-1.39227621045317,17,42670,20,5,0.561422550699494,-0.346491642931476,0.769846988763806,0.0952380952380952,-2.25500164509415,-0.624061296782765,-1.43953147093846,-1.43953147093846,-1.39227621045317,3,4
"331",0.360850649084929,17,42670,20,5,0.561422550699494,-0.346491642931476,0.769846988763806,0.857142857142857,0.446250251320968,1.85444850943105,1.15034938037601,1.15034938037601,0.360850649084929,3,4
"332",-0.779810888417016,17,42670,20,5,0.561422550699494,-0.346491642931476,0.769846988763806,0.285714285714286,-1.18423419544305,-0.011286056641904,-0.597760126042478,-0.597760126042478,-0.779810888417016,3,4
"333",0.166899337428316,17,42670,20,5,0.561422550699494,-0.346491642931476,0.769846988763806,0.761904761904762,0.145203207411256,1.36562684530968,0.755415026360469,0.755415026360469,0.166899337428316,3,4
"334",0.853580622631819,17,42670,20,5,0.561422550699494,-0.346491642931476,0.769846988763806,0.904761904761905,0.624061296782765,2.25500164509415,1.43953147093846,1.43953147093846,0.853580622631819,3,4
"335",-1.57365337457163,17,42670,20,5,0.561422550699494,-0.346491642931476,0.769846988763806,0.0476190476190476,-3.13069607745053,-0.78923189162958,-1.95996398454005,-1.95996398454005,-1.57365337457163,3,4
"336",-0.796859253317758,17,42670,20,5,0.561422550699494,-0.346491642931476,0.769846988763806,0.238095238095238,-1.36562684530968,-0.145203207411256,-0.755415026360469,-0.755415026360469,-0.796859253317758,3,4
"337",-0.895198531538048,17,42670,20,5,0.561422550699494,-0.346491642931476,0.769846988763806,0.19047619047619,-1.58059719952348,-0.288581382623485,-0.93458929107348,-0.93458929107348,-0.895198531538048,3,4
"338",-0.684648862628686,17,42670,20,5,0.561422550699494,-0.346491642931476,0.769846988763806,0.428571428571429,-0.741981845054401,0.363744992508816,-0.189118426272792,-0.189118426272792,-0.684648862628686,3,4
"339",-0.778543010312786,17,42670,20,5,0.561422550699494,-0.346491642931476,0.769846988763806,0.333333333333333,-1.02409353204957,0.116569151709816,-0.453762190169879,-0.453762190169879,-0.778543010312786,3,4
"340",0.0298283723926863,17,42670,20,5,0.561422550699494,-0.346491642931476,0.769846988763806,0.666666666666667,-0.116569151709816,1.02409353204957,0.45376219016988,0.45376219016988,0.0298283723926863,3,4
"341",0.104545755693515,18,79215,20,5,0.0659544372112978,-0.159916191642956,1.08593655254016,0.714285714285714,0.011286056641904,1.18423419544305,0.597760126042478,0.597760126042478,0.104545755693515,9,1
"342",-1.13762437945305,18,79215,20,5,0.0659544372112978,-0.159916191642956,1.08593655254016,0.19047619047619,-1.58059719952348,-0.288581382623485,-0.93458929107348,-0.93458929107348,-1.13762437945305,9,1
"343",-0.239120712303744,18,79215,20,5,0.0659544372112978,-0.159916191642956,1.08593655254016,0.619047619047619,-0.240893830198045,0.878172558126795,0.318639363964375,0.318639363964375,-0.239120712303744,9,1
"344",-0.759039934368166,18,79215,20,5,0.0659544372112978,-0.159916191642956,1.08593655254016,0.333333333333333,-1.02409353204957,0.116569151709816,-0.453762190169879,-0.453762190169879,-0.759039934368166,9,1
"345",1.26601017008613,18,79215,20,5,0.0659544372112978,-0.159916191642956,1.08593655254016,0.761904761904762,0.145203207411256,1.36562684530968,0.755415026360469,0.755415026360469,1.26601017008613,9,1
"346",1.42672884455063,18,79215,20,5,0.0659544372112978,-0.159916191642956,1.08593655254016,0.857142857142857,0.446250251320968,1.85444850943105,1.15034938037601,1.15034938037601,1.42672884455063,9,1
"347",-1.97784190370761,18,79215,20,5,0.0659544372112978,-0.159916191642956,1.08593655254016,0.0476190476190476,-3.13069607745053,-0.78923189162958,-1.95996398454005,-1.95996398454005,-1.97784190370761,9,1
"348",-0.189301049606898,18,79215,20,5,0.0659544372112978,-0.159916191642956,1.08593655254016,0.666666666666667,-0.116569151709816,1.02409353204957,0.45376219016988,0.45376219016988,-0.189301049606898,9,1
"349",-1.41875400712335,18,79215,20,5,0.0659544372112978,-0.159916191642956,1.08593655254016,0.0952380952380952,-2.25500164509415,-0.624061296782765,-1.43953147093846,-1.43953147093846,-1.41875400712335,9,1
"350",-0.248252958937103,18,79215,20,5,0.0659544372112978,-0.159916191642956,1.08593655254016,0.571428571428571,-0.363744992508816,0.741981845054401,0.189118426272792,0.189118426272792,-0.248252958937103,9,1
"351",-0.852339404397774,18,79215,20,5,0.0659544372112978,-0.159916191642956,1.08593655254016,0.238095238095238,-1.36562684530968,-0.145203207411256,-0.755415026360469,-0.755415026360469,-0.852339404397774,9,1
"352",-0.725658606625152,18,79215,20,5,0.0659544372112978,-0.159916191642956,1.08593655254016,0.380952380952381,-0.878172558126795,0.240893830198045,-0.318639363964375,-0.318639363964375,-0.725658606625152,9,1
"353",1.53075578457296,18,79215,20,5,0.0659544372112978,-0.159916191642956,1.08593655254016,0.904761904761905,0.624061296782765,2.25500164509415,1.43953147093846,1.43953147093846,1.53075578457296,9,1
"354",-0.773613409465139,18,79215,20,5,0.0659544372112978,-0.159916191642956,1.08593655254016,0.285714285714286,-1.18423419544305,-0.011286056641904,-0.597760126042478,-0.597760126042478,-0.773613409465139,9,1
"355",1.83234092140117,18,79215,20,5,0.0659544372112978,-0.159916191642956,1.08593655254016,0.952380952380952,0.78923189162958,3.13069607745053,1.95996398454005,1.95996398454005,1.83234092140117,9,1
"356",-0.419437232171438,18,79215,20,5,0.0659544372112978,-0.159916191642956,1.08593655254016,0.476190476190476,-0.612378426639773,0.486964870753346,-0.0627067779432138,-0.0627067779432138,-0.419437232171438,9,1
"357",-1.18718536203321,18,79215,20,5,0.0659544372112978,-0.159916191642956,1.08593655254016,0.142857142857143,-1.85444850943105,-0.446250251320968,-1.15034938037601,-1.15034938037601,-1.18718536203321,9,1
"358",-0.425425981200541,18,79215,20,5,0.0659544372112978,-0.159916191642956,1.08593655254016,0.428571428571429,-0.741981845054401,0.363744992508816,-0.189118426272792,-0.189118426272792,-0.425425981200541,9,1
"359",-0.370009356189086,18,79215,20,5,0.0659544372112978,-0.159916191642956,1.08593655254016,0.523809523809524,-0.486964870753346,0.612378426639773,0.0627067779432138,0.0627067779432138,-0.370009356189086,9,1
"360",1.36489898841874,18,79215,20,5,0.0659544372112978,-0.159916191642956,1.08593655254016,0.80952380952381,0.288581382623485,1.58059719952347,0.93458929107348,0.93458929107348,1.36489898841874,9,1
"361",0.0167857331054284,19,50100,20,5,0.49414566830972,-0.296175944837851,0.970209787033986,0.523809523809524,-0.486964870753346,0.612378426639773,0.0627067779432138,0.0627067779432138,0.0167857331054284,2,6
"362",0.30921064319311,19,50100,20,5,0.49414566830972,-0.296175944837851,0.970209787033986,0.714285714285714,0.011286056641904,1.18423419544305,0.597760126042478,0.597760126042478,0.30921064319311,2,6
"363",-0.112751304311309,19,50100,20,5,0.49414566830972,-0.296175944837851,0.970209787033986,0.476190476190476,-0.612378426639773,0.486964870753346,-0.0627067779432138,-0.0627067779432138,-0.112751304311309,2,6
"364",0.601857219419216,19,50100,20,5,0.49414566830972,-0.296175944837851,0.970209787033986,0.80952380952381,0.288581382623485,1.58059719952347,0.93458929107348,0.93458929107348,0.601857219419216,2,6
"365",-0.40595696416828,19,50100,20,5,0.49414566830972,-0.296175944837851,0.970209787033986,0.428571428571429,-0.741981845054401,0.363744992508816,-0.189118426272792,-0.189118426272792,-0.40595696416828,2,6
"366",1.29820958183696,19,50100,20,5,0.49414566830972,-0.296175944837851,0.970209787033986,0.952380952380952,0.78923189162958,3.13069607745053,1.95996398454005,1.95996398454005,1.29820958183696,2,6
"367",0.192163431404558,19,50100,20,5,0.49414566830972,-0.296175944837851,0.970209787033986,0.666666666666667,-0.116569151709816,1.02409353204957,0.45376219016988,0.45376219016988,0.192163431404558,2,6
"368",0.133496169634752,19,50100,20,5,0.49414566830972,-0.296175944837851,0.970209787033986,0.619047619047619,-0.240893830198045,0.878172558126795,0.318639363964375,0.318639363964375,0.133496169634752,2,6
"369",-2.50687515064151,19,50100,20,5,0.49414566830972,-0.296175944837851,0.970209787033986,0.0476190476190476,-3.13069607745053,-0.78923189162958,-1.95996398454005,-1.95996398454005,-2.50687515064151,2,6
"370",0.758296290964678,19,50100,20,5,0.49414566830972,-0.296175944837851,0.970209787033986,0.904761904761905,0.624061296782765,2.25500164509415,1.43953147093846,1.43953147093846,0.758296290964678,2,6
"371",-0.884609528847014,19,50100,20,5,0.49414566830972,-0.296175944837851,0.970209787033986,0.285714285714286,-1.18423419544305,-0.011286056641904,-0.597760126042478,-0.597760126042478,-0.884609528847014,2,6
"372",-1.28237029420187,19,50100,20,5,0.49414566830972,-0.296175944837851,0.970209787033986,0.19047619047619,-1.58059719952348,-0.288581382623485,-0.93458929107348,-0.93458929107348,-1.28237029420187,2,6
"373",-0.91793642658152,19,50100,20,5,0.49414566830972,-0.296175944837851,0.970209787033986,0.238095238095238,-1.36562684530968,-0.145203207411256,-0.755415026360469,-0.755415026360469,-0.91793642658152,2,6
"374",-0.518030053523687,19,50100,20,5,0.49414566830972,-0.296175944837851,0.970209787033986,0.333333333333333,-1.02409353204957,0.116569151709816,-0.453762190169879,-0.453762190169879,-0.518030053523687,2,6
"375",-1.31953245811472,19,50100,20,5,0.49414566830972,-0.296175944837851,0.970209787033986,0.142857142857143,-1.85444850943105,-0.446250251320968,-1.15034938037601,-1.15034938037601,-1.31953245811472,2,6
"376",0.0714226205747098,19,50100,20,5,0.49414566830972,-0.296175944837851,0.970209787033986,0.571428571428571,-0.363744992508816,0.741981845054401,0.189118426272792,0.189118426272792,0.0714226205747098,2,6
"377",-2.04399411645199,19,50100,20,5,0.49414566830972,-0.296175944837851,0.970209787033986,0.0952380952380952,-2.25500164509415,-0.624061296782765,-1.43953147093846,-1.43953147093846,-2.04399411645199,2,6
"378",-0.493777629644724,19,50100,20,5,0.49414566830972,-0.296175944837851,0.970209787033986,0.380952380952381,-0.878172558126795,0.240893830198045,-0.318639363964375,-0.318639363964375,-0.493777629644724,2,6
"379",0.569584310741372,19,50100,20,5,0.49414566830972,-0.296175944837851,0.970209787033986,0.761904761904762,0.145203207411256,1.36562684530968,0.755415026360469,0.755415026360469,0.569584310741372,2,6
"380",0.611289028854819,19,50100,20,5,0.49414566830972,-0.296175944837851,0.970209787033986,0.857142857142857,0.446250251320968,1.85444850943105,1.15034938037601,1.15034938037601,0.611289028854819,2,6
"381",0.974957637151752,20,-994833291,20,5,0.112746727173426,-0.344164093350526,1.10052062329113,0.857142857142857,0.446250251320968,1.85444850943105,1.15034938037601,1.15034938037601,0.974957637151752,12,5
"382",-0.931817480074156,20,-994833291,20,5,0.112746727173426,-0.344164093350526,1.10052062329113,0.380952380952381,-0.878172558126795,0.240893830198045,-0.318639363964375,-0.318639363964375,-0.931817480074156,12,5
"383",0.192890537908015,20,-994833291,20,5,0.112746727173426,-0.344164093350526,1.10052062329113,0.571428571428571,-0.363744992508816,0.741981845054401,0.189118426272792,0.189118426272792,0.192890537908015,12,5
"384",0.6338946777612,20,-994833291,20,5,0.112746727173426,-0.344164093350526,1.10052062329113,0.714285714285714,0.011286056641904,1.18423419544305,0.597760126042478,0.597760126042478,0.6338946777612,12,5
"385",0.136328275031998,20,-994833291,20,5,0.112746727173426,-0.344164093350526,1.10052062329113,0.523809523809524,-0.486964870753346,0.612378426639773,0.0627067779432138,0.0627067779432138,0.136328275031998,12,5
"386",-0.806089945575039,20,-994833291,20,5,0.112746727173426,-0.344164093350526,1.10052062329113,0.428571428571429,-0.741981845054401,0.363744992508816,-0.189118426272792,-0.189118426272792,-0.806089945575039,12,5
"387",-1.37680483230538,20,-994833291,20,5,0.112746727173426,-0.344164093350526,1.10052062329113,0.285714285714286,-1.18423419544305,-0.011286056641904,-0.597760126042478,-0.597760126042478,-1.37680483230538,12,5
"388",0.194104946486645,20,-994833291,20,5,0.112746727173426,-0.344164093350526,1.10052062329113,0.619047619047619,-0.240893830198045,0.878172558126795,0.318639363964375,0.318639363964375,0.194104946486645,12,5
"389",-0.94465250303675,20,-994833291,20,5,0.112746727173426,-0.344164093350526,1.10052062329113,0.333333333333333,-1.02409353204957,0.116569151709816,-0.453762190169879,-0.453762190169879,-0.94465250303675,12,5
"390",-2.56145056594431,20,-994833291,20,5,0.112746727173426,-0.344164093350526,1.10052062329113,0.0476190476190476,-3.13069607745053,-0.78923189162958,-1.95996398454005,-1.95996398454005,-2.56145056594431,12,5
"391",0.357169903856661,20,-994833291,20,5,0.112746727173426,-0.344164093350526,1.10052062329113,0.666666666666667,-0.116569151709816,1.02409353204957,0.45376219016988,0.45376219016988,0.357169903856661,12,5
"392",-1.46261574347995,20,-994833291,20,5,0.112746727173426,-0.344164093350526,1.10052062329113,0.142857142857143,-1.85444850943105,-0.446250251320968,-1.15034938037601,-1.15034938037601,-1.46261574347995,12,5
"393",-1.46025577970532,20,-994833291,20,5,0.112746727173426,-0.344164093350526,1.10052062329113,0.19047619047619,-1.58059719952348,-0.288581382623485,-0.93458929107348,-0.93458929107348,-1.46025577970532,12,5
"394",1.0962956178489,20,-994833291,20,5,0.112746727173426,-0.344164093350526,1.10052062329113,0.952380952380952,0.78923189162958,3.13069607745053,1.95996398454005,1.95996398454005,1.0962956178489,12,5
"395",1.02209745455612,20,-994833291,20,5,0.112746727173426,-0.344164093350526,1.10052062329113,0.904761904761905,0.624061296782765,2.25500164509415,1.43953147093846,1.43953147093846,1.02209745455612,12,5
"396",0.913262476380175,20,-994833291,20,5,0.112746727173426,-0.344164093350526,1.10052062329113,0.80952380952381,0.288581382623485,1.58059719952347,0.93458929107348,0.93458929107348,0.913262476380175,12,5
"397",0.756716621701436,20,-994833291,20,5,0.112746727173426,-0.344164093350526,1.10052062329113,0.761904761904762,0.145203207411256,1.36562684530968,0.755415026360469,0.755415026360469,0.756716621701436,12,5
"398",-1.66738435763519,20,-994833291,20,5,0.112746727173426,-0.344164093350526,1.10052062329113,0.0952380952380952,-2.25500164509415,-0.624061296782765,-1.43953147093846,-1.43953147093846,-1.66738435763519,12,5
"399",-0.566186560212583,20,-994833291,20,5,0.112746727173426,-0.344164093350526,1.10052062329113,0.476190476190476,-0.612378426639773,0.486964870753346,-0.0627067779432138,-0.0627067779432138,-0.566186560212583,12,5
"400",-1.38374224772475,20,-994833291,20,5,0.112746727173426,-0.344164093350526,1.10052062329113,0.238095238095238,-1.36562684530968,-0.145203207411256,-0.755415026360469,-0.755415026360469,-1.38374224772475,12,5
