"","X","ID","scag_num_1","scag_num_2","scag_num_3","scag_num_4","scag_num_5","scag_num_6","scag_num_7","scag_num_8","scag_num_9","signal","position","lineup","condition_lineup","corr_plots"
"1",1,2019,0.22988832381948,0.561676183398491,0.00100103313647259,0.042618942983271,0.0549450549450549,0.562845951629644,0.437378608227324,0.364431486880467,0.00899796635290785,0,1,1,"A1_2","2"
"2",2,884,0.182235051522978,0.59496959123372,0.00352634294492061,0.0474650163918932,0.03,0.610583772110094,0.500047910503402,0.421875,0.3529630560837,1,2,1,"A1_2","2"
"3",3,2168,0.141744389207359,0.633056361723746,0.0013709829600851,0.048109385821939,0.0467289719626168,0.599768044571565,0.467269981410595,0.330452486729477,0.00104048183551983,0,3,1,"A1_2","2"
"4",4,2083,0.29763475587048,0.610336106910184,0.00456797957224132,0.0454514403785036,0.0659340659340659,0.543017203140517,0.498012048290714,0.276549934607786,1.86036318903086e-05,0,4,1,"A1_2","2"
"5",5,2013,0.178343246609973,0.701155198627988,0.00243894773133524,0.0516719678985427,0.0247524752475248,0.535722868653584,0.4769029866442,0.336230460439315,0.00510592790663077,0,5,1,"A1_2","2"
"6",6,2053,0.214017241989293,0.565565728934533,0.00495634320601201,0.0464691360666591,0.0833333333333333,0.488283510006527,0.502147482993985,0.360242660446063,0.000424896347386509,0,6,1,"A1_2","2"
"7",7,2234,0.210191497858662,0.625686006672777,0.00358560797100971,0.0459461412967345,0.0505050505050505,0.648633376870034,0.439784730166166,0.40565085108853,6.28905340374609e-05,0,7,1,"A1_2","2"
"8",8,2035,0.223678552730633,0.595120155281725,0.00791149646673971,0.0432994374668937,0.0414507772020725,0.654884958300147,0.453703349462523,0.397226390965192,0.00346278034620114,0,8,1,"A1_2","2"
"9",9,2227,0.188838828904657,0.531615191510628,0.00692678009010672,0.0412242687398459,0.028436018957346,0.53338945920723,0.552593511378338,0.386456822111956,0.000194603002831931,0,9,1,"A1_2","2"
"10",10,2226,0.262261919665908,0.660141779475657,0.00350373220234492,0.0472262696737026,0.0579710144927536,0.463448525316944,0.581123198825278,0.296296296296296,0.000156823396075009,0,10,1,"A1_2","2"
"11",11,2154,0.233136716256234,0.558284679978815,0.0088583980261792,0.044829734863147,0.0679611650485437,0.546508938099367,0.421755466530037,0.360242660446063,4.20903436380039e-05,0,11,1,"A1_2","2"
"12",12,2095,0.13726084580981,0.634685966285191,0.00266168398659038,0.0486331614255531,0.0518134715025907,0.582220607735293,0.442151381473677,0.374943294917115,0.0166665044617079,0,12,1,"A1_2","2"
"13",13,2238,0.146205613009693,0.61937523070825,0.00300775877005248,0.0475470648825046,0.0403587443946188,0.569683230172062,0.328229597612562,0.38130870877249,0.00231557392685344,0,13,1,"A1_2","2"
"14",14,2020,0.19321669749734,0.651543210635841,0.00450126661825504,0.0484886823299907,0.0432692307692308,0.601441881197139,0.543861951699659,0.287666857364787,0.00184527396751881,0,14,1,"A1_2","2"
"15",15,2172,0.205801713333839,0.619945340930403,0.00498424531141406,0.0495698743691491,0.0655737704918033,0.614282801080637,0.355628142011894,0.306282985317279,0.00464937315378647,0,15,1,"A1_2","2"
"16",16,2138,0.259101007553375,0.569775476938593,0.00180214839598306,0.045579895011598,0.0261780104712042,0.53208362511744,0.466771412214069,0.355396412037037,0.00274721616479053,0,16,1,"A1_2","2"
"17",17,2137,0.138333190106245,0.668789404343435,0.00628068052968509,0.054053585240342,0.0495495495495495,0.565198077503112,0.497670331948558,0.321205888081921,0.000406579373245944,0,17,1,"A1_2","2"
"18",18,2093,0.304534375512977,0.556107633276397,0.00292150619340911,0.0437204825554796,0.0705882352941176,0.629916811060374,0.329749775713677,0.396819868798175,0.00645928523981474,0,18,1,"A1_2","2"
"19",19,2236,0.236408968150114,0.641889348672392,0.00514347129536973,0.0480769670946579,0.036697247706422,0.541602976275237,0.456054628668913,0.327117505912566,0.0366753010690467,0,19,1,"A1_2","2"
"20",20,2165,0.315979796003318,0.636061335366757,0.000915081507579334,0.0460647559101454,0.0228571428571429,0.645704449745285,0.357215171934635,0.324275129432038,3.83506102108375e-05,0,20,1,"A1_2","2"
"21",21,2392,0.25833594798703,0.585507770744361,0.00177844664805373,0.0416760122852463,0.0375586854460094,0.597887397869937,0.315537454912775,0.39437037037037,0.00486070201431731,0,1,2,"B1_1","20"
"22",22,2405,0.338530132379195,0.526890353108362,0.00420889025470313,0.0377269797359926,0.0112994350282486,0.654378414576642,0.336120044372697,0.330985188110193,0.00941339476057793,0,2,2,"B1_1","20"
"23",23,2488,0.213936660806883,0.596681346886521,0,0.0429817693912198,0.0523809523809524,0.523925685517318,0.466865963425124,0.331120967619554,0.00133696987674785,0,3,2,"B1_1","20"
"24",24,2330,0.270020873809379,0.607206338634477,0.00437985323338615,0.04335,0.0276497695852535,0.620066181472256,0.291229951743293,0.347473857027576,0.00287525420531917,0,4,2,"B1_1","20"
"25",25,2344,0.161733182190356,0.622313218076669,0.00183512175872017,0.0428049062608482,0.0260869565217391,0.52904401033836,0.408391424742651,0.371851811923645,0.00943260802314543,0,5,2,"B1_1","20"
"26",26,2411,0.247831484727975,0.621072874392324,0.00200292565521779,0.0403906548597569,0.0315789473684211,0.554591166074764,0.493446236038332,0.453359922926583,0.0157287056691153,0,6,2,"B1_1","20"
"27",27,2381,0.220256551416869,0.568465660078119,0.0061663220806379,0.0422014513968418,0.0616113744075829,0.529534161490683,0.404507524858975,0.416812554325299,0.002558891263818,0,7,2,"B1_1","20"
"28",28,2345,0.113922887487556,0.444167997159954,0.00238200837467914,0.0775505641501079,0.0112359550561798,0.75223711106064,0.210978407758925,0.331816112881202,0.000940125715535092,0,8,2,"B1_1","20"
"29",29,2352,0.250737026899824,0.619302760748671,0.00484627095878179,0.0434249352331123,0.0458715596330275,0.588072504400995,0.440941780840386,0.343880992720715,2.3358440568465e-05,0,9,2,"B1_1","20"
"30",30,2372,0.184493348591552,0.498064388773967,0,0.0375542274584367,0.0675675675675676,0.499297368974272,0.432825620433485,0.465990703137301,0.00077270185606061,0,10,2,"B1_1","20"
"31",31,2280,0.156006807570739,0.612241747909401,0.00479613101848518,0.0399138133983712,0.045045045045045,0.588980287384637,0.251863524990835,0.38807734581722,0.029479494017319,0,11,2,"B1_1","20"
"32",32,2486,0.0775745512185341,0.464810817379347,0.000968439447703798,0.0766792344771386,0.032967032967033,0.689757808122491,0.289492432320183,0.415960951186189,0.0108334911904076,0,12,2,"B1_1","20"
"33",33,2296,0.18235152463057,0.635586209499897,0.00281790635473876,0.0429060601780215,0.0391304347826087,0.576516014843541,0.406304231546619,0.398615222797031,0.0049118560513027,0,13,2,"B1_1","20"
"34",34,2358,0.170156458264979,0.627729714261124,0.00266198099389802,0.0433166538412191,0.0570175438596491,0.514711297323467,0.429413805261017,0.419522542608205,0.00373177243643965,0,14,2,"B1_1","20"
"35",35,2467,0.0568136073833727,0.448479777694191,0.0020713066371311,0.0751324996256613,0.021505376344086,0.690267342512837,0.25115294930632,0.316043091665677,0.00235542288828816,0,15,2,"B1_1","20"
"36",36,2474,0.2850203936541,0.598880919663923,0,0.0394312059161269,0.0386473429951691,0.680765693766285,0.341768155132875,0.284753608397726,0.00896790855760296,0,16,2,"B1_1","20"
"37",37,2416,0.161709609619865,0.583560916485859,0.00373534179198425,0.0428807940691401,0.0394736842105263,0.541972225347644,0.386643118461601,0.30694067239868,0.000153244989967104,0,17,2,"B1_1","20"
"38",38,2432,0.236686728775007,0.588902284641915,0,0.0412315716411587,0.0511627906976744,0.520762584434884,0.47117701046316,0.414430320321355,0.00448025843097963,0,18,2,"B1_1","20"
"39",39,2461,0.230966543488948,0.582289013871456,0.00328188283023275,0.0408442468408955,0.0325581395348837,0.581976033057851,0.392526660292301,0.324951171875,0.00501578657686832,0,19,2,"B1_1","20"
"40",40,1049,0.218326836323793,0.601762776749866,0.000440504409661642,0.0398413415938771,0.0492610837438424,0.554381916086272,0.53997557726908,0.38283849191696,0.156907723959174,1,20,2,"B1_1","20"
"41",41,1656,0.367982175919747,0.618013784210114,0.0116128592962257,0.0481700934943381,0.0119047619047619,0.542158310834029,0.487904531208756,0.275140566198444,0.00305984139977856,0,1,3,"A1_6","8"
"42",42,1745,0.252799135225045,0.637148093062918,0.00587196258383264,0.0540240383365833,0.0792682926829268,0.520880773553092,0.609947320383208,0.447963189053065,0.0153628372982354,0,2,3,"A1_6","8"
"43",43,1532,0.210434951549499,0.594919795303473,0.00611385703328952,0.0628024598683622,0.0568181818181818,0.571236873749889,0.559657702786611,0.382540059950211,0.00303427365478451,0,3,3,"A1_6","8"
"44",44,1546,0.400949537053238,0.572754414002936,0.00315486391671331,0.0482463422060818,0.0350877192982456,0.667441037774429,0.480409358323776,0.346377437568141,0.0312929035901319,0,4,3,"A1_6","8"
"45",45,1504,0.284340441130155,0.68996822901238,0.00502613889198043,0.0540665468318978,0.04,0.638985753122253,0.350678582207512,0.370948737489204,0.0167636964201732,0,5,3,"A1_6","8"
"46",46,1501,0.256114814078057,0.64658084526454,0.00715078192451839,0.0558062168639469,0.0869565217391304,0.617530286807782,0.536568728188181,0.382351213453728,8.03876797006207e-05,0,6,3,"A1_6","8"
"47",47,1550,0.210676222798003,0.617850446512358,0.00652466783788993,0.0573011457823201,0.0571428571428571,0.514407034566772,0.529650004071597,0.39437037037037,0.0129323286527272,0,7,3,"A1_6","8"
"48",48,398,0.194025529392803,0.685818961650515,0.0100023464188898,0.0603626633740395,0.0564971751412429,0.529785552181364,0.518899914255685,0.351719926725015,0.195273595802107,1,8,3,"A1_6","8"
"49",49,1552,0.451981625908577,0.589137669358217,0.00774511431462039,0.0443251943452653,0.0625,0.507353233193857,0.554231754059359,0.343,0.00542159578773138,0,9,3,"A1_6","8"
"50",50,1578,0.242538161338687,0.579761652783812,0.00938964105457035,0.0596659563703108,0.0872093023255814,0.456207200023619,0.35431927745304,0.418757709698725,0.013604567132595,0,10,3,"A1_6","8"
"51",51,1692,0.165312232360399,0.653581876662273,0.00619668439748959,0.0614265707244279,0.08,0.5544735085056,0.547707405783296,0.32764412374433,0.0293568291772394,0,11,3,"A1_6","8"
"52",52,1539,0.438855162747065,0.637041650889663,0.0100504032006331,0.0512032684190134,0.0987654320987654,0.624769465216004,0.401326292776499,0.357423382900876,0.0397064823330336,0,12,3,"A1_6","8"
"53",53,1585,0.164568363840754,0.717182075434873,0.0110491852624295,0.0665326958682766,0.11731843575419,0.615071185033383,0.387372263572436,0.439952949196867,0.00521584383490265,0,13,3,"A1_6","8"
"54",54,1561,0.316874280511356,0.705916354318119,0.0123383600505026,0.0521546041576338,0.064327485380117,0.550022347520942,0.327289793140962,0.384673178061608,0.00473663133280156,0,14,3,"A1_6","8"
"55",55,1730,0.342004136780409,0.619717238291429,0.0181310152179251,0.0495246123608121,0.0529411764705882,0.57504527650213,0.51420759531444,0.428203020318324,0.00545614156133767,0,15,3,"A1_6","8"
"56",56,1725,0.340927320700781,0.581576875370902,0.0111601954507887,0.048880256026855,0.0769230769230769,0.488870692174649,0.610557485850749,0.405976893284124,0.04524542723453,0,16,3,"A1_6","8"
"57",57,1512,0.290063623629564,0.631772701858948,0.00283343103722231,0.0485122689410847,0.0747126436781609,0.63363128539094,0.467381774303498,0.367704804114868,0.01606808781493,0,17,3,"A1_6","8"
"58",58,1671,0.338364692712357,0.605424644814418,0.0132823108631435,0.0485406746831153,0.0232558139534884,0.459010859802518,0.409777095224594,0.406442107402327,0.00602708562250053,0,18,3,"A1_6","8"
"59",59,1629,0.347376291078903,0.620952575025018,0.0109492459205239,0.0494874874587725,0.0602409638554217,0.649174135141383,0.366202832755104,0.399394136738018,0.0213270469852089,0,19,3,"A1_6","8"
"60",60,1515,0.221066701543365,0.631430450325721,0.00534207924928509,0.0579073551769632,0.0747126436781609,0.572288363135447,0.493267348802686,0.353043839742383,0.022227360712555,0,20,3,"A1_6","8"
"61",61,1693,0.0893258561595473,0.638729910718809,0.00134278627024318,0.0643990505908555,0.0494505494505494,0.6465411299181,0.508587465834162,0.347278537269907,0.00946312147867385,0,1,4,"B1_4","8"
"62",62,1648,0.226219827056525,0.637333721196119,0.0136402327746824,0.0562654000586278,0.069364161849711,0.519318242665083,0.421964957808722,0.406442107402327,0.00133728273747375,0,2,4,"B1_4","8"
"63",63,1604,0.324925972155582,0.659975293802889,0.00639534598790327,0.0545656462464916,0.0773809523809524,0.760126952337722,0.390473857635986,0.380147657933111,0.00205051638821519,0,3,4,"B1_4","8"
"64",64,1727,0.304889809155153,0.59594547401023,0.00690588175129799,0.0546497876168207,0.0404624277456647,0.557549912078482,0.489042647230449,0.382540059950211,0.00311674919496154,0,4,4,"B1_4","8"
"65",65,1509,0.25456582748916,0.587864641729575,0.00212794642619218,0.0524445250194759,0.109826589595376,0.434335830759539,0.558667581150247,0.418757709698725,0.0252101899774026,0,5,4,"B1_4","8"
"66",66,1650,0.21175531974835,0.628481073385418,0,0.0528025122812396,0.064327485380117,0.489611995748584,0.413505651080548,0.453190019147116,0.00342280255022099,0,6,4,"B1_4","8"
"67",67,1741,0.230263831250989,0.578430056501968,0.00516072057194754,0.0557320666943741,0.0731707317073171,0.549537021048575,0.477068529207947,0.392679005830453,0.00159319541074613,0,7,4,"B1_4","8"
"68",68,284,0.444229297086062,0.563762747519293,0.00978739031377367,0.0430846414143441,0.0617283950617284,0.462149408886793,0.549704489243989,0.405482763721433,0.0954371630376467,1,8,4,"B1_4","8"
"69",69,1556,0.233067558076074,0.545103833680485,0.00528830490029742,0.0565911069764749,0.0344827586206897,0.560530759901347,0.528836681853364,0.292837619781494,0.00434949287035869,0,9,4,"B1_4","8"
"70",70,1522,0.233437288097765,0.617027037377222,0.00888574064541377,0.0572128728353482,0.0714285714285714,0.60200541177982,0.413284977279833,0.359330654144287,0.00153492515012063,0,10,4,"B1_4","8"
"71",71,1577,0.115398172538569,0.718778524694729,0.00637605352193464,0.0684659218112553,0.0674157303370786,0.652336087358535,0.396505150317702,0.395144657525881,0.0259362426791738,0,11,4,"B1_4","8"
"72",72,1690,0.444861662788319,0.649970820289159,0.00601896774306309,0.0579390852369754,0.0773809523809524,0.580166275355835,0.445219384804332,0.386913987074979,0.0296909027297183,0,12,4,"B1_4","8"
"73",73,1521,0.150197890407749,0.691965652087415,0,0.0690273464222858,0.0842696629213483,0.567046162518258,0.488103513138282,0.377349589885169,0.0332980497543235,0,13,4,"B1_4","8"
"74",74,1599,0.120755558503625,0.659526667267476,0.0013530198947326,0.0621996363987216,0.0662983425414365,0.660540186669039,0.433551159263335,0.316960931630353,0.00414977049018065,0,14,4,"B1_4","8"
"75",75,1513,0.0932426988326248,0.71552821399714,0.00428131077464014,0.0709638349721854,0.0568181818181818,0.679507818838401,0.314552755339035,0.38890031823713,0.00994571800913984,0,15,4,"B1_4","8"
"76",76,1621,0.220561614505221,0.652290933264781,0,0.0634502627125196,0.1,0.657696978445826,0.432056715026402,0.434405133701404,0.00163290257458682,0,16,4,"B1_4","8"
"77",77,1625,0.152741072004842,0.647859234850196,0,0.0558391408885596,0.0529411764705882,0.497845028218105,0.453651784473795,0.450200730899258,0.000644467843273212,0,17,4,"B1_4","8"
"78",78,1651,0.246409150437659,0.681142070300104,0.00718950716491782,0.0524094685148771,0.0650887573964497,0.562099141663674,0.528391621814392,0.369461912351413,0.00212966160955142,0,18,4,"B1_4","8"
"79",79,1666,0.258302836571481,0.54536582520441,0.00324904657466269,0.0542616569940359,0.111111111111111,0.513351196956099,0.579317723464371,0.408828258514404,6.34224205578767e-05,0,19,4,"B1_4","8"
"80",80,1515,0.221066701543365,0.631430450325721,0.00534207924928509,0.0579073551769632,0.0747126436781609,0.572288363135447,0.493267348802686,0.353043839742383,0.022227360712555,0,20,4,"B1_4","8"
"81",81,2063,0.241252154933157,0.604908809881232,0.00569685195108022,0.0453827825743853,0.0364583333333333,0.594870396520515,0.455205647631883,0.430312252483407,0.0220247676445923,0,1,5,"AN_2","7,8,15"
"82",82,2169,0.208142163517135,0.580280883690477,0.00328979147940919,0.0475470648825046,0.0436893203883495,0.619623802631151,0.524648436889691,0.319832432613877,0.00140917407139156,0,2,5,"AN_2","7,8,15"
"83",83,2198,0.176879602388079,0.55084540541094,0.00497169207731812,0.0453054181762111,0.0424528301886792,0.47203800965619,0.58744290576242,0.429499064190097,0.00696155579434493,0,3,5,"AN_2","7,8,15"
"84",84,2161,0.193759218009576,0.539356705767905,0.00713221214735852,0.0437204825554796,0.0494505494505494,0.581036281431512,0.516057373633239,0.430787560524956,0.00333693500311698,0,4,5,"AN_2","7,8,15"
"85",85,2060,0.179987530333026,0.632826197062829,0.000856989084442034,0.0479795794853469,0.0301507537688442,0.578288533603808,0.487917291250043,0.377275821556846,0.0263846119750542,0,5,5,"AN_2","7,8,15"
"86",86,2215,0.111103400208308,0.635850259023308,0.00731925493613131,0.0477107385675169,0.0142857142857143,0.630619548309214,0.342750108450009,0.389115087997521,0.0110745117855677,0,6,5,"AN_2","7,8,15"
"87",87,763,0.0919320761075508,0.553835859863535,0.00506704084613174,0.0415351153371195,0.0137931034482759,0.544631769179806,0.51109401879325,0.330783490865219,0.687292621115533,1,7,5,"AN_2","7,8,15"
"88",88,911,0.353844833985916,0.565227659153101,0.00130846690652243,0.0415069527514402,0.0169491525423729,0.564522248355601,0.4954140343062,0.374163571137798,0.391717392023859,1,8,5,"AN_2","7,8,15"
"89",89,2040,0.262515593203173,0.585215264337925,0.00148314311741869,0.0470028981348549,0.0368421052631579,0.577952173491516,0.48299630087685,0.32871021008016,0.0162033714020688,0,9,5,"AN_2","7,8,15"
"90",90,2138,0.259101007553375,0.569775476938593,0.00180214839598306,0.045579895011598,0.0261780104712042,0.53208362511744,0.466771412214069,0.355396412037037,0.00274721616479053,0,10,5,"AN_2","7,8,15"
"91",91,2046,0.193132458032055,0.60475569201646,0.00227342610777085,0.0466533055856731,0.0377358490566038,0.553319822479963,0.483405412568961,0.424436986949384,0.00386085887538366,0,11,5,"AN_2","7,8,15"
"92",92,2245,0.282854566569968,0.56280872400068,0,0.0442873844472427,0.0483091787439614,0.509146141791338,0.446440935422938,0.356190889564517,0.000906608960602824,0,12,5,"AN_2","7,8,15"
"93",93,2033,0.252355478357748,0.615145214552514,0.00622588167445998,0.0482711528749938,0.0561224489795918,0.556728985479467,0.417316109946168,0.357094162734685,0.000688697632775725,0,13,5,"AN_2","7,8,15"
"94",94,2127,0.321901979755505,0.536949516517522,0.00512370814318009,0.0415069527514402,0.0494505494505494,0.473746603486454,0.509765861872786,0.389811220735005,0.01587320196381,0,14,5,"AN_2","7,8,15"
"95",95,881,0.132583158267735,0.533212507789598,0,0.0418343366054101,0.0526315789473684,0.635311735664206,0.550623801157902,0.355396412037037,0.382985605830757,1,15,5,"AN_2","7,8,15"
"96",96,2084,0.188019304342879,0.580551521393556,0.00161858092941614,0.0450206113151363,0.0505050505050505,0.573589169229795,0.479290650388715,0.296296296296296,0.000719303774798886,0,16,5,"AN_2","7,8,15"
"97",97,2032,0.189892008142985,0.599350904239418,0.00338489661450955,0.0483034412751761,0.0656565656565657,0.558949843934906,0.539704193472498,0.384673178061608,6.54305606418404e-05,0,17,5,"AN_2","7,8,15"
"98",98,2075,0.282002794382969,0.64877091810101,0,0.0452451544103948,0.0585106382978723,0.609202095095572,0.335360287551751,0.398868848593964,0.00409825785987192,0,18,5,"AN_2","7,8,15"
"99",99,2209,0.153953852085033,0.606944186972639,0.00225091657486383,0.050950309977988,0.0518867924528302,0.471862405101913,0.378799655932865,0.355007007675735,0.0179931106119126,0,19,5,"AN_2","7,8,15"
"100",100,2224,0.18811951314819,0.6210551681377,0.0048836466850732,0.0452279214429403,0.03,0.593146958014607,0.449683783980387,0.427237754011346,0.0453665390344419,0,20,5,"AN_2","7,8,15"
"101",101,1799,0.14648170268009,0.577681605413684,0.00205867084874893,0.0549430011348345,0.0955056179775281,0.509678552486284,0.365779304601219,0.464850200189433,0.000183995552286993,0,1,6,"BN_2","5,7,10,11,15"
"102",102,1870,0.2945723654268,0.594862717231635,0.00716489681124489,0.0508411470349943,0.0491803278688525,0.531858304583552,0.541423445652029,0.404299183316523,0.00499358177666462,0,2,6,"BN_2","5,7,10,11,15"
"103",103,1753,0.333507152808221,0.554745798850939,0.00795770450409284,0.0454737043297236,0.0448717948717949,0.567898224673329,0.473007036246776,0.390766093881942,0.0444723709237369,0,3,6,"BN_2","5,7,10,11,15"
"104",104,1844,0.191742279094917,0.65001678893525,0.00958461244149157,0.0540331185285828,0.0441988950276243,0.491502715299257,0.530240674103682,0.354938820146437,0.000485264656441318,0,4,6,"BN_2","5,7,10,11,15"
"105",105,512,0.101597304626474,0.592212134026865,0.00872425734522406,0.0355590239862009,0.079646017699115,0.484275417843776,0.556339243448829,0.359399132861066,0.5821386563972,1,5,6,"BN_2","5,7,10,11,15"
"106",106,1827,0.30749018249001,0.606916385414004,0.00814410652469163,0.049924409036533,0.0440251572327044,0.59590411575031,0.384427550774183,0.368087962962963,0.000599975387749055,0,6,6,"BN_2","5,7,10,11,15"
"107",107,571,0.251719327832379,0.588354565362622,0,0.0355351828678746,0.116883116883117,0.475638114890007,0.594238689171036,0.363204445869251,0.544980839515332,1,7,6,"BN_2","5,7,10,11,15"
"108",108,1816,0.326386984365774,0.602206959891899,0.00358526706481926,0.0498224530233058,0.0548780487804878,0.651655940744653,0.352538941540451,0.348913664,0.00610821137424676,0,8,6,"BN_2","5,7,10,11,15"
"109",109,1834,0.197693141030696,0.6147588120876,0.00385770106669189,0.0542600672335906,0.04,0.545516801025427,0.472900108203585,0.403797156242295,0.00137089558124465,0,9,6,"BN_2","5,7,10,11,15"
"110",110,698,0.235849033569123,0.609301390814491,0.00639362161290297,0.0498989395633832,0.0547945205479452,0.619695214805867,0.468479773960969,0.403797156242295,0.332060009212618,1,10,6,"BN_2","5,7,10,11,15"
"111",111,633,0.11097239068253,0.525015215586486,0.0065884096142385,0.0540644784375076,0.0641711229946524,0.614191935299,0.376996736987751,0.424791176349994,0.0813524878526173,1,11,6,"BN_2","5,7,10,11,15"
"112",112,1865,0.30015990296336,0.63197860397032,0.002662268454171,0.0588168715349825,0.0730337078651685,0.539805728969327,0.489523937755029,0.443479138329004,6.3271311725581e-06,0,12,6,"BN_2","5,7,10,11,15"
"113",113,1823,0.304281008623147,0.681533653184121,0.0040634640313033,0.0444940398792365,0.0625,0.510247744370176,0.532396968792521,0.379720365738653,0.00110493969065176,0,13,6,"BN_2","5,7,10,11,15"
"114",114,1863,0.253662095328139,0.649051660423616,0.00420910360817145,0.0553655571826504,0.064327485380117,0.635503222580118,0.391992828613115,0.346377437568141,0.001217781239196,0,14,6,"BN_2","5,7,10,11,15"
"115",115,687,0.213747366412835,0.539073992933159,0.00531251629994098,0.0460294117647059,0.0134228187919463,0.517336901985039,0.429984144579151,0.346988332379129,0.463737208534702,1,15,6,"BN_2","5,7,10,11,15"
"116",116,1920,0.170880394319244,0.587070250698578,0.0042829866799654,0.0542600672335906,0.0344827586206897,0.495587765255527,0.489739171875812,0.382540059950211,6.44733624647769e-05,0,16,6,"BN_2","5,7,10,11,15"
"117",117,1771,0.147504169334842,0.573774145639355,0.00911846327483388,0.0522225940112086,0.0714285714285714,0.587308934729501,0.323580399026357,0.345376434997147,0.0134965304503978,0,17,6,"BN_2","5,7,10,11,15"
"118",118,1869,0.236198727081165,0.564601347304197,0.00141302439383532,0.0466693747154617,0.0233918128654971,0.576928109617196,0.507858254879927,0.362739083304568,0.0090741514194636,0,18,6,"BN_2","5,7,10,11,15"
"119",119,1960,0.257072907613896,0.589072402759101,0.00559966355495193,0.0475597658060825,0.0225988700564972,0.563863362568612,0.408394432540816,0.356333308950902,0.0152460578324182,0,19,6,"BN_2","5,7,10,11,15"
"120",120,1786,0.276603037512787,0.548048297879698,0.00456009360015055,0.0498309573253262,0.0674846625766871,0.560840674309755,0.520880698348442,0.382351213453728,0.0249645664767213,0,20,6,"BN_2","5,7,10,11,15"
"121",2110,21,0,0.587384269586504,0.108125586059487,0.133472110122054,0.0681818181818182,0.284131485372172,0.723966855911718,0.282623291015625,0.419641545895972,0,1,7,"A1_1","14"
"122",2210,22,0.133325499068628,0.606016434999712,0.129976351790936,0.133859267164746,0.024390243902439,0.395159878678841,0.583865660513807,0.421875,0.403488373036549,0,2,7,"A1_1","14"
"123",2310,23,0.125407468000386,0.651590617512573,0.511353516492104,0.11760137754568,0.121951219512195,0.400578599790845,0.468291769894039,0.421875,0.460449825272047,0,3,7,"A1_1","14"
"124",241,24,0,0.548339260477492,0.0654167224683943,0.118583144135421,0.0930232558139535,0.307062710280471,0.696501789681899,0.384673178061608,0.55984918567918,0,4,7,"A1_1","14"
"125",251,25,0,0.663853832563031,0.130158327447198,0.125116976662573,0.0465116279069767,0.288523459283238,0.636096226099753,0.384673178061608,0.625623731748593,0,5,7,"A1_1","14"
"126",2610,26,0,0.651487498570153,0.0799969025023669,0.126894014974002,0,0.28115658931212,0.673886723488342,0.338564710465537,0.459552334546075,0,6,7,"A1_1","14"
"127",2710,27,0,0.506439644067082,0.115480219380995,0.107651881988768,0.0930232558139535,0.231040625242181,0.630964103002407,0.434788657929154,0.536220756933756,0,7,7,"A1_1","14"
"128",2810,28,0,0.502464470093422,0.114530496243789,0.133337832311278,0.0454545454545455,0.201994279302123,0.696101950877646,0.282623291015625,0.333603003474386,0,8,7,"A1_1","14"
"129",2910,29,0,0.734065802296897,0.0911959267510769,0.151423443285461,0.0232558139534884,0.293070861787091,0.673744812170428,0.384673178061608,0.412644490916496,0,9,7,"A1_1","14"
"130",301,30,0,0.470236837927087,0.0444444444444444,0.13972664951685,0.159090909090909,0.305859509036008,0.639967857571844,0.384673178061608,0.480693037177079,0,10,7,"A1_1","14"
"131",311,31,0,0.672334257138565,0.238253299039494,0.131987540987166,0.0697674418604651,0.20884668025924,0.679355594724736,0.512,0.203385117554621,0,11,7,"A1_1","14"
"132",321,32,0,0.455393172085307,0.146043136200886,0.136669764904275,0.13953488372093,0.202380762826051,0.650193540749079,0.26853747776174,0.3568148591099,0,12,7,"A1_1","14"
"133",331,33,0,0.52419814066528,0.096100638320549,0.12805335192672,0.0454545454545455,0.238154667150692,0.647245527746775,0.397542234887034,0.48945228488321,0,13,7,"A1_1","14"
"134",341,34,0,0.470270407860744,0.0487440916521149,0.0866238641776203,0.113636363636364,0.457806795065176,0.551688861312581,0.459078717201166,0.924029757287538,1,14,7,"A1_1","14"
"135",351,35,0.0646784882601623,0.609031154003888,0.0576990083732194,0.129859183172349,0.146341463414634,0.172082899812944,0.667583469047806,0.48907810891282,0.65492292666412,0,15,7,"A1_1","14"
"136",361,36,0,0.672177994450409,0.111275508547185,0.12417084616504,0.0909090909090909,0.322513389832317,0.601764334103027,0.338564710465537,0.61230859000835,0,16,7,"A1_1","14"
"137",371,37,0.0876675973351254,0.518138063217178,0.154600569419357,0.104151404094991,0.0697674418604651,0.396592860285762,0.465089033340746,0.384673178061608,0.266386529282647,0,17,7,"A1_1","14"
"138",381,38,0,0.66751416069182,0.0880593695837385,0.132814350297918,0.119047619047619,0.245119954720559,0.53089428283689,0.48907810891282,0.533961776524043,0,18,7,"A1_1","14"
"139",391,39,0,0.59124237864719,0.0444444444444444,0.127168211343985,0.0454545454545455,0.303000632770533,0.650632061382813,0.324951171875,0.433588062923499,0,19,7,"A1_1","14"
"140",401,40,0.0537366631648701,0.47216966983562,0.344744083946436,0.102708127803654,0.13953488372093,0.241879780706232,0.668231929947324,0.447180948503969,0.551335310316033,0,20,7,"A1_1","14"
"141",811,81,0.0617517971048032,0.807628373933324,0.263855870880099,0.137573346507061,0.142857142857143,0.326933647407569,0.578265150431894,0.357423382900876,0.640492968962734,0,1,8,"A1_3","15"
"142",821,82,0.140058992819653,0.510424274029299,0.409340865452414,0.100062754695963,0.0714285714285714,0.280805486057402,0.56308340060606,0.48907810891282,0.461810965240062,0,2,8,"A1_3","15"
"143",831,83,0,0.660000599559251,0.219251317150091,0.134567394691877,0.116279069767442,0.312746421034959,0.590263286925111,0.447180948503969,0.564456799861255,0,3,8,"A1_3","15"
"144",841,84,0,0.521077168295832,0.0892433120768989,0.123415170395075,0.0454545454545455,0.241774232818811,0.659492772628522,0.397542234887034,0.420120282625391,0,4,8,"A1_3","15"
"145",851,85,0.108902898657382,0.523511710120369,0.386161227089193,0.117041529377867,0.116279069767442,0.343839987738702,0.485260874586699,0.26853747776174,0.453115586524168,0,5,8,"A1_3","15"
"146",861,86,0.0683716471028087,0.683199777205459,0.0454545454545455,0.133222095745442,0.0714285714285714,0.267939376039099,0.692125735122422,0.371307373046875,0.586058707038787,0,6,8,"A1_3","15"
"147",871,87,0.0613792764226943,0.627414201868947,0.395054144666829,0.128982577529252,0.0232558139534884,0.298267884967531,0.562121325878283,0.254037037037037,0.406583181569884,0,7,8,"A1_3","15"
"148",881,88,0.115565478167064,0.539513584959965,0.244467241304426,0.134877645451005,0.0476190476190476,0.220432023263257,0.636356338182042,0.357423382900876,0.372849309825818,0,8,8,"A1_3","15"
"149",891,89,0,0.72039528634709,0.241515294417668,0.146943954994165,0.159090909090909,0.222179342135397,0.644951459904241,0.447180948503969,0.635138718250384,0,9,8,"A1_3","15"
"150",901,90,0.0571701641479672,0.532056768098804,0.141402192771364,0.129105968961982,0.0476190476190476,0.286307312721068,0.533881942846204,0.371307373046875,0.601138147341583,0,10,8,"A1_3","15"
"151",911,91,0,0.617620951954641,0.131969746831591,0.151833650038245,0.0909090909090909,0.303823841821023,0.571241979072328,0.338564710465537,0.405156439953378,0,11,8,"A1_3","15"
"152",921,92,0,0.720233887939018,0.390820480931154,0.129859183172349,0.0697674418604651,0.206650907739191,0.586161589659509,0.578703703703704,0.273392794123239,0,12,8,"A1_3","15"
"153",931,93,0.116181926707531,0.720580145080014,0.143447596938043,0.116918173258769,0.214285714285714,0.353487931787197,0.591277827696839,0.421875,0.501115928157237,0,13,8,"A1_3","15"
"154",941,94,0.106362752368969,0.542980581841557,0.0569751390487231,0.11569458227671,0.0714285714285714,0.243478954668605,0.619580701737613,0.310865697693934,0.303987342434118,0,14,8,"A1_3","15"
"155",951,95,0,0.658677315279823,0.263856930588264,0.0952528234196836,0.0909090909090909,0.63463901316615,0.580842521696616,0.282623291015625,0.94811851420937,1,15,8,"A1_3","15"
"156",961,96,0,0.660818974980389,0.100776506879283,0.125621042530358,0,0.218331530969256,0.666855768170773,0.324951171875,0.469192977426917,0,16,8,"A1_3","15"
"157",971,97,0,0.526230778432663,0.0821936028233881,0.128661979476076,0.0476190476190476,0.276423722667019,0.626942447062187,0.310865697693934,0.319088181490043,0,17,8,"A1_3","15"
"158",981,98,0.0572555461389851,0.539429866362456,0.0890098894741526,0.112696713281452,0.0952380952380952,0.340173217176645,0.549269296184103,0.434788657929154,0.522040469544733,0,18,8,"A1_3","15"
"159",991,99,0,0.513079362787868,0.0464188967313142,0.108521968440866,0.0909090909090909,0.334342322953734,0.672216394263948,0.324951171875,0.676849300401445,0,19,8,"A1_3","15"
"160",1001,100,0.0534245788317061,0.638054270923167,0.0454545454545455,0.125116976662573,0.0697674418604651,0.208432305633746,0.688737743862381,0.384673178061608,0.537582393224557,0,20,8,"A1_3","15"
"161",121,121,0,0.559156597749859,0.0790123456790123,0.0963332695402773,0.0454545454545455,0.584559540410103,0.608537256985666,0.384673178061608,0.935361302757664,1,1,9,"A1_4","1"
"162",122,122,0,0.756495660531088,0.0493641010061073,0.157040364294784,0.0232558139534884,0.352562983669699,0.663118370093983,0.310865697693934,0.541607827090922,0,2,9,"A1_4","1"
"163",123,123,0.217033885523249,0.659994791984326,0.0816667692658322,0.122199626945499,0.0487804878048781,0.166098950468135,0.651484428699736,0.48907810891282,0.694762392616331,0,3,9,"A1_4","1"
"164",124,124,0,0.457049819240249,0.101835722254076,0.113742706056884,0.0454545454545455,0.230327936244512,0.663959953797187,0.397542234887034,0.400424896631015,0,4,9,"A1_4","1"
"165",125,125,0.196231740964738,0.622387990992402,0.28122130815864,0.113190149256778,0.0731707317073171,0.342283251528621,0.598955001303263,0.421875,0.757175755717992,0,5,9,"A1_4","1"
"166",126,126,0.0697242809301036,0.553877055346888,0.11631803686431,0.131394318571257,0.0232558139534884,0.438111068746327,0.537651748742948,0.447180948503969,0.689771719540894,0,6,9,"A1_4","1"
"167",127,127,0,0.550988520409795,0.0444444444444444,0.130104186270985,0,0.217579757782547,0.690684538557659,0.384673178061608,0.495957538550709,0,7,9,"A1_4","1"
"168",128,128,0,0.675699317986056,0.0687098842556697,0.120522687564803,0.204545454545455,0.285475198758213,0.678885767378379,0.638524519890261,0.709986645720873,0,8,9,"A1_4","1"
"169",129,129,0.155545933151382,0.611249005010349,0.212297640658153,0.10556081128148,0.0731707317073171,0.376001724798098,0.59864769125051,0.296296296296296,0.66916124094672,0,9,9,"A1_4","1"
"170",130,130,0.0516557388067107,0.553796634576434,0.315491706201233,0.131382957031058,0.0714285714285714,0.434339070760314,0.48105670798323,0.421875,0.570696891324803,0,10,9,"A1_4","1"
"171",131,131,0,0.702465821883669,0.386582471364107,0.136680686980898,0.0681818181818182,0.260797811226607,0.641114398575582,0.522740912208505,0.639068435106154,0,11,9,"A1_4","1"
"172",132,132,0,0.521549244097713,0.0869190921844901,0.12578334112941,0.113636363636364,0.282241121694414,0.650657120978648,0.397542234887034,0.386627059367039,0,12,9,"A1_4","1"
"173",133,133,0,0.376907243046665,0.335052612880465,0.114061613507478,0.0227272727272727,0.219740330212143,0.671953186362824,0.588138905889088,0.260065592822571,0,13,9,"A1_4","1"
"174",134,134,0,0.645041222760816,0.122270367226973,0.142498252218172,0.0930232558139535,0.234324097777449,0.664498182509121,0.500788723794016,0.471134355578371,0,14,9,"A1_4","1"
"175",135,135,0,0.601334114588309,0.0597529938188752,0.146632086878006,0.0714285714285714,0.28827024332033,0.651814574252727,0.500788723794016,0.417813089213627,0,15,9,"A1_4","1"
"176",136,136,0.0665225660949872,0.612296517794052,0.131776448713015,0.13708056218217,0.0465116279069767,0.212282588781021,0.692504746425147,0.646911337926678,0.531362337936659,0,16,9,"A1_4","1"
"177",137,137,0,0.582925691761446,0.133767076660409,0.137261938537907,0.0681818181818182,0.35474911075523,0.591860404554589,0.338564710465537,0.496220874835636,0,17,9,"A1_4","1"
"178",138,138,0,0.584268987665291,0.193402476273114,0.119231773141037,0.0681818181818182,0.261876077470055,0.694083507372815,0.397542234887034,0.792567595967957,0,18,9,"A1_4","1"
"179",139,139,0,0.628214087167759,0.142745132668735,0.117901408497557,0.25,0.227897856638188,0.576653431364424,0.588138905889088,0.739512915058925,0,19,9,"A1_4","1"
"180",140,140,0.273214936701247,0.660187046922046,0.319445728178157,0.12116914723178,0.0526315789473684,0.311212489418955,0.570350188446698,0.379720365738653,0.391598781000335,0,20,9,"A1_4","1"
"181",181,181,0,0.52830457406552,0.0641693626316655,0.108755561063077,0.113636363636364,0.362442235440301,0.551179938972992,0.397542234887034,0.574189762773485,0,1,10,"A1_5","14"
"182",182,182,0,0.426276151894775,0.156891437841917,0.112307492700862,0.116279069767442,0.234388907145738,0.663608917310089,0.48907810891282,0.554816270076018,0,2,10,"A1_5","14"
"183",183,183,0.0564672312058761,0.611930070816961,0.116820574620842,0.14933551998674,0.0232558139534884,0.343551109182418,0.527469479444573,0.26853747776174,0.391869187276845,0,3,10,"A1_5","14"
"184",184,184,0,0.501527839736223,0.184813723550408,0.131957377576845,0,0.354481804766696,0.604938330506894,0.397542234887034,0.541191106151601,0,4,10,"A1_5","14"
"185",185,185,0.12388791272294,0.494436128994128,0.226798949670526,0.112745271377131,0.0714285714285714,0.206982614858043,0.608045491721643,0.357423382900876,0.272816763280452,0,5,10,"A1_5","14"
"186",186,186,0,0.73464498939125,0.0444444444444444,0.149442107336696,0.204545454545455,0.182573150373093,0.689020247962957,0.384673178061608,0.564237894218489,0,6,10,"A1_5","14"
"187",187,187,0,0.4644479698918,0.107755591208563,0.125097089993662,0.113636363636364,0.3215594737384,0.67584000830354,0.230237319995972,0.497727925071553,0,7,10,"A1_5","14"
"188",188,188,0.0600571661286474,0.566316386774498,0.0806171145018974,0.11881370813314,0.186046511627907,0.237974839625127,0.681527485542196,0.434788657929154,0.720238148553843,0,8,10,"A1_5","14"
"189",189,189,0,0.640955123104559,0.081939186909817,0.154706806201648,0.136363636363636,0.147311320555318,0.611372660638869,0.459078717201166,0.300662763568313,0,9,10,"A1_5","14"
"190",190,190,0.135372279294195,0.464932191750344,0.101150396597751,0.104404309166542,0.024390243902439,0.28698302287226,0.573301506006842,0.186588921282799,0.553763266133207,0,10,10,"A1_5","14"
"191",191,191,0.0726684939419255,0.615345899459953,0.0597203313766382,0.135884730172566,0.0232558139534884,0.2794199543161,0.703792850668012,0.324951171875,0.717810752634483,0,11,10,"A1_5","14"
"192",192,192,0,0.656987250500269,0.0982299204207209,0.124698690606091,0.0909090909090909,0.332427292256994,0.595119630502938,0.338564710465537,0.635498155108571,0,12,10,"A1_5","14"
"193",193,193,0,0.594941758163683,0.110662780566246,0.123193218629682,0.0909090909090909,0.257559841437114,0.543529545972166,0.230237319995972,0.507004253337014,0,13,10,"A1_5","14"
"194",194,194,0,0.636697241855559,0.0923516840917492,0.0933959062200827,0.0681818181818182,0.392837134664371,0.5999527307634,0.384673178061608,0.92835788901734,1,14,10,"A1_5","14"
"195",195,195,0.190922472034947,0.733263354516605,0.203423767068667,0.136553208396826,0.0512820512820513,0.297796743282744,0.572481554072398,0.39437037037037,0.607214788405276,0,15,10,"A1_5","14"
"196",196,196,0.0571151146222637,0.572009594454895,0.193453803870674,0.112267609990653,0.0697674418604651,0.357390468233654,0.567858394514666,0.512,0.502903318603047,0,16,10,"A1_5","14"
"197",197,197,0,0.455764668362004,0.0444444444444444,0.113747080692222,0.0952380952380952,0.281282651152021,0.615407185431993,0.310865697693934,0.70826856585753,0,17,10,"A1_5","14"
"198",198,198,0.181960815534374,0.549004233099635,0.175328886143334,0.110051804834223,0.214285714285714,0.203539172077697,0.584888803038108,0.568839650145773,0.504042926438195,0,18,10,"A1_5","14"
"199",199,199,0,0.790614665533785,0.0680805903097105,0.154549124316412,0.0227272727272727,0.255608738809083,0.664598201845068,0.338564710465537,0.266172006896468,0,19,10,"A1_5","14"
"200",200,200,0,0.610453719347126,0.110472069505415,0.133520566144751,0.181818181818182,0.182559330141302,0.667598709252029,0.338564710465537,0.268536653431583,0,20,10,"A1_5","14"
"201",201,201,0.06689604537422,0.625150262040842,0.253611831693507,0.104637583260926,0,0.28868565387551,0.629402692457157,0.371307373046875,0.60290604414094,0,1,11,"B1_2","14"
"202",202,202,0.057577257368191,0.606537518105989,0.172008805893403,0.133132424142902,0.0232558139534884,0.358511338853464,0.59896222091274,0.578703703703704,0.5710269155747,0,2,11,"B1_2","14"
"203",203,203,0,0.668990002898774,0.115217666340663,0.153346741272898,0.159090909090909,0.24644683730983,0.690530447296163,0.459078717201166,0.487140490167093,0,3,11,"B1_2","14"
"204",204,204,0,0.709856618341691,0.0444444444444444,0.191737121905246,0.0714285714285714,0.195624843185877,0.545655328250557,0.310865697693934,0.180560491441634,0,4,11,"B1_2","14"
"205",205,205,0,0.624478714657308,0.203414956222963,0.113589487678393,0.0476190476190476,0.283838803150326,0.587178022242891,0.310865697693934,0.631081525048363,0,5,11,"B1_2","14"
"206",206,206,0.357950024622412,0.787708752777556,0.206601733330621,0.142236117145847,0.102564102564103,0.150415636504867,0.558595176667006,0.379720365738653,0.521790467942242,0,6,11,"B1_2","14"
"207",207,207,0.122574588496741,0.677381324268676,0.149684686057278,0.141829727409161,0.166666666666667,0.217262038355995,0.616591476156513,0.500788723794016,0.499278064032883,0,7,11,"B1_2","14"
"208",208,208,0.0647582590652121,0.664186098477361,0.159859012234548,0.120125686142784,0.0465116279069767,0.347308422133893,0.640748448483898,0.512,0.604502160465662,0,8,11,"B1_2","14"
"209",209,209,0,0.461218888200025,0.144694732158785,0.1280067135792,0.0681818181818182,0.252599650599399,0.664933779724612,0.397542234887034,0.423492588586258,0,9,11,"B1_2","14"
"210",210,210,0,0.764424761387313,0.134675574175907,0.157764296819016,0.0731707317073171,0.1682101577079,0.677004834080426,0.296296296296296,0.265484771988356,0,10,11,"B1_2","14"
"211",211,211,0.132822009812896,0.804500736803438,0.420157356572102,0.113168166745208,0.142857142857143,0.144873175840989,0.659874561535167,0.434788657929154,0.714599715540204,0,11,11,"B1_2","14"
"212",212,212,0,0.729764719010388,0.0444444444444444,0.154613503692826,0.0227272727272727,0.274704368676071,0.661071452037134,0.282623291015625,0.418467491947731,0,12,11,"B1_2","14"
"213",213,213,0,0.642673982221513,0.139172368529625,0.141548778829596,0.0697674418604651,0.322386752665644,0.607494525560594,0.324951171875,0.536198348399575,0,13,11,"B1_2","14"
"214",214,214,0.315634288033034,0.635154412370441,0.512703673324153,0.0697528406659526,0.0952380952380952,0.109136045453363,0.57724214904692,0.310865697693934,0.239956624344878,1,14,11,"B1_2","14"
"215",215,215,0.0653210150743176,0.659669321851186,0.220098632798712,0.121337400747422,0.0714285714285714,0.387995369039131,0.616027524519602,0.408411936490887,0.641256919337354,0,15,11,"B1_2","14"
"216",216,216,0,0.58373503723229,0.0973439442997417,0.129340857806332,0.0238095238095238,0.298254518249604,0.684248743452823,0.310865697693934,0.653608316922819,0,16,11,"B1_2","14"
"217",217,217,0,0.589009966394296,0.253260644199398,0.131257915181683,0.0465116279069767,0.300733352288101,0.577707798592884,0.26853747776174,0.586417297964007,0,17,11,"B1_2","14"
"218",218,218,0,0.654819871718392,0.0444444444444444,0.152095601753448,0.13953488372093,0.259713838138089,0.721371219119329,0.447180948503969,0.401703580599812,0,18,11,"B1_2","14"
"219",219,219,0,0.651976114935251,0.0444444444444444,0.145661735596807,0.0909090909090909,0.243116398666812,0.650239194789484,0.384673178061608,0.567710812333247,0,19,11,"B1_2","14"
"220",220,220,0,0.669478548264394,0.121461570830895,0.154957479019894,0.0681818181818182,0.217194685506288,0.585886158383606,0.384673178061608,0.573832688458648,0,20,11,"B1_2","14"
"221",221,221,0.0622567030361103,0.778465327119042,0.0821665054082599,0.15516927049183,0.125,0.264795756420989,0.642937652648072,0.476837158203125,0.517057772977775,0,1,12,"B1_3","17"
"222",222,222,0,0.754907519490255,0.198790882794883,0.152226408573371,0.0227272727272727,0.232461530172321,0.570008934514675,0.512,0.443723733464938,0,2,12,"B1_3","17"
"223",223,223,0.212110070487111,0.681636042690016,0.49130058325991,0.115823537823643,0.0731707317073171,0.267576646332548,0.610215864900165,0.239124195333962,0.509306601826904,0,3,12,"B1_3","17"
"224",224,224,0.128171913832751,0.714090982248464,0.0670510088855341,0.129686638230334,0.219512195121951,0.192963842192119,0.753737369635069,0.421875,0.345080952274714,0,4,12,"B1_3","17"
"225",225,225,0,0.578614745512233,0.115452618459932,0.125621042530358,0.0681818181818182,0.306969684686476,0.650658775715503,0.338564710465537,0.639250117696359,0,5,12,"B1_3","17"
"226",226,226,0.0585467892170757,0.59251185890964,0.277750861527316,0.121366103645792,0.0731707317073171,0.440056180566841,0.477584511023861,0.421875,0.434816949665244,0,6,12,"B1_3","17"
"227",227,227,0.0585644324656627,0.439985324718998,0.186045055957376,0.130115659471931,0.0232558139534884,0.222553697639853,0.628955318879948,0.324951171875,0.371045865858343,0,7,12,"B1_3","17"
"228",228,228,0,0.6426858321789,0.334156524748483,0.138244457585569,0.0930232558139535,0.216929921594086,0.620683301601741,0.324951171875,0.477360041016946,0,8,12,"B1_3","17"
"229",229,229,0.0623231032137063,0.719208156228394,0.125301399583778,0.117309062929066,0.0238095238095238,0.219114202885682,0.621458813733511,0.254037037037037,0.563762405349776,0,9,12,"B1_3","17"
"230",230,230,0,0.696988272952514,0.15678125599026,0.150487297391376,0.0697674418604651,0.182481124150402,0.69562329022357,0.447180948503969,0.60143400651583,0,10,12,"B1_3","17"
"231",231,231,0,0.674883969806126,0.0911455103330289,0.118583144135421,0.186046511627907,0.232684299450624,0.600628857752806,0.578703703703704,0.698126717772955,0,11,12,"B1_3","17"
"232",232,232,0,0.786510405998836,0.283287738141045,0.151282075036805,0.0697674418604651,0.182916520913942,0.633643510937906,0.384673178061608,0.527468602900445,0,12,12,"B1_3","17"
"233",233,233,0.187446335124267,0.706053905989128,0.0980923803782148,0.137105969316439,0.0487804878048781,0.194071561148255,0.5766806644435,0.239124195333962,0.455350933136328,0,13,12,"B1_3","17"
"234",234,234,0,0.5853391040542,0.327628193364709,0.124102703011338,0.0454545454545455,0.343345532339655,0.538675425848061,0.230237319995972,0.476632873633576,0,14,12,"B1_3","17"
"235",235,235,0,0.652785208001316,0.14663646618683,0.160686250796329,0.0714285714285714,0.201206093753146,0.721343276946502,0.434788657929154,0.151243048245269,0,15,12,"B1_3","17"
"236",236,236,0,0.723943548061426,0.205001911540621,0.148480066694245,0.0681818181818182,0.179634213073235,0.660049992670085,0.397542234887034,0.436150973610257,0,16,12,"B1_3","17"
"237",237,237,0,0.488612529511066,0.542221846798932,0.073915931177809,0.0232558139534884,0.12181290939059,0.605848946887971,0.384673178061608,0.134930295408731,1,17,12,"B1_3","17"
"238",238,238,0,0.763588283787671,0.331150524506766,0.160127879896553,0.1,0.218209909582721,0.464353855461817,0.54770848985725,0.518111717970566,0,18,12,"B1_3","17"
"239",239,239,0.0670637182367543,0.694806706839516,0.231312337239369,0.170339689387773,0.0697674418604651,0.228956283060778,0.68899050159667,0.324951171875,0.216917891347916,0,19,12,"B1_3","17"
"240",240,240,0,0.518763633719501,0.407274914620275,0.129009579489704,0.0465116279069767,0.342265289561577,0.550734753208243,0.447180948503969,0.596474857755297,0,20,12,"B1_3","17"
"241",261,261,0.0761229261346427,0.703092768276282,0.357492661913265,0.146156228132047,0.0465116279069767,0.158397608088592,0.671534976914899,0.447180948503969,0.550808872852419,0,1,13,"B1_5","8"
"242",262,262,0,0.678257180522124,0.0949225899504458,0.147767895752727,0.0476190476190476,0.291371367916966,0.651304962422596,0.371307373046875,0.493372292994195,0,2,13,"B1_5","8"
"243",263,263,0,0.685960481960718,0.105204677800794,0.142344524838119,0.0454545454545455,0.241524388182503,0.646871478536961,0.324951171875,0.50562454914214,0,3,13,"B1_5","8"
"244",264,264,0,0.807053954249748,0.083699279439688,0.156827926824952,0.0930232558139535,0.174694513701229,0.731378665165625,0.500788723794016,0.475027197293562,0,4,13,"B1_5","8"
"245",265,265,0.0658795580429039,0.714707179438535,0.155588525240161,0.132589368176535,0.0697674418604651,0.338926288018926,0.591121874082165,0.324951171875,0.499592949693013,0,5,13,"B1_5","8"
"246",266,266,0.0605441851525458,0.423102659568321,0.107937923299548,0.119727368319471,0.0714285714285714,0.277329412077084,0.608968424101818,0.476837158203125,0.608676503819877,0,6,13,"B1_5","8"
"247",267,267,0.646885926305524,0.647066517418546,0.569665165174205,0.0874528195644689,0.027027027027027,0.105056225403958,0.605914909425867,0.498872442494567,0.185529287556889,0,7,13,"B1_5","8"
"248",268,268,0,0.655698748733434,0.68971097734117,0.0906050766285484,0.0714285714285714,0.157622608546145,0.547622464712228,0.371307373046875,0.466335088534398,1,8,13,"B1_5","8"
"249",269,269,0.105328093842495,0.787905012233541,0.0709836627605274,0.11699050124172,0.0975609756097561,0.283371331891084,0.685287932246845,0.421875,0.448618661425976,0,9,13,"B1_5","8"
"250",270,270,0.331997148868535,0.823322158305293,0.45429653113738,0.142686691277352,0.075,0.0962911806074002,0.615222062064658,0.408411936490887,0.332420008070052,0,10,13,"B1_5","8"
"251",271,271,0,0.678887430321905,0.283970572800518,0.1546553359162,0.0232558139534884,0.176101077019395,0.69954609830537,0.324951171875,0.346882957937727,0,11,13,"B1_5","8"
"252",272,272,0,0.78621914034085,0.126105249154435,0.16025213045251,0,0.265036914717816,0.571253134282028,0.181962962962963,0.440201225276767,0,12,13,"B1_5","8"
"253",273,273,0,0.640440683376348,0.12386626713204,0.141994525476798,0.0909090909090909,0.218174327326638,0.682152145303294,0.459078717201166,0.572068694388194,0,13,13,"B1_5","8"
"254",274,274,0.118934976634831,0.671955617372614,0.198018781647245,0.115930891204576,0.119047619047619,0.273357164117413,0.602057190077167,0.500788723794016,0.612329531792203,0,14,13,"B1_5","8"
"255",275,275,0.0676580403041052,0.665260176968688,0.16700976387053,0.14598931112805,0.0952380952380952,0.265419862514423,0.542284223957981,0.371307373046875,0.681701839027388,0,15,13,"B1_5","8"
"256",276,276,0,0.807917782536271,0.0515597070423019,0.16977203514674,0.0238095238095238,0.240485968035152,0.638749134129168,0.296296296296296,0.510165965064644,0,16,13,"B1_5","8"
"257",277,277,0,0.583690318730398,0.130020412427368,0.138948142433447,0.116279069767442,0.18561607858968,0.723997343996385,0.447180948503969,0.585038334180244,0,17,13,"B1_5","8"
"258",278,278,0,0.692490438557417,0.0706344868593594,0.154706806201648,0.116279069767442,0.158312709146079,0.703491076182744,0.384673178061608,0.39718529393012,0,18,13,"B1_5","8"
"259",279,279,0,0.720017381768662,0.0485676834358424,0.134334236395544,0.0232558139534884,0.238408010239859,0.63493610006887,0.371307373046875,0.37894489365023,0,19,13,"B1_5","8"
"260",280,280,0.184822347683433,0.727406590583619,0.206848416406651,0.11710953230575,0.0731707317073171,0.281093929015574,0.580654011023922,0.464032761572287,9.61252963360523e-05,0,20,13,"B1_5","8"
"261",281,281,0.111600743917481,0.629501377406404,0.172597642171812,0.117499785378525,0.024390243902439,0.271934306773548,0.69549832764929,0.357423382900876,0.682042400224092,0,1,14,"B1_6","9"
"262",282,282,0,0.554150188811521,0.142596069969282,0.129486966613482,0.0454545454545455,0.287002397856121,0.647081500341402,0.384673178061608,0.445446720077374,0,2,14,"B1_6","9"
"263",283,283,0.116581272566731,0.530338252888995,0.580637437653915,0.110209941554167,0.119047619047619,0.21437752215753,0.588119402054019,0.310865697693934,0.56647096699002,0,3,14,"B1_6","9"
"264",284,284,0,0.607437748902589,0.248056159873818,0.127554997070194,0.0465116279069767,0.268067511365143,0.562644915749137,0.324951171875,0.548045781128774,0,4,14,"B1_6","9"
"265",285,285,0,0.670555911364768,0.139046389504487,0.149684975665626,0.0454545454545455,0.248341605859105,0.697895666297281,0.397542234887034,0.409166892948353,0,5,14,"B1_6","9"
"266",286,286,0.115138948863797,0.71203086702642,0.19153053822912,0.115930891204576,0.0714285714285714,0.276948251456303,0.666610319081502,0.620522084266232,0.569221740889329,0,6,14,"B1_6","9"
"267",287,287,0.0490207764476049,0.634573615287842,0.255595461891042,0.132420380737819,0.0238095238095238,0.320628673837795,0.636980474573266,0.371307373046875,0.448998321026122,0,7,14,"B1_6","9"
"268",288,288,0,0.649969515000463,0.126647272790149,0.133038951952665,0.0952380952380952,0.204750441472198,0.631635619436625,0.310865697693934,0.597246180241448,0,8,14,"B1_6","9"
"269",289,289,0,0.539150867628603,0.563541133153443,0.067733316802038,0.102564102564103,0.0975225406707508,0.508362183830597,0.328016728853172,0.0945182060423711,1,9,14,"B1_6","9"
"270",290,290,0,0.571919676541198,0.136392631199477,0.124698690606091,0.0454545454545455,0.277679275187508,0.607405246661209,0.338564710465537,0.543647144756193,0,10,14,"B1_6","9"
"271",291,291,0,0.447340188311587,0.233207178699167,0.112161186764278,0.0681818181818182,0.326161007347131,0.602876257858767,0.26853747776174,0.700597961018659,0,11,14,"B1_6","9"
"272",292,292,0,0.739639469438995,0.0921979786718323,0.134748461112934,0.0465116279069767,0.199057061555865,0.628459802537115,0.310865697693934,0.560820043563466,0,12,14,"B1_6","9"
"273",293,293,0,0.724325461204574,0.0632131262737369,0.136374538185553,0.0454545454545455,0.203576678566176,0.665888385068361,0.282623291015625,0.524867587425694,0,13,14,"B1_6","9"
"274",294,294,0,0.435338287285031,0.0444444444444444,0.119043825575507,0.0232558139534884,0.352705290350775,0.587060686421409,0.512,0.650549261886855,0,14,14,"B1_6","9"
"275",295,295,0,0.543153729015714,0.0752328579836309,0.138639822517694,0,0.202513820386586,0.676095261663672,0.384673178061608,0.247065797244938,0,15,14,"B1_6","9"
"276",296,296,0.0583615277678539,0.560020748193574,0.330589294021591,0.121300487041065,0.0476190476190476,0.496525250014281,0.525173588508359,0.296296296296296,0.685751044160824,0,16,14,"B1_6","9"
"277",297,297,0.0622972623625403,0.638044882098792,0.120546392571627,0.124726619985046,0.119047619047619,0.258856669962797,0.546627336958917,0.357423382900876,0.357665054640126,0,17,14,"B1_6","9"
"278",298,298,0.0695958609918429,0.736772037384707,0.0716207413462431,0.153512141170924,0.0238095238095238,0.175691382136271,0.67229688740229,0.568839650145773,0.248567115431618,0,18,14,"B1_6","9"
"279",299,299,0.14451017049994,0.72780712809532,0.438864918103706,0.132694407303154,0.0465116279069767,0.174039464063834,0.645092205855373,0.384673178061608,0.459870798475178,0,19,14,"B1_6","9"
"280",300,300,0,0.343809613825244,0.113672305574762,0.104227817461173,0.116279069767442,0.366109149791051,0.583647365502405,0.324951171875,0.624559040604969,0,20,14,"B1_6","9"
"281",411,41,0,0.617188702991175,0.0901291803619445,0.129105968961982,0.0681818181818182,0.338148309864051,0.602501879303241,0.338564710465537,0.492856668840676,0,1,15,"BN_1","3,12"
"282",421,42,0.0506546241235431,0.566964491050039,0.346973098318822,0.104742149575083,0.119047619047619,0.212416107247274,0.65625656009609,0.500788723794016,0.410293332027564,0,2,15,"BN_1","3,12"
"283",431,43,0,0.650701646320256,0.790965255525662,0.0755077086358976,0.024390243902439,0.131392820118441,0.538184702668492,0.343,0.500255024391395,1,3,15,"BN_1","3,12"
"284",441,44,0.168225698776463,0.723799672194813,0.197512498361612,0.117160508599069,0.0714285714285714,0.338712966350356,0.636415815558912,0.310865697693934,0.820507477348608,0,4,15,"BN_1","3,12"
"285",451,45,0.173123361095774,0.71539060565506,0.593581598161911,0.117499785378525,0,0.15091415366784,0.668086880830956,0.310865697693934,0.45550912493651,0,5,15,"BN_1","3,12"
"286",461,46,0.14932811376257,0.659668709382114,0.204059742701439,0.111801260470104,0.0952380952380952,0.244309615614218,0.601649301708589,0.434788657929154,0.446907893811191,0,6,15,"BN_1","3,12"
"287",471,47,0,0.646609367403533,0.0755563317999218,0.124222930413523,0.0454545454545455,0.222700889088389,0.656620466086107,0.522740912208505,0.349784507445539,0,7,15,"BN_1","3,12"
"288",481,48,0,0.783416886213537,0.317299253567622,0.130547082422417,0.166666666666667,0.195289243035794,0.598922815836688,0.434788657929154,0.477663083146554,0,8,15,"BN_1","3,12"
"289",491,49,0,0.606201274085498,0.137987976651235,0.107984170162344,0.159090909090909,0.151207393814789,0.620205465182352,0.522740912208505,0.470234047079327,0,9,15,"BN_1","3,12"
"290",501,50,0,0.691232550816927,0.246483179602683,0.128878374116324,0.113636363636364,0.194289835746676,0.637633435938192,0.338564710465537,0.589255737351098,0,10,15,"BN_1","3,12"
"291",511,51,0,0.665286480429184,0.161363016039286,0.112599534268663,0.0681818181818182,0.301898757980441,0.563109072616381,0.512,0.717123118954507,0,11,15,"BN_1","3,12"
"292",521,52,0.0551467946461489,0.48486658587268,0.237805295709524,0.0794384491151319,0.186046511627907,0.431614602079422,0.637362840950031,0.500788723794016,0.934255129216068,1,12,15,"BN_1","3,12"
"293",531,53,0,0.60573571548665,0.0729664230867306,0.1023441285684,0.0227272727272727,0.285934939798241,0.629413704251259,0.397542234887034,0.719182218487405,0,13,15,"BN_1","3,12"
"294",541,54,0,0.616050234606325,0.104184033502921,0.117347232217195,0.0952380952380952,0.134032227437932,0.685643881050985,0.371307373046875,0.457236055751879,0,14,15,"BN_1","3,12"
"295",551,55,0,0.500821923274665,0.191227748289012,0.10976205134847,0.119047619047619,0.356605418018535,0.561622302638435,0.310865697693934,0.657664788379514,0,15,15,"BN_1","3,12"
"296",561,56,0,0.62116329730564,0.39463886431999,0.134766923599985,0.0714285714285714,0.221931900346914,0.623807568796025,0.434788657929154,0.560969837920416,0,16,15,"BN_1","3,12"
"297",571,57,0.0670364640173224,0.684573309982264,0.223578842635673,0.143919361077687,0.0526315789473684,0.265876143203007,0.657050048934145,0.379720365738653,0.592889484702189,0,17,15,"BN_1","3,12"
"298",581,58,0.124838150727497,0.670274452951271,0.141408657510473,0.139698157132884,0.0952380952380952,0.111814504887308,0.618160158819155,0.568839650145773,0.336090444278853,0,18,15,"BN_1","3,12"
"299",591,59,0.126314516641485,0.706947035812677,0.323008568991211,0.11484417682558,0.075,0.235998916761648,0.709654152034864,0.408411936490887,0.562481003049091,0,19,15,"BN_1","3,12"
"300",601,60,0,0.759649608422391,0.154607651823127,0.133691884896499,0.0465116279069767,0.171632206886767,0.627602460450391,0.324951171875,0.735642654364725,0,20,15,"BN_1","3,12"
"301",611,61,0,0.781907411461576,0.0444444444444444,0.124702680900346,0.0909090909090909,0.249026690248507,0.635659063209141,0.397542234887034,0.518707544719126,0,1,16,"BN_3","2,6"
"302",621,62,0.334972021425139,0.635787168344379,0.835762841372876,0.0786262573881402,0.025,0.101719095167774,0.532090133443825,0.281233342900488,0.421775086734373,1,2,16,"BN_3","2,6"
"303",631,63,0,0.710203242144835,0.0648598891039704,0.131685595974016,0.0697674418604651,0.300577030259858,0.652453746785104,0.26853747776174,0.599093269138597,0,3,16,"BN_3","2,6"
"304",641,64,0,0.622170388536189,0.416656446800154,0.138933817144225,0.0454545454545455,0.274945045893731,0.575947672219366,0.371307373046875,0.543625724987419,0,4,16,"BN_3","2,6"
"305",651,65,0.0673247717584503,0.790465888410096,0.295703611666927,0.163741489292202,0.0952380952380952,0.129253840702389,0.686460617652374,0.434788657929154,0.407586648487107,0,5,16,"BN_3","2,6"
"306",661,66,0.0571809868875296,0.485645428890349,0.129760739811834,0.0895221965675994,0.0697674418604651,0.423804228722062,0.571959434514848,0.371307373046875,0.833016993405325,1,6,16,"BN_3","2,6"
"307",671,67,0,0.672443105072888,0.178981303646612,0.121991780041749,0.0909090909090909,0.150749182887829,0.624561997836588,0.338564710465537,0.42720565339444,0,7,16,"BN_3","2,6"
"308",681,68,0,0.698809096429549,0.448964216605352,0.142906222796154,0,0.213600979103678,0.707755441875059,0.324951171875,0.712018416292077,0,8,16,"BN_3","2,6"
"309",691,69,0,0.700039738521967,0.249628164699091,0.139890368105773,0.0465116279069767,0.216993590112966,0.588280177300196,0.500788723794016,0.615828056129725,0,9,16,"BN_3","2,6"
"310",701,70,0.0696252428477206,0.532100038305941,0.119085807428382,0.104370941734384,0.142857142857143,0.260714203661565,0.656035219500611,0.568839650145773,0.289976226215214,0,10,16,"BN_3","2,6"
"311",711,71,0,0.717526319426838,0.0869466324108553,0.166767611064069,0.0714285714285714,0.120037235517702,0.723082183556065,0.434788657929154,0.345023199891727,0,11,16,"BN_3","2,6"
"312",721,72,0.0696450478758338,0.671718153059402,0.224522869962695,0.139105623249203,0.0476190476190476,0.331181569221451,0.607192963489017,0.296296296296296,0.573300391538774,0,12,16,"BN_3","2,6"
"313",731,73,0,0.649024455797303,0.0685340470244763,0.159767006845577,0.0909090909090909,0.210865092809774,0.695037430970079,0.459078717201166,0.267969077679507,0,13,16,"BN_3","2,6"
"314",741,74,0,0.668953979767146,0.25093433968471,0.130699457242212,0.0697674418604651,0.161282790665488,0.657922664593441,0.434788657929154,0.359376235781044,0,14,16,"BN_3","2,6"
"315",751,75,0,0.452630752116329,0.157102041481057,0.123257827638256,0.0681818181818182,0.280783768101687,0.649231189319051,0.459078717201166,0.479197305363082,0,15,16,"BN_3","2,6"
"316",761,76,0.0853569097187166,0.619787957867038,0.0652642248322211,0.106630141266456,0.0465116279069767,0.232243688132162,0.65179329627733,0.26853747776174,0.420243696119277,0,16,16,"BN_3","2,6"
"317",771,77,0,0.69219203131219,0.108048991023342,0.148127768481194,0.113636363636364,0.369375059361139,0.582940708201142,0.282623291015625,0.6581701474598,0,17,16,"BN_3","2,6"
"318",781,78,0.116895280265025,0.672520665530109,0.273585276610265,0.138718760283747,0.0476190476190476,0.217219954233025,0.619686639851265,0.310865697693934,0.4177092083627,0,18,16,"BN_3","2,6"
"319",791,79,0,0.590660819231737,0.101225842192126,0.140716712444432,0,0.272919184200317,0.690048797349816,0.324951171875,0.564687961799629,0,19,16,"BN_3","2,6"
"320",801,80,0.126403090280708,0.700698520115434,0.0922757502651758,0.121991780041749,0.166666666666667,0.370237410207772,0.562671026922837,0.48907810891282,0.823210890906491,0,20,16,"BN_3","2,6"
"321",1011,101,0,0.447595683773709,0.147529171169557,0.122784589609086,0.0454545454545455,0.296639196685564,0.655602871489982,0.338564710465537,0.567016136189227,0,1,17,"AN_1","14,17"
"322",1021,102,0,0.630972394685607,0.0444444444444444,0.128766358005205,0.0454545454545455,0.357157741348604,0.642795278766127,0.282623291015625,0.447270193745661,0,2,17,"AN_1","14,17"
"323",1031,103,0,0.540703998190797,0.155116915746011,0.143333862892391,0.13953488372093,0.209010863086869,0.608540867402541,0.500788723794016,0.378198346189582,0,3,17,"AN_1","14,17"
"324",1041,104,0,0.637106152468178,0.0863046001355955,0.136155439016286,0.0681818181818182,0.202176281570396,0.696700937197923,0.338564710465537,0.3815307674915,0,4,17,"AN_1","14,17"
"325",1051,105,0,0.710984983341187,0.0451131751937942,0.135587794142408,0.159090909090909,0.308180792876933,0.554411272133734,0.324951171875,0.672163423957848,0,5,17,"AN_1","14,17"
"326",1061,106,0,0.568428878895334,0.136771858580017,0.14343450286663,0.0465116279069767,0.425404684483879,0.517967496556321,0.384673178061608,0.566247874125919,0,6,17,"AN_1","14,17"
"327",1071,107,0,0.790713308619628,0.267065722167959,0.155537612055338,0.0465116279069767,0.131667036481064,0.693807374580378,0.512,0.485680291686293,0,7,17,"AN_1","14,17"
"328",1081,108,0.457331399692148,0.673683207874217,0.15346363252263,0.105220870403537,0.105263157894737,0.333571549660711,0.537776925127027,0.379720365738653,0.647825811741927,0,8,17,"AN_1","14,17"
"329",1091,109,0,0.670018490571234,0.0742095044564702,0.129893664656635,0.0681818181818182,0.36192375253069,0.654948898771474,0.447180948503969,0.672990114582468,0,9,17,"AN_1","14,17"
"330",1101,110,0.0614504867438592,0.61673416196715,0.182378054778899,0.126186202737884,0.024390243902439,0.2382258100793,0.594912933515953,0.296296296296296,0.508431239082775,0,10,17,"AN_1","14,17"
"331",1111,111,0,0.534139528983066,0.0909470976622377,0.136411020500265,0.136363636363636,0.273692038274204,0.682228960782867,0.459078717201166,0.441571803384192,0,11,17,"AN_1","14,17"
"332",1121,112,0,0.623048054539558,0.0444444444444444,0.130547082422417,0.0681818181818182,0.327366307825996,0.660535719943579,0.230237319995972,0.521281978400715,0,12,17,"AN_1","14,17"
"333",1131,113,0.177498292387133,0.533374423219563,0.137205933227211,0.110304714765212,0.0476190476190476,0.251672186384002,0.669895572505165,0.254037037037037,0.496280267123741,0,13,17,"AN_1","14,17"
"334",1141,114,0,0.551509385150207,0.537132569740819,0.0629746906895961,0.0454545454545455,0.092517015607783,0.544069460233643,0.371307373046875,0.0745077158506438,1,14,17,"AN_1","14,17"
"335",1151,115,0.0813570234513626,0.704678111366544,0.245179189094396,0.140391011656876,0.0476190476190476,0.219302611867889,0.686830866692441,0.201443273606954,0.324991503088574,0,15,17,"AN_1","14,17"
"336",1161,116,0.0571646639209795,0.641043145189804,0.311756015535097,0.146305950513404,0.0238095238095238,0.221592711848868,0.631669893701023,0.558518216975371,0.464482875021405,0,16,17,"AN_1","14,17"
"337",1171,117,0,0.495582474667554,0.136551172911357,0.103797260538569,0.0909090909090909,0.507534104375417,0.581708170166218,0.522740912208505,0.872895401447877,1,17,17,"AN_1","14,17"
"338",1181,118,0.0907107112892817,0.752972118038846,0.0454545454545455,0.147407144450869,0.024390243902439,0.308366743807272,0.628599471400411,0.421875,0.511914716745279,0,18,17,"AN_1","14,17"
"339",1191,119,0,0.729330818832664,0.131804697944175,0.134955096696897,0.0232558139534884,0.309589559958644,0.65804915842499,0.384673178061608,0.48453352332489,0,19,17,"AN_1","14,17"
"340",1201,120,0.123090069320222,0.739126847983101,0.449170817622059,0.125625003527459,0.0232558139534884,0.171738523898227,0.669207965147987,0.512,0.449693958348171,0,20,17,"AN_1","14,17"
"341",2611,261,0.0479488585124005,0.625515004857871,0.306443958090365,0.129686638230334,0.0232558139534884,0.328887578547745,0.598682991095359,0.216,0.455675657214658,0,1,18,"AN_3","6,14"
"342",2621,262,0,0.52048183094931,0.0444444444444444,0.137196670672807,0.0681818181818182,0.254493242157514,0.635090649453709,0.459078717201166,0.500186070769039,0,2,18,"AN_3","6,14"
"343",2631,263,0,0.625230716110193,0.0703778341330473,0.146821998536882,0.0681818181818182,0.183059423941587,0.681975595400496,0.397542234887034,0.40841105099003,0,3,18,"AN_3","6,14"
"344",2641,264,0,0.676405704348409,0.259833781348072,0.156758108451495,0.116279069767442,0.258189991452062,0.648245747975228,0.26853747776174,0.531930460554112,0,4,18,"AN_3","6,14"
"345",2651,265,0,0.652006761586817,0.184758187722704,0.155809304847253,0.0681818181818182,0.172719344808168,0.684856189079492,0.459078717201166,0.398753252570869,0,5,18,"AN_3","6,14"
"346",2661,266,0,0.697790787841586,0.357088948657397,0.128534290608846,0.113636363636364,0.278770150884057,0.520744574088148,0.384673178061608,0.064973245298203,1,6,18,"AN_3","6,14"
"347",2671,267,0.0517904554170124,0.487085820504163,0.0454545454545455,0.114857174374635,0.0930232558139535,0.532393871692317,0.481527130607689,0.324951171875,0.670563702420073,0,7,18,"AN_3","6,14"
"348",2681,268,0.1029491874894,0.640946699797799,0.199983086883268,0.125371247422319,0.119047619047619,0.329159249234803,0.536217716202264,0.434788657929154,0.567953223477791,0,8,18,"AN_3","6,14"
"349",2691,269,0,0.5982641322923,0.0871740672844244,0.14813112765411,0.0681818181818182,0.205376198899761,0.591264133787015,0.397542234887034,0.133591129333282,0,9,18,"AN_3","6,14"
"350",2701,270,0,0.650804754329292,0.0659945838292001,0.154947845256463,0.0465116279069767,0.241038345493127,0.690866967700886,0.310865697693934,0.126561170070491,0,10,18,"AN_3","6,14"
"351",2711,271,0,0.534301149021892,0.0739671446069382,0.125759603197994,0.0681818181818182,0.329100344956446,0.614700851917534,0.338564710465537,0.36140393624428,0,11,18,"AN_3","6,14"
"352",2721,272,0.129303375927616,0.66890238548365,0.107076764188434,0.130299093293467,0.024390243902439,0.238755973335184,0.543769203258053,0.476837158203125,0.459049087000149,0,12,18,"AN_3","6,14"
"353",2731,273,0,0.661669872192423,0.234859751249989,0.129801693676501,0.119047619047619,0.30438660264222,0.644241368979651,0.296296296296296,0.572788301884322,0,13,18,"AN_3","6,14"
"354",2741,274,0,0.520913489524593,0.0511243762815056,0.110155748824343,0.113636363636364,0.481724007657934,0.569379482990894,0.338564710465537,0.864126828976832,1,14,18,"AN_3","6,14"
"355",2751,275,0,0.643946657849864,0.100099264686716,0.145757354507951,0.0232558139534884,0.350792148181793,0.587497281371828,0.384673178061608,0.518746992947849,0,15,18,"AN_3","6,14"
"356",2761,276,0,0.594358166837242,0.0612171389186524,0.145897254848815,0,0.19073702046895,0.671710276973216,0.338564710465537,0.391392656020282,0,16,18,"AN_3","6,14"
"357",2771,277,0,0.524505446219933,0.0602610100989152,0.137029733781171,0.0232558139534884,0.22873212267448,0.625126990974147,0.324951171875,0.415208444781507,0,17,18,"AN_3","6,14"
"358",2781,278,0,0.670239719995758,0.0591999421234149,0.151163618547845,0.0681818181818182,0.234516033360874,0.640035896423726,0.338564710465537,0.571575309645908,0,18,18,"AN_3","6,14"
"359",2791,279,0.0531172783130192,0.511972035325819,0.125501879775731,0.117160508599069,0,0.262121193474898,0.666319798673448,0.254037037037037,0.458113609079661,0,19,18,"AN_3","6,14"
"360",2801,280,0.134285688884433,0.732003448925608,0.297746985558831,0.140018362166295,0.102564102564103,0.288600159717864,0.596995543259017,0.45062962962963,0.708263068330551,0,20,18,"AN_3","6,14"
